,COMEX:黄金:投机性净多头持仓:当周值,COMEX:黄金:投机性净多头持仓占比:当周值,COMEX:1号铜:非商业空头持仓:持仓数量,COMEX:1号铜:非商业多头持仓:持仓数量,COMEX:黄金:非商业多头持仓:持仓数量,COMEX:黄金:非商业空头持仓:持仓数量,COMEX:黄金:非商业空头持仓:持仓数量占比,COMEX:黄金:非商业多头持仓:持仓数量占比
2013-01-06,148519.0,34.7,,,,,,
2013-01-08,,,34638.0,47014.0,193869.0,51061.0,11.6,43.9
2013-01-13,142808.0,32.36,,,,,,
2013-01-15,,,36148.0,48130.0,192955.0,47839.0,10.7,43.1
2013-01-20,145116.0,32.41,,,,,,
2013-01-22,,,38699.0,48234.0,195795.0,43898.0,9.5,42.4
2013-01-27,151897.0,32.92,,,,,,
2013-01-29,,,41305.0,50672.0,181103.0,54155.0,12.6,42.0
2013-02-03,126948.0,29.47,,,,,,
2013-02-05,,,45697.0,61901.0,192806.0,55341.0,13.1,45.5
2013-02-10,137465.0,32.42,,,,,,
2013-02-12,,,44242.0,60104.0,193941.0,67106.0,15.4,44.6
2013-02-17,126835.0,29.15,,,,,,
2013-02-19,,,49258.0,58575.0,195870.0,92219.0,20.6,43.8
2013-02-24,103651.0,23.17,,,,,,
2013-02-26,,,47519.0,46791.0,201956.0,85357.0,19.7,46.5
2013-03-03,116599.0,26.87,,,,,,
2013-03-05,,,54915.0,49328.0,195248.0,87661.0,20.2,44.9
2013-03-10,107587.0,24.76,,,,,,
2013-03-12,,,54295.0,48151.0,201617.0,87110.0,19.5,45.2
2013-03-17,114507.0,25.69,,,,,,
2013-03-19,,,64206.0,48036.0,208895.0,73285.0,16.6,47.4
2013-03-24,135610.0,30.77,,,,,,
2013-03-26,,,70143.0,49956.0,200389.0,67943.0,16.2,47.7
2013-03-31,132446.0,31.56,,,,,,
2013-04-02,,,75877.0,48872.0,202634.0,82428.0,19.8,48.6
2013-04-07,120206.0,28.81,,,,,,
2013-04-09,,,75552.0,47713.0,203812.0,84453.0,20.3,48.9
2013-04-14,119359.0,28.66,,,,,,
2013-04-16,,,68981.0,44854.0,204677.0,75795.0,18.3,49.5
2013-04-21,128882.0,31.2,,,,,,
2013-04-23,,,64755.0,43366.0,197188.0,92933.0,22.4,47.5
2013-04-28,104255.0,25.12,,,,,,
2013-04-30,,,67243.0,43244.0,193310.0,96258.0,22.9,45.9
2013-05-05,97052.0,23.05,,,,,,
2013-05-07,,,61802.0,42612.0,189343.0,99920.0,22.8,43.2
2013-05-12,89423.0,20.42,,,,,,
2013-05-14,,,57425.0,39970.0,186921.0,103195.0,23.3,42.1
2013-05-19,83726.0,18.87,,,,,,
2013-05-21,,,53067.0,39525.0,189401.0,109142.0,24.5,42.5
2013-05-26,80259.0,17.99,,,,,,
2013-05-28,,,52325.0,38759.0,172565.0,115686.0,28.1,42.0
2013-06-02,56879.0,13.84,,,,,,
2013-06-04,,,51433.0,41488.0,170971.0,109771.0,29.4,45.8
2013-06-09,61200.0,16.4,,,,,,
2013-06-11,,,58921.0,40874.0,174015.0,115010.0,30.8,46.5
2013-06-16,59005.0,15.78,,,,,,
2013-06-18,,,74277.0,47838.0,166771.0,123079.0,32.6,44.2
2013-06-23,43692.0,11.59,,,,,,
2013-06-25,,,78588.0,46899.0,164901.0,130749.0,33.5,42.2
2013-06-30,34152.0,8.74,,,,,,
2013-07-02,,,73439.0,44898.0,158712.0,137961.0,33.6,38.7
2013-07-07,20751.0,5.06,,,,,,
2013-07-09,,,72307.0,44259.0,160214.0,143657.0,33.3,37.1
2013-07-14,16557.0,3.84,,,,,,
2013-07-16,,,61783.0,39403.0,156571.0,133109.0,30.2,35.6
2013-07-21,23462.0,5.33,,,,,,
2013-07-23,,,61746.0,38642.0,161197.0,127006.0,29.2,37.1
2013-07-28,34191.0,7.86,,,,,,
2013-07-30,,,70427.0,39333.0,154519.0,126153.0,31.8,38.9
2013-08-04,28366.0,7.14,,,,,,
2013-08-06,,,59435.0,37858.0,153812.0,102177.0,25.8,38.8
2013-08-11,51635.0,13.04,,,,,,
2013-08-13,,,45587.0,38753.0,148524.0,94598.0,24.2,38.0
2013-08-18,53926.0,13.81,,,,,,
2013-08-20,,,44535.0,44415.0,151348.0,90952.0,23.6,39.3
2013-08-25,60396.0,15.67,,,,,,
2013-08-27,,,43565.0,42772.0,150074.0,71785.0,18.7,39.1
2013-09-01,78289.0,20.38,,,,,,
2013-09-03,,,45303.0,40851.0,151951.0,73760.0,19.0,39.1
2013-09-08,78191.0,20.12,,,,,,
2013-09-10,,,46447.0,37874.0,141506.0,72782.0,18.9,36.8
2013-09-15,68724.0,17.89,,,,,,
2013-09-17,,,50892.0,35639.0,138956.0,80160.0,20.8,36.1
2013-09-22,58796.0,15.29,,,,,,
2013-09-24,,,43898.0,36648.0,140468.0,73329.0,19.4,37.1
2013-09-29,67139.0,17.75,,,,,,
2013-10-01,,,40366.0,39032.0,141541.0,68494.0,18.3,37.8
2013-10-06,73047.0,19.52,,,,,,
2013-10-08,,,41764.0,37880.0,140207.0,57890.0,15.6,37.9
2013-10-13,82317.0,22.22,,,,,,
2013-10-15,,,45400.0,37672.0,139663.0,77730.0,20.4,36.6
2013-10-20,61933.0,16.22,,,,,,
2013-10-22,,,41054.0,44669.0,147835.0,71170.0,18.2,37.9
2013-10-27,76665.0,19.64,,,,,,
2013-10-29,,,48325.0,38310.0,153409.0,53173.0,13.7,39.6
2013-11-03,100236.0,25.89,,,,,,
2013-11-05,,,46538.0,36754.0,149031.0,57895.0,15.0,38.5
2013-11-10,91136.0,23.56,,,,,,
2013-11-12,,,58934.0,39966.0,144062.0,82710.0,20.5,35.7
2013-11-17,61352.0,15.19,,,,,,
2013-11-19,,,74311.0,40413.0,140853.0,92733.0,23.3,35.4
2013-11-24,48120.0,12.1,,,,,,
2013-11-26,,,71260.0,41232.0,133414.0,106859.0,27.1,33.8
2013-12-01,26555.0,6.73,,,,,,
2013-12-03,,,70380.0,43029.0,134546.0,111855.0,28.9,34.8
2013-12-08,22691.0,5.87,,,,,,
2013-12-10,,,57508.0,44375.0,133866.0,107486.0,28.5,35.5
2013-12-15,26380.0,6.99,,,,,,
2013-12-17,,,52630.0,55009.0,133068.0,107164.0,27.8,34.5
2013-12-22,25904.0,6.72,,,,,,
2013-12-24,,,56208.0,60943.0,135390.0,108051.0,28.1,35.2
2013-12-29,27339.0,7.1,,,,,,
2013-12-31,,,55653.0,66016.0,137182.0,104959.0,27.7,36.1
2014-01-05,32223.0,8.49,,,,,,
2014-01-07,,,55118.0,67546.0,139244.0,100357.0,26.2,36.4
2014-01-12,38887.0,10.15,,,,,,
2014-01-14,,,52306.0,59343.0,145857.0,101844.0,24.5,35.1
2014-01-19,44013.0,10.59,,,,,,
2014-01-21,,,51418.0,61131.0,146018.0,99435.0,24.2,35.5
2014-01-26,46583.0,11.34,,,,,,
2014-01-28,,,51836.0,51840.0,150158.0,83817.0,21.9,39.2
2014-02-02,66341.0,17.33,,,,,,
2014-02-04,,,59136.0,45717.0,147754.0,82815.0,22.5,40.1
2014-02-09,64939.0,17.63,,,,,,
2014-02-11,,,64957.0,46907.0,156786.0,85585.0,22.7,41.6
2014-02-16,71201.0,18.89,,,,,,
2014-02-18,,,59186.0,45352.0,164478.0,79847.0,20.4,42.1
2014-02-23,84631.0,21.67,,,,,,
2014-02-25,,,53111.0,45032.0,169870.0,60406.0,15.6,43.8
2014-03-02,109464.0,28.25,,,,,,
2014-03-04,,,58950.0,45709.0,171404.0,56238.0,14.3,43.6
2014-03-09,115166.0,29.28,,,,,,
2014-03-11,,,69234.0,47674.0,170482.0,51592.0,12.4,41.0
2014-03-16,118890.0,28.62,,,,,,
2014-03-18,,,77353.0,49027.0,183324.0,46510.0,11.1,43.6
2014-03-23,136814.0,32.53,,,,,,
2014-03-25,,,78333.0,45358.0,169083.0,51766.0,13.0,42.5
2014-03-30,117317.0,29.46,,,,,,
2014-04-01,,,71228.0,45433.0,158152.0,58007.0,16.0,43.5
2014-04-06,100145.0,27.55,,,,,,
2014-04-08,,,63996.0,45495.0,149693.0,61094.0,16.7,41.0
2014-04-13,88599.0,24.25,,,,,,
2014-04-15,,,64895.0,43429.0,147432.0,68140.0,18.4,39.9
2014-04-20,79292.0,21.45,,,,,,
2014-04-22,,,60842.0,40925.0,146880.0,65047.0,17.5,39.4
2014-04-27,81833.0,21.96,,,,,,
2014-04-29,,,56203.0,42322.0,147769.0,62542.0,16.5,39.1
2014-05-04,85227.0,22.54,,,,,,
2014-05-06,,,58351.0,40898.0,160982.0,63026.0,15.6,39.8
2014-05-11,97956.0,24.2,,,,,,
2014-05-13,,,58971.0,48908.0,157176.0,65542.0,16.5,39.6
2014-05-18,91634.0,23.08,,,,,,
2014-05-20,,,56564.0,50971.0,157398.0,60907.0,15.3,39.4
2014-05-25,96491.0,24.16,,,,,,
2014-05-27,,,56390.0,52012.0,155615.0,82224.0,20.7,39.1
2014-06-01,73391.0,18.45,,,,,,
2014-06-03,,,57075.0,47335.0,157332.0,98181.0,25.7,41.2
2014-06-08,59151.0,15.48,,,,,,
2014-06-10,,,55418.0,40089.0,159567.0,98440.0,26.0,42.1
2014-06-15,61127.0,16.14,,,,,,
2014-06-17,,,56201.0,38162.0,162052.0,83757.0,22.1,42.7
2014-06-22,78295.0,20.61,,,,,,
2014-06-24,,,49814.0,41981.0,183433.0,62574.0,15.9,46.7
2014-06-29,120859.0,30.8,,,,,,
2014-07-01,,,54129.0,52365.0,201287.0,55262.0,13.8,50.1
2014-07-06,146025.0,36.34,,,,,,
2014-07-08,,,58447.0,65579.0,203464.0,53443.0,13.0,49.5
2014-07-13,150021.0,36.5,,,,,,
2014-07-15,,,61906.0,76533.0,199950.0,57492.0,14.1,49.0
2014-07-20,142458.0,34.88,,,,,,
2014-07-22,,,61289.0,70091.0,197835.0,51689.0,12.7,48.8
2014-07-27,146146.0,36.03,,,,,,
2014-07-29,,,59519.0,63838.0,188980.0,49827.0,13.3,50.5
2014-08-03,139153.0,37.16,,,,,,
2014-08-05,,,54601.0,62107.0,176386.0,54923.0,15.2,48.9
2014-08-10,121463.0,33.71,,,,,,
2014-08-12,,,48601.0,47168.0,191325.0,43644.0,11.9,52.0
2014-08-17,147681.0,40.12,,,,,,
2014-08-19,,,50174.0,44060.0,183846.0,45870.0,12.5,50.2
2014-08-24,137976.0,37.66,,,,,,
2014-08-26,,,46126.0,46253.0,172022.0,58853.0,16.2,47.3
2014-08-31,113169.0,31.12,,,,,,
2014-09-02,,,46865.0,43075.0,172522.0,75643.0,20.4,46.4
2014-09-07,96879.0,26.08,,,,,,
2014-09-09,,,57920.0,48401.0,177555.0,82414.0,21.4,46.2
2014-09-14,95141.0,24.75,,,,,,
2014-09-16,,,62031.0,48575.0,170749.0,98562.0,25.5,44.2
2014-09-21,72187.0,18.7,,,,,,
2014-09-23,,,70968.0,51273.0,170382.0,106498.0,27.6,44.2
2014-09-28,63884.0,16.56,,,,,,
2014-09-30,,,75466.0,52035.0,171075.0,106205.0,28.0,45.0
2014-10-05,64870.0,17.08,,,,,,
2014-10-07,,,79479.0,54483.0,174075.0,107628.0,28.3,45.8
2014-10-12,66447.0,17.48,,,,,,
2014-10-14,,,78838.0,54973.0,193580.0,108165.0,27.2,48.7
2014-10-19,85415.0,21.47,,,,,,
2014-10-21,,,82309.0,54569.0,207129.0,99145.0,24.1,50.4
2014-10-26,107984.0,26.27,,,,,,
2014-10-28,,,75749.0,54392.0,195885.0,95146.0,23.0,47.3
2014-11-02,100739.0,24.31,,,,,,
2014-11-04,,,73355.0,47492.0,176899.0,113674.0,27.2,42.4
2014-11-09,63225.0,15.15,,,,,,
2014-11-11,,,73757.0,48196.0,177268.0,121225.0,27.3,40.0
2014-11-16,56043.0,12.64,,,,,,
2014-11-18,,,77573.0,52968.0,187955.0,106533.0,23.2,40.9
2014-11-23,81422.0,17.71,,,,,,
2014-11-25,,,83669.0,55391.0,167394.0,91187.0,23.5,43.1
2014-11-30,76207.0,19.63,,,,,,
2014-12-02,,,84928.0,50746.0,170635.0,81305.0,22.1,46.4
2014-12-07,89330.0,24.27,,,,,,
2014-12-09,,,80129.0,47171.0,186861.0,71999.0,19.2,49.8
2014-12-14,114862.0,30.6,,,,,,
2014-12-16,,,76837.0,47122.0,182147.0,63739.0,17.1,49.0
2014-12-21,118408.0,31.85,,,,,,
2014-12-23,,,75702.0,43503.0,180980.0,70070.0,18.7,48.2
2014-12-28,110910.0,29.56,,,,,,
2014-12-30,,,79591.0,44538.0,182897.0,67060.0,17.9,48.9
2015-01-04,115837.0,30.97,,,,,,
2015-01-06,,,87193.0,45928.0,187705.0,65527.0,16.6,47.6
2015-01-11,122178.0,31.01,,,,,,
2015-01-13,,,89221.0,53398.0,192959.0,62733.0,15.6,48.0
2015-01-18,130226.0,32.39,,,,,,
2015-01-20,,,83113.0,46328.0,223257.0,60802.0,14.1,51.9
2015-01-25,162455.0,37.77,,,,,,
2015-01-27,,,87272.0,46610.0,238407.0,49482.0,11.3,54.4
2015-02-01,188925.0,43.11,,,,,,
2015-02-03,,,87221.0,46923.0,229006.0,43991.0,10.5,54.6
2015-02-08,185015.0,44.1,,,,,,
2015-02-10,,,87427.0,45443.0,199036.0,43762.0,11.1,50.6
2015-02-15,155274.0,39.49,,,,,,
2015-02-17,,,82691.0,44526.0,188121.0,56387.0,14.5,48.3
2015-02-22,131734.0,33.82,,,,,,
2015-02-24,,,80639.0,50336.0,184416.0,58245.0,14.6,46.2
2015-03-01,126171.0,31.6,,,,,,
2015-03-03,,,73854.0,51043.0,180561.0,64741.0,16.0,44.6
2015-03-08,115820.0,28.59,,,,,,
2015-03-10,,,74837.0,53309.0,171821.0,89929.0,21.9,41.8
2015-03-15,81892.0,19.93,,,,,,
2015-03-17,,,72795.0,55248.0,162268.0,109175.0,25.4,37.8
2015-03-22,53093.0,12.35,,,,,,
2015-03-24,,,67317.0,58237.0,168234.0,113953.0,26.3,38.8
2015-03-29,54281.0,12.51,,,,,,
2015-03-31,,,64432.0,60278.0,172818.0,92799.0,23.9,44.6
2015-04-05,80019.0,20.65,,,,,,
2015-04-07,,,63761.0,58765.0,183130.0,82373.0,21.1,46.9
2015-04-12,100757.0,25.8,,,,,,
2015-04-14,,,61923.0,54693.0,184741.0,86344.0,21.9,46.8
2015-04-19,98397.0,24.91,,,,,,
2015-04-21,,,62802.0,50483.0,184567.0,83322.0,21.0,46.4
2015-04-26,101245.0,25.48,,,,,,
2015-04-28,,,66588.0,50505.0,189929.0,88672.0,22.0,47.1
2015-05-03,101257.0,25.09,,,,,,
2015-05-05,,,63982.0,63530.0,173105.0,100665.0,25.2,43.3
2015-05-10,72440.0,18.11,,,,,,
2015-05-12,,,65206.0,73722.0,179257.0,101817.0,25.1,44.2
2015-05-17,77440.0,19.09,,,,,,
2015-05-19,,,64257.0,73598.0,202190.0,79569.0,18.6,47.2
2015-05-24,122621.0,28.61,,,,,,
2015-05-26,,,63275.0,64899.0,191951.0,87257.0,21.2,46.6
2015-05-31,104694.0,25.41,,,,,,
2015-06-02,,,59453.0,50709.0,194299.0,89889.0,22.5,48.7
2015-06-07,104410.0,26.19,,,,,,
2015-06-09,,,64059.0,50677.0,186813.0,111723.0,27.5,46.0
2015-06-14,75090.0,18.49,,,,,,
2015-06-16,,,70047.0,53535.0,191053.0,115330.0,27.7,46.0
2015-06-21,75723.0,18.21,,,,,,
2015-06-23,,,77732.0,54093.0,202944.0,107830.0,25.0,47.1
2015-06-28,95114.0,22.07,,,,,,
2015-06-30,,,81525.0,59718.0,194476.0,127321.0,28.8,44.0
2015-07-05,67155.0,15.18,,,,,,
2015-07-07,,,81068.0,55639.0,193776.0,143328.0,31.7,42.9
2015-07-12,50448.0,11.16,,,,,,
2015-07-14,,,73822.0,53064.0,191014.0,143190.0,30.9,41.3
2015-07-19,47824.0,10.34,,,,,,
2015-07-21,,,79086.0,56919.0,187720.0,159441.0,34.7,40.8
2015-07-26,28279.0,6.15,,,,,,
2015-07-28,,,80152.0,55698.0,182977.0,158512.0,36.2,41.7
2015-08-02,24465.0,5.58,,,,,,
2015-08-04,,,92908.0,60578.0,184792.0,154892.0,35.7,42.6
2015-08-09,29900.0,6.89,,,,,,
2015-08-11,,,94067.0,60308.0,187778.0,155336.0,35.7,43.1
2015-08-16,32442.0,7.45,,,,,,
2015-08-18,,,89793.0,60821.0,185712.0,144053.0,33.3,42.9
2015-08-23,41659.0,9.63,,,,,,
2015-08-25,,,83656.0,60331.0,189893.0,119160.0,27.6,43.9
2015-08-30,70733.0,16.37,,,,,,
2015-09-01,,,81421.0,61031.0,182753.0,110068.0,26.8,44.5
2015-09-06,72685.0,17.72,,,,,,
2015-09-08,,,73958.0,60691.0,183615.0,124322.0,29.5,43.5
2015-09-13,59293.0,14.06,,,,,,
2015-09-15,,,63571.0,59530.0,174225.0,134678.0,32.6,42.2
2015-09-20,39547.0,9.57,,,,,,
2015-09-22,,,65632.0,52382.0,182080.0,120955.0,28.8,43.4
2015-09-27,61125.0,14.58,,,,,,
2015-09-29,,,69425.0,52419.0,182792.0,106147.0,25.5,44.0
2015-10-04,76645.0,18.44,,,,,,
2015-10-06,,,66165.0,54617.0,191000.0,104181.0,24.2,44.4
2015-10-11,86819.0,20.18,,,,,,
2015-10-13,,,60432.0,54291.0,203299.0,86140.0,19.8,46.6
2015-10-18,117159.0,26.88,,,,,,
2015-10-20,,,61154.0,56571.0,233227.0,81926.0,17.5,49.9
2015-10-25,151301.0,32.34,,,,,,
2015-10-27,,,59021.0,58172.0,225985.0,68551.0,14.7,48.4
2015-11-01,157434.0,33.73,,,,,,
2015-11-03,,,67071.0,55293.0,194784.0,78442.0,17.7,43.9
2015-11-08,116342.0,26.21,,,,,,
2015-11-10,,,80242.0,52814.0,174561.0,106172.0,24.3,40.0
2015-11-15,68389.0,15.67,,,,,,
2015-11-17,,,90817.0,61534.0,173395.0,138996.0,31.9,39.8
2015-11-22,34399.0,7.9,,,,,,
2015-11-24,,,98293.0,64527.0,159440.0,143138.0,36.0,40.1
2015-11-29,16302.0,4.1,,,,,,
2015-12-01,,,100408.0,66155.0,158792.0,149042.0,38.1,40.6
2015-12-06,9750.0,2.49,,,,,,
2015-12-08,,,100004.0,65812.0,162764.0,143141.0,36.3,41.3
2015-12-13,19623.0,4.98,,,,,,
2015-12-15,,,100662.0,68029.0,155934.0,142278.0,36.4,39.9
2015-12-20,13656.0,3.49,,,,,,
2015-12-22,,,93463.0,63124.0,154276.0,127849.0,31.5,38.1
2015-12-27,26427.0,6.52,,,,,,
2015-12-29,,,90061.0,59955.0,150229.0,131127.0,32.6,37.4
2016-01-03,19102.0,4.75,,,,,,
2016-01-05,,,94871.0,63058.0,153532.0,126972.0,30.7,37.1
2016-01-10,26560.0,6.42,,,,,,
2016-01-12,,,110687.0,68662.0,158655.0,113937.0,28.7,39.9
2016-01-17,44718.0,11.25,,,,,,
2016-01-19,,,112117.0,68711.0,158320.0,114626.0,28.0,38.7
2016-01-24,43694.0,10.69,,,,,,
2016-01-26,,,101795.0,64968.0,170471.0,111431.0,28.9,44.2
2016-01-31,59040.0,15.32,,,,,,
2016-02-02,,,99073.0,63562.0,176968.0,104146.0,27.5,46.7
2016-02-07,72822.0,19.2,,,,,,
2016-02-09,,,90280.0,63452.0,201754.0,103326.0,25.2,49.1
2016-02-14,98428.0,23.96,,,,,,
2016-02-16,,,87379.0,60041.0,209101.0,91741.0,21.4,48.8
2016-02-21,117360.0,27.36,,,,,,
2016-02-23,,,80901.0,57954.0,227381.0,82403.0,18.5,51.1
2016-02-28,144978.0,32.56,,,,,,
2016-03-01,,,80365.0,55749.0,223186.0,70773.0,15.7,49.5
2016-03-06,152413.0,33.83,,,,,,
2016-03-08,,,66056.0,63178.0,252895.0,78085.0,15.6,50.7
2016-03-13,174810.0,35.02,,,,,,
2016-03-15,,,63890.0,63343.0,247659.0,78147.0,15.8,50.2
2016-03-20,169512.0,34.38,,,,,,
2016-03-22,,,61596.0,62514.0,258646.0,79815.0,15.6,50.7
2016-03-27,178831.0,35.03,,,,,,
2016-03-29,,,72029.0,67603.0,262082.0,72276.0,15.0,54.5
2016-04-03,189806.0,39.5,,,,,,
2016-04-05,,,77622.0,67537.0,263781.0,73381.0,15.5,55.6
2016-04-10,190400.0,40.16,,,,,,
2016-04-12,,,90800.0,68479.0,286341.0,72534.0,14.4,56.8
2016-04-17,213807.0,42.38,,,,,,
2016-04-19,,,90834.0,66318.0,291143.0,74306.0,14.8,57.8
2016-04-24,216837.0,43.08,,,,,,
2016-04-26,,,73350.0,65274.0,288173.0,67316.0,13.5,57.9
2016-05-01,220857.0,44.36,,,,,,
2016-05-03,,,73111.0,65651.0,338476.0,66828.0,11.8,59.8
2016-05-08,271648.0,48.01,,,,,,
2016-05-10,,,94191.0,71365.0,337251.0,72353.0,12.5,58.2
2016-05-15,264898.0,45.69,,,,,,
2016-05-17,,,109830.0,79184.0,340748.0,74460.0,12.5,57.3
2016-05-22,266288.0,44.75,,,,,,
2016-05-24,,,113213.0,72160.0,291266.0,84634.0,15.6,53.6
2016-05-29,206632.0,38.06,,,,,,
2016-05-31,,,110143.0,71316.0,274589.0,77454.0,15.7,55.5
2016-06-05,197135.0,39.88,,,,,,
2016-06-07,,,111837.0,72543.0,295688.0,67069.0,13.5,59.6
2016-06-12,228619.0,46.06,,,,,,
2016-06-14,,,116171.0,71360.0,347557.0,67695.0,12.4,63.7
2016-06-19,279862.0,51.32,,,,,,
2016-06-21,,,96765.0,63839.0,358825.0,66096.0,11.6,62.8
2016-06-26,292729.0,51.22,,,,,,
2016-06-28,,,73506.0,53692.0,373128.0,71208.0,11.6,60.8
2016-07-03,301920.0,49.19,,,,,,
2016-07-05,,,70144.0,50675.0,389590.0,73627.0,11.3,59.7
2016-07-10,315963.0,48.39,,,,,,
2016-07-12,,,68660.0,54430.0,378081.0,80618.0,12.7,59.7
2016-07-17,297463.0,46.99,,,,,,
2016-07-19,,,63646.0,66010.0,366871.0,80960.0,13.1,59.5
2016-07-24,285911.0,46.33,,,,,,
2016-07-26,,,64466.0,69284.0,347426.0,68471.0,11.9,60.3
2016-07-31,278955.0,48.4,,,,,,
2016-08-02,,,66086.0,68768.0,365801.0,71618.0,12.3,62.8
2016-08-07,294183.0,50.53,,,,,,
2016-08-09,,,71890.0,66712.0,356471.0,70024.0,12.2,62.0
2016-08-14,286447.0,49.78,,,,,,
2016-08-16,,,66282.0,61208.0,351535.0,67684.0,11.8,61.4
2016-08-21,283851.0,49.58,,,,,,
2016-08-23,,,76873.0,70207.0,359785.0,65176.0,11.4,62.8
2016-08-28,294609.0,51.42,,,,,,
2016-08-30,,,91152.0,69279.0,340586.0,64245.0,11.5,61.0
2016-09-04,276341.0,49.49,,,,,,
2016-09-06,,,110153.0,79928.0,370375.0,62515.0,10.6,62.7
2016-09-11,307860.0,52.12,,,,,,
2016-09-13,,,113974.0,88681.0,351776.0,66363.0,11.5,61.2
2016-09-18,285413.0,49.64,,,,,,
2016-09-20,,,95425.0,82274.0,326326.0,70147.0,12.6,58.4
2016-09-25,256179.0,45.85,,,,,,
2016-09-27,,,76859.0,74769.0,358972.0,67068.0,11.5,61.6
2016-10-02,291904.0,50.06,,,,,,
2016-10-04,,,76198.0,77097.0,324136.0,78628.0,14.4,59.5
2016-10-09,245508.0,45.06,,,,,,
2016-10-11,,,74806.0,79132.0,283386.0,88167.0,17.6,56.6
2016-10-16,195219.0,39.02,,,,,,
2016-10-18,,,98677.0,87535.0,274345.0,94727.0,19.1,55.2
2016-10-23,179618.0,36.14,,,,,,
2016-10-25,,,104689.0,90935.0,285376.0,88396.0,17.4,56.2
2016-10-30,196980.0,38.8,,,,,,
2016-11-01,,,77371.0,88669.0,288308.0,73177.0,14.0,55.3
2016-11-06,215131.0,41.25,,,,,,
2016-11-08,,,78749.0,118385.0,289860.0,72622.0,13.7,54.9
2016-11-13,217238.0,41.13,,,,,,
2016-11-15,,,72921.0,117916.0,245750.0,68090.0,14.2,51.3
2016-11-20,177660.0,37.07,,,,,,
2016-11-22,,,71777.0,118089.0,241646.0,74561.0,16.2,52.4
2016-11-27,167085.0,36.24,,,,,,
2016-11-29,,,67706.0,121067.0,229731.0,78161.0,19.3,56.6
2016-12-04,151570.0,37.36,,,,,,
2016-12-06,,,67429.0,123820.0,227675.0,91295.0,23.2,57.9
2016-12-11,136380.0,34.66,,,,,,
2016-12-13,,,66551.0,127666.0,229755.0,100444.0,25.3,57.9
2016-12-18,129311.0,32.57,,,,,,
2016-12-20,,,67199.0,119225.0,219067.0,104233.0,26.1,55.0
2016-12-25,114834.0,28.8,,,,,,
2016-12-27,,,66742.0,112505.0,206538.0,108195.0,26.9,51.4
2017-01-01,98343.0,24.49,,,,,,
2017-01-03,,,64759.0,109243.0,208855.0,112305.0,26.4,49.2
2017-01-08,96550.0,22.74,,,,,,
2017-01-10,,,69151.0,116854.0,214000.0,104518.0,23.5,48.2
2017-01-15,109482.0,24.66,,,,,,
2017-01-17,,,72445.0,118944.0,218144.0,111103.0,23.7,46.6
2017-01-22,107041.0,22.88,,,,,,
2017-01-24,,,77705.0,128015.0,209854.0,100447.0,20.8,43.5
2017-01-29,109407.0,22.68,,,,,,
2017-01-31,,,77713.0,134989.0,212414.0,93259.0,23.4,53.3
2017-02-05,119155.0,29.91,,,,,,
2017-02-07,,,79467.0,131026.0,216408.0,99259.0,23.9,52.1
2017-02-12,117149.0,28.19,,,,,,
2017-02-14,,,86203.0,131446.0,212259.0,102507.0,24.7,51.1
2017-02-19,109752.0,26.44,,,,,,
2017-02-21,,,85410.0,128204.0,219673.0,95910.0,22.5,51.4
2017-02-26,123763.0,28.97,,,,,,
2017-02-28,,,82915.0,120913.0,247494.0,83696.0,18.8,55.5
2017-03-05,163798.0,36.72,,,,,,
2017-03-07,,,88060.0,117779.0,229969.0,96284.0,22.2,52.9
2017-03-12,133685.0,30.77,,,,,,
2017-03-14,,,88139.0,110578.0,210315.0,104277.0,24.5,49.4
2017-03-19,106038.0,24.88,,,,,,
2017-03-21,,,90159.0,111829.0,219719.0,103467.0,23.2,49.2
2017-03-26,116252.0,26.01,,,,,,
2017-03-28,,,82176.0,112041.0,227839.0,90019.0,20.0,50.7
2017-04-02,137820.0,30.67,,,,,,
2017-04-04,,,84797.0,111665.0,239061.0,83625.0,19.5,55.9
2017-04-09,155436.0,36.33,,,,,,
2017-04-11,,,88393.0,114238.0,253004.0,80338.0,17.6,55.5
2017-04-16,172666.0,37.85,,,,,,
2017-04-18,,,90249.0,106292.0,279311.0,83543.0,17.7,59.1
2017-04-23,195768.0,41.45,,,,,,
2017-04-25,,,91123.0,103581.0,287468.0,86791.0,18.2,60.4
2017-04-30,200677.0,42.16,,,,,,
2017-05-02,,,86317.0,104855.0,276032.0,86398.0,18.7,59.8
2017-05-07,189634.0,41.05,,,,,,
2017-05-09,,,90520.0,98601.0,236115.0,86109.0,19.9,54.5
2017-05-14,150006.0,34.64,,,,,,
2017-05-16,,,88276.0,96922.0,221532.0,94808.0,21.8,50.9
2017-05-21,126724.0,29.13,,,,,,
2017-05-23,,,84657.0,97688.0,241752.0,81985.0,17.7,52.3
2017-05-28,159767.0,34.54,,,,,,
2017-05-30,,,87060.0,96704.0,250542.0,83452.0,19.2,57.7
2017-06-04,167090.0,38.48,,,,,,
2017-06-06,,,84668.0,97394.0,312240.0,107775.0,21.8,63.2
2017-06-11,204465.0,41.39,,,,,,
2017-06-13,,,89213.0,108011.0,297178.0,106904.0,22.7,63.1
2017-06-18,190274.0,40.39,,,,,,
2017-06-20,,,90780.0,103559.0,252620.0,101945.0,22.9,56.7
2017-06-25,150675.0,33.8,,,,,,
2017-06-27,,,92884.0,106572.0,236586.0,104914.0,23.2,52.2
2017-07-02,131672.0,29.06,,,,,,
2017-07-03,,,100048.0,116393.0,221681.0,127882.0,28.0,48.5
2017-07-09,93799.0,20.52,,,,,,
2017-07-11,,,100762.0,112768.0,217637.0,157377.0,33.1,45.8
2017-07-16,60260.0,12.67,,,,,,
2017-07-18,,,106606.0,121936.0,217232.0,157094.0,32.4,44.9
2017-07-23,60138.0,12.42,,,,,,
2017-07-25,,,112985.0,137242.0,220299.0,129468.0,27.9,47.5
2017-07-30,90831.0,19.58,,,,,,
2017-08-01,,,121866.0,153081.0,239766.0,110094.0,24.5,53.4
2017-08-06,129672.0,28.9,,,,,,
2017-08-08,,,124233.0,157369.0,246377.0,97540.0,21.7,54.9
2017-08-13,148837.0,33.17,,,,,,
2017-08-15,,,126722.0,163551.0,277730.0,89996.0,18.8,58.1
2017-08-20,187734.0,39.28,,,,,,
2017-08-22,,,124136.0,164982.0,295711.0,87273.0,17.4,59.1
2017-08-27,208438.0,41.65,,,,,,
2017-08-29,,,122977.0,166629.0,318883.0,87836.0,16.3,59.2
2017-09-03,231047.0,42.88,,,,,,
2017-09-05,,,123223.0,172088.0,336073.0,90775.0,16.0,59.3
2017-09-10,245298.0,43.28,,,,,,
2017-09-12,,,115022.0,161636.0,351492.0,96732.0,16.7,60.5
2017-09-17,254760.0,43.88,,,,,,
2017-09-19,,,110234.0,142821.0,330646.0,94557.0,16.6,58.0
2017-09-24,236089.0,41.41,,,,,,
2017-09-26,,,106222.0,136358.0,303255.0,90661.0,16.5,55.2
2017-10-01,212594.0,38.68,,,,,,
2017-10-03,,,106421.0,140250.0,287296.0,83441.0,15.9,54.7
2017-10-08,203855.0,38.82,,,,,,
2017-10-10,,,107281.0,148019.0,279227.0,79115.0,15.2,53.7
2017-10-15,200112.0,38.48,,,,,,
2017-10-17,,,104478.0,155965.0,284617.0,83893.0,15.9,53.8
2017-10-22,200724.0,37.96,,,,,,
2017-10-24,,,102504.0,155756.0,275521.0,84136.0,16.0,52.3
2017-10-29,191385.0,36.34,,,,,,
2017-10-31,,,97920.0,145513.0,268710.0,75615.0,14.2,50.5
2017-11-05,193095.0,36.3,,,,,,
2017-11-07,,,97752.0,140327.0,272571.0,76781.0,14.3,50.8
2017-11-12,195790.0,36.47,,,,,,
2017-11-14,,,93228.0,132942.0,271496.0,76412.0,14.3,50.9
2017-11-19,195084.0,36.6,,,,,,
2017-11-21,,,90341.0,130954.0,272934.0,71107.0,13.4,51.3
2017-11-26,201827.0,37.97,,,,,,
2017-11-28,,,88833.0,132756.0,287384.0,62967.0,12.5,57.0
2017-12-03,224417.0,44.54,,,,,,
2017-12-05,,,90219.0,116872.0,251234.0,77905.0,16.5,53.1
2017-12-10,173329.0,36.66,,,,,,
2017-12-12,,,78490.0,106244.0,201912.0,94844.0,21.2,45.2
2017-12-17,107068.0,23.97,,,,,,
2017-12-19,,,76178.0,118876.0,197473.0,83678.0,18.4,43.5
2017-12-24,113795.0,25.09,,,,,,
2017-12-26,,,83547.0,136816.0,202590.0,66642.0,14.6,44.4
2017-12-31,135948.0,29.78,,,,,,
2018-01-02,,,86229.0,150141.0,241428.0,78160.0,15.6,48.2
2018-01-07,163268.0,32.61,,,,,,
2018-01-09,,,85689.0,147973.0,289161.0,85873.0,15.5,52.1
2018-01-14,203288.0,36.6,,,,,,
2018-01-16,,,77409.0,138575.0,301863.0,90152.0,15.5,51.8
2018-01-21,211711.0,36.36,,,,,,
2018-01-23,,,82116.0,134151.0,305812.0,91128.0,15.6,52.5
2018-01-28,214684.0,36.86,,,,,,
2018-01-30,,,74566.0,128405.0,298327.0,91065.0,16.3,53.3
2018-02-04,207262.0,37.06,,,,,,
2018-02-06,,,71161.0,124116.0,273828.0,82951.0,15.5,51.2
2018-02-11,190877.0,35.66,,,,,,
2018-02-13,,,67974.0,112722.0,251860.0,76254.0,14.9,49.2
2018-02-18,175606.0,34.32,,,,,,
2018-02-20,,,65886.0,113187.0,257205.0,66283.0,12.5,48.7
2018-02-25,190922.0,36.15,,,,,,
2018-02-27,,,72876.0,114277.0,251981.0,73263.0,13.7,47.3
2018-03-04,178718.0,33.54,,,,,,
2018-03-06,,,70669.0,112589.0,245587.0,61764.0,12.2,48.3
2018-03-11,183823.0,36.18,,,,,,
2018-03-13,,,69074.0,108709.0,234431.0,66483.0,12.6,44.5
2018-03-18,167948.0,31.88,,,,,,
2018-03-20,,,77058.0,107919.0,223882.0,75151.0,13.8,41.0
2018-03-25,148731.0,27.27,,,,,,
2018-03-27,,,87745.0,106932.0,259032.0,55678.0,10.5,48.9
2018-04-01,203354.0,38.39,,,,,,
2018-04-03,,,81117.0,102027.0,234677.0,68088.0,13.8,47.6
2018-04-08,166589.0,33.78,,,,,,
2018-04-10,,,71222.0,94928.0,234457.0,79085.0,15.8,46.9
2018-04-15,155372.0,31.1,,,,,,
2018-04-17,,,64815.0,95532.0,237288.0,74219.0,14.5,46.5
2018-04-22,163069.0,31.96,,,,,,
2018-04-24,,,58418.0,101054.0,225804.0,89158.0,17.6,44.6
2018-04-29,136646.0,26.98,,,,,,
2018-05-01,,,71225.0,106141.0,209577.0,102798.0,20.2,41.3
2018-05-06,106779.0,21.03,,,,,,
2018-05-08,,,72881.0,106333.0,198548.0,91108.0,18.5,40.4
2018-05-13,107440.0,21.86,,,,,,
2018-05-15,,,70814.0,107169.0,201468.0,109025.0,21.0,38.7
2018-05-20,92443.0,17.78,,,,,,
2018-05-22,,,70611.0,109623.0,189677.0,98720.0,19.6,37.7
2018-05-27,90957.0,18.08,,,,,,
2018-05-29,,,71285.0,108885.0,193652.0,78522.0,16.7,41.3
2018-06-03,115130.0,24.53,,,,,,
2018-06-05,,,65067.0,112774.0,185321.0,73905.0,16.4,41.1
2018-06-10,111416.0,24.72,,,,,,
2018-06-12,,,57966.0,128503.0,192752.0,72512.0,16.2,43.0
2018-06-17,120240.0,26.8,,,,,,
2018-06-19,,,62725.0,119036.0,202915.0,106403.0,22.7,43.3
2018-06-24,96512.0,20.61,,,,,,
2018-06-26,,,70106.0,104151.0,195118.0,118446.0,25.3,41.6
2018-07-01,76672.0,16.36,,,,,,
2018-07-03,,,74342.0,99847.0,210483.0,132156.0,26.7,42.6
2018-07-08,78327.0,15.85,,,,,,
2018-07-10,,,87927.0,102110.0,214310.0,132876.0,26.4,42.6
2018-07-15,81434.0,16.17,,,,,,
2018-07-17,,,97310.0,106423.0,218427.0,160586.0,30.4,41.3
2018-07-22,57841.0,10.95,,,,,,
2018-07-24,,,101184.0,110551.0,220620.0,172023.0,34.6,44.4
2018-07-29,48597.0,9.79,,,,,,
2018-07-31,,,93834.0,102058.0,209255.0,173918.0,38.4,46.2
2018-08-05,35337.0,7.81,,,,,,
2018-08-07,,,95161.0,97351.0,208292.0,195604.0,42.6,45.3
2018-08-12,12688.0,2.76,,,,,,
2018-08-14,,,92698.0,95786.0,211779.0,215467.0,45.2,44.4
2018-08-19,-3688.0,-0.77,,,,,,
2018-08-21,,,87162.0,85463.0,213500.0,222210.0,45.9,44.1
2018-08-26,-8710.0,-1.8,,,,,,
2018-08-28,,,80946.0,81237.0,207370.0,210433.0,43.9,43.3
2018-09-02,-3063.0,-0.64,,,,,,
2018-09-04,,,83929.0,77952.0,199762.0,213259.0,45.1,42.2
2018-09-09,-13497.0,-2.85,,,,,,
2018-09-11,,,81078.0,72184.0,198367.0,205957.0,43.9,42.3
2018-09-16,-7590.0,-1.62,,,,,,
2018-09-18,,,74768.0,74577.0,197797.0,208641.0,44.4,42.1
2018-09-23,-10844.0,-2.31,,,,,,
2018-09-25,,,66883.0,77987.0,192940.0,210588.0,45.8,41.9
2018-09-30,-17648.0,-3.83,,,,,,
2018-10-02,,,65385.0,77360.0,192490.0,214312.0,46.6,41.9
2018-10-07,-21822.0,-4.75,,,,,,
2018-10-09,,,64847.0,73094.0,179746.0,217921.0,46.8,38.6
2018-10-14,-38175.0,-8.21,,,,,,
2018-10-16,,,62754.0,71672.0,189200.0,171533.0,36.2,39.9
2018-10-21,17667.0,3.72,,,,,,
2018-10-23,,,61623.0,70970.0,192578.0,163190.0,34.2,40.3
2018-10-28,29388.0,6.15,,,,,,
2018-10-30,,,70953.0,71620.0,168754.0,155560.0,32.8,35.5
2018-11-04,13194.0,2.78,,,,,,
2018-11-06,,,67061.0,73447.0,169141.0,150115.0,30.3,34.2
2018-11-11,19026.0,3.84,,,,,,
2018-11-13,,,70054.0,73469.0,168416.0,177663.0,32.9,31.2
2018-11-18,-9247.0,-1.71,,,,,,
2018-11-20,,,68096.0,80698.0,165506.0,156610.0,29.8,31.5
2018-11-25,8896.0,1.69,,,,,,
2018-11-27,,,66050.0,76742.0,156779.0,154908.0,35.0,35.4
2018-12-02,1871.0,0.42,,,,,,
2018-12-04,,,64665.0,75348.0,173019.0,124018.0,31.0,43.3
2018-12-09,49001.0,12.25,,,,,,
2018-12-11,,,65060.0,72307.0,169600.0,109101.0,27.1,42.2
2018-12-16,60499.0,15.04,,,,,,
2018-12-18,,,79485.0,76807.0,182168.0,106208.0,25.7,44.2
2018-12-23,75960.0,18.42,,,,,,
2018-12-24,,,83487.0,73635.0,208622.0,97637.0,22.1,47.1
2018-12-30,110985.0,25.07,,,,,,
2019-01-08,,,91796.0,72344.0,199560.0,100344.0,22.0,43.8
2019-01-13,99216.0,21.79,,,,,,
2019-01-15,,,103258.0,75666.0,201796.0,113883.0,22.7,40.2
2019-01-20,87913.0,17.53,,,,,,
2019-01-22,,,100605.0,76080.0,186510.0,112006.0,21.8,36.3
2019-01-27,74504.0,14.51,,,,,,
2019-01-29,,,98037.0,76124.0,212318.0,112725.0,23.3,43.9
2019-02-03,99593.0,20.6,,,,,,
2019-02-05,,,85418.0,79336.0,218200.0,109105.0,22.7,45.5
2019-02-10,109095.0,22.74,,,,,,
2019-02-12,,,81723.0,82926.0,214170.0,109296.0,23.0,45.0
2019-02-17,104874.0,22.03,,,,,,
2019-02-19,,,83846.0,84724.0,254086.0,108439.0,21.5,50.4
2019-02-24,145647.0,28.86,,,,,,
2019-02-26,,,74598.0,96982.0,236835.0,101139.0,20.2,47.2
2019-03-03,135696.0,27.07,,,,,,
2019-03-05,,,62975.0,94231.0,202628.0,114610.0,24.3,43.0
2019-03-10,88018.0,18.68,,,,,,
2019-03-12,,,64005.0,89572.0,205250.0,126431.0,23.9,38.7
2019-03-17,78819.0,14.87,,,,,,
2019-03-19,,,66410.0,82765.0,204325.0,115929.0,22.5,39.7
2019-03-24,88396.0,17.19,,,,,,
2019-03-26,,,73892.0,75834.0,214447.0,94706.0,18.6,42.1
2019-03-31,119741.0,23.5,,,,,,
2019-04-02,,,77389.0,81945.0,193784.0,99228.0,22.5,44.0
2019-04-07,94556.0,21.48,,,,,,
2019-04-09,,,78489.0,81503.0,199507.0,94143.0,21.0,44.6
2019-04-14,105364.0,23.54,,,,,,
2019-04-16,,,78933.0,84245.0,183213.0,126940.0,28.8,41.6
2019-04-21,56273.0,12.77,,,,,,
2019-04-23,,,80957.0,83083.0,176691.0,139296.0,31.7,40.2
2019-04-28,37395.0,8.5,,,,,,
2019-04-30,,,79732.0,79599.0,177275.0,111056.0,25.8,41.2
2019-05-05,66219.0,15.4,,,,,,
2019-05-07,,,86500.0,73622.0,185801.0,110390.0,24.5,41.3
2019-05-12,75411.0,16.76,,,,,,
2019-05-14,,,92745.0,73379.0,226361.0,101825.0,19.7,43.7
2019-05-19,124536.0,24.04,,,,,,
2019-05-21,,,94209.0,72490.0,203628.0,114823.0,22.6,40.0
2019-05-26,88805.0,17.46,,,,,,
2019-05-28,,,97617.0,73784.0,194463.0,107775.0,21.3,38.5
2019-06-02,86688.0,17.16,,,,,,
2019-06-04,,,102963.0,76217.0,240477.0,84362.0,17.5,49.9
2019-06-09,156115.0,32.42,,,,,,
2019-06-11,,,109920.0,79399.0,250114.0,65876.0,13.3,50.4
2019-06-16,184238.0,37.1,,,,,,
2019-06-18,,,106207.0,82255.0,274633.0,70310.0,13.4,52.2
2019-06-23,204323.0,38.87,,,,,,
2019-06-25,,,99836.0,73297.0,298108.0,61554.0,10.7,51.6
2019-06-30,236554.0,40.95,,,,,,
2019-07-02,,,105694.0,76478.0,312702.0,53756.0,8.9,51.6
2019-07-07,258946.0,42.73,,,,,,
2019-07-09,,,116583.0,76596.0,306105.0,61342.0,10.2,51.1
2019-07-14,244763.0,40.86,,,,,,
2019-07-16,,,105665.0,73722.0,309535.0,64034.0,10.6,51.4
2019-07-21,245501.0,40.79,,,,,,
2019-07-23,,,100513.0,76464.0,311881.0,60631.0,9.8,50.6
2019-07-28,251250.0,40.73,,,,,,
2019-07-30,,,106089.0,77334.0,312214.0,57826.0,10.3,55.4
2019-08-04,254388.0,45.16,,,,,,
2019-08-06,,,137582.0,79133.0,350558.0,58013.0,9.7,58.4
2019-08-11,292545.0,48.73,,,,,,
2019-08-13,,,129807.0,76207.0,346223.0,56133.0,9.5,58.3
2019-08-18,290090.0,48.84,,,,,,
2019-08-20,,,124434.0,75489.0,352294.0,52301.0,8.8,59.2
2019-08-25,299993.0,50.44,,,,,,
2019-08-27,,,131275.0,72795.0,362609.0,65771.0,10.3,57.0
2019-09-01,296838.0,46.66,,,,,,
2019-09-03,,,134940.0,76099.0,365385.0,64838.0,10.2,57.6
2019-09-08,300547.0,47.38,,,,,,
2019-09-10,,,118371.0,77185.0,334114.0,64389.0,10.5,54.3
2019-09-15,269725.0,43.88,,,,,,
2019-09-17,,,112033.0,75083.0,341511.0,58912.0,9.3,54.1
2019-09-22,282599.0,44.79,,,,,,
2019-09-24,,,111944.0,71205.0,370393.0,57949.0,8.8,56.2
2019-09-29,312444.0,47.42,,,,,,
2019-10-01,,,118044.0,71271.0,322800.0,53807.0,8.9,53.4
2019-10-06,268993.0,44.47,,,,,,
2019-10-08,,,117977.0,69884.0,334383.0,58820.0,9.5,54.2
2019-10-13,275563.0,44.66,,,,,,
2019-10-15,,,114638.0,67383.0,319370.0,66343.0,10.9,52.6
2019-10-20,253027.0,41.66,,,,,,
2019-10-22,,,110317.0,68744.0,322917.0,63785.0,10.2,51.6
2019-10-27,259132.0,41.43,,,,,,
2019-10-29,,,102039.0,76814.0,335423.0,58908.0,9.2,52.1
2019-11-03,276515.0,42.97,,,,,,
2019-11-05,,,104963.0,81652.0,344591.0,64763.0,9.4,49.9
2019-11-10,279828.0,40.54,,,,,,
2019-11-12,,,99590.0,73303.0,323189.0,56123.0,7.9,45.6
2019-11-17,267066.0,37.7,,,,,,
2019-11-19,,,98853.0,63747.0,337296.0,51437.0,7.2,46.9
2019-11-24,285859.0,39.75,,,,,,
2019-11-26,,,99728.0,61166.0,325286.0,53652.0,8.0,48.6
2019-12-01,271634.0,40.59,,,,,,
2019-12-03,,,101932.0,64225.0,346525.0,55820.0,8.0,49.4
2019-12-08,290705.0,41.47,,,,,,
2019-12-10,,,96379.0,79231.0,329169.0,58249.0,8.4,47.7
2019-12-15,270920.0,39.26,,,,,,
2019-12-17,,,95635.0,95804.0,344493.0,58218.0,8.1,48.0
2019-12-22,286275.0,39.93,,,,,,
2019-12-24,,,94526.0,97993.0,364310.0,58658.0,7.8,48.7
2019-12-29,305652.0,40.82,,,,,,
2019-12-31,,,93439.0,98583.0,381620.0,53695.0,6.8,48.5
2020-01-05,327925.0,41.71,,,,,,
2020-01-07,,,95850.0,92710.0,383480.0,61189.0,7.8,48.8
2020-01-12,322291.0,41.01,,,,,,
2020-01-14,,,100070.0,103537.0,376809.0,57574.0,7.2,47.3
2020-01-19,319235.0,40.06,,,,,,
2020-01-21,,,97938.0,103727.0,374793.0,57098.0,7.2,47.2
2020-01-26,317695.0,40.02,,,,,,
2020-01-28,,,91603.0,77213.0,376401.0,46309.0,6.5,52.6
2020-02-02,330092.0,46.13,,,,,,
2020-02-04,,,103957.0,69638.0,355909.0,56103.0,8.6,54.4
2020-02-09,299806.0,45.8,,,,,,
2020-02-11,,,113215.0,67556.0,356535.0,48561.0,7.4,54.2
2020-02-16,307974.0,46.8,,,,,,
2020-02-18,,,112410.0,70397.0,408349.0,54700.0,7.6,57.1
2020-02-23,353649.0,49.44,,,,,,
2020-02-25,,,114208.0,69989.0,389339.0,53474.0,7.3,53.1
2020-03-01,335865.0,45.83,,,,,,
2020-03-03,,,105616.0,66736.0,366173.0,46440.0,6.7,52.9
2020-03-08,319733.0,46.21,,,,,,
2020-03-10,,,99274.0,60208.0,336290.0,36759.0,5.8,53.1
2020-03-15,299531.0,47.28,,,,,,
2020-03-17,,,92683.0,54628.0,317405.0,35489.0,6.2,55.3
2020-03-22,281916.0,49.12,,,,,,
2020-03-24,,,72946.0,46499.0,317928.0,29562.0,5.4,58.1
2020-03-29,288366.0,52.69,,,,,,
2020-03-31,,,67111.0,42278.0,287529.0,28680.0,5.8,58.0
2020-04-05,258849.0,52.22,,,,,,
2020-04-07,,,67207.0,41631.0,279880.0,30938.0,6.4,58.3
2020-04-12,248942.0,51.86,,,,,,
2020-04-14,,,66960.0,42230.0,286617.0,34116.0,7.0,58.5
2020-04-19,252501.0,51.53,,,,,,
2020-04-21,,,67260.0,46338.0,282263.0,32692.0,6.6,57.2
2020-04-26,249571.0,50.61,,,,,,
2020-04-28,,,63741.0,46958.0,287382.0,24653.0,4.9,57.4
2020-05-03,262729.0,52.46,,,,,,
2020-05-05,,,65231.0,46074.0,275571.0,25567.0,5.2,56.2
2020-05-10,250004.0,50.99,,,,,,
2020-05-12,,,63633.0,48104.0,277771.0,34943.0,7.0,55.9
2020-05-17,242828.0,48.88,,,,,,
2020-05-19,,,64670.0,51254.0,295394.0,43606.0,8.3,55.9
2020-05-24,251788.0,47.67,,,,,,
2020-05-26,,,59986.0,50347.0,288148.0,50234.0,9.7,55.5
2020-05-31,237914.0,45.81,,,,,,
2020-06-02,,,56948.0,56002.0,272196.0,53162.0,11.2,57.2
2020-06-07,219034.0,46.04,,,,,,
2020-06-09,,,48499.0,60810.0,263972.0,55359.0,11.6,55.5
2020-06-14,208613.0,43.86,,,,,,
2020-06-16,,,47544.0,57146.0,277395.0,53047.0,10.8,56.7
2020-06-21,224348.0,45.83,,,,,,
2020-06-23,,,47051.0,63749.0,308459.0,56502.0,10.6,58.0
2020-06-28,251957.0,47.35,,,,,,
2020-06-30,,,47800.0,68377.0,328942.0,62272.0,11.1,58.6
2020-07-05,266670.0,47.48,,,,,,
2020-07-07,,,53565.0,77377.0,337030.0,69672.0,12.2,58.8
2020-07-12,267358.0,46.68,,,,,,
2020-07-14,,,55833.0,89241.0,330205.0,67777.0,11.7,56.9
2020-07-19,262428.0,45.23,,,,,,
2020-07-21,,,57254.0,95888.0,334237.0,67801.0,11.2,55.4
2020-07-26,266436.0,44.17,,,,,,
2020-07-28,,,56795.0,99285.0,312588.0,75787.0,12.7,52.2
2020-08-02,236801.0,39.56,,,,,,
2020-08-04,,,58261.0,97111.0,321847.0,83101.0,14.8,57.3
2020-08-09,238746.0,42.49,,,,,,
2020-08-11,,,55868.0,89501.0,306867.0,82814.0,15.0,55.5
2020-08-16,224053.0,40.49,,,,,,
2020-08-18,,,56457.0,99975.0,302369.0,78851.0,14.5,55.6
2020-08-23,223518.0,41.09,,,,,,
2020-08-25,,,50897.0,98761.0,301559.0,80521.0,14.7,54.9
2020-08-30,221038.0,40.24,,,,,,
2020-09-01,,,50975.0,104091.0,306118.0,75322.0,13.8,55.9
2020-09-06,230796.0,42.14,,,,,,
2020-09-08,,,49735.0,105485.0,313173.0,76700.0,13.8,56.2
2020-09-13,236473.0,42.42,,,,,,
2020-09-15,,,51722.0,110329.0,324512.0,83535.0,14.4,56.1
2020-09-20,240977.0,41.62,,,,,,
2020-09-22,,,55744.0,123585.0,309015.0,89955.0,15.6,53.7
2020-09-27,219060.0,38.04,,,,,,
2020-09-29,,,59941.0,114003.0,316106.0,72447.0,12.9,56.2
2020-10-04,243659.0,43.33,,,,,,
2020-10-06,,,53528.0,107106.0,320922.0,72335.0,13.0,57.8
2020-10-11,248587.0,44.75,,,,,,
2020-10-13,,,59918.0,119134.0,326986.0,86315.0,15.6,59.1
2020-10-18,240671.0,43.51,,,,,,
2020-10-20,,,63728.0,130993.0,340206.0,90602.0,16.1,60.4
2020-10-25,249604.0,44.34,,,,,,
2020-10-27,,,59806.0,126722.0,326063.0,77429.0,13.8,58.1
2020-11-01,248634.0,44.33,,,,,,
2020-11-03,,,54459.0,115597.0,321798.0,78889.0,14.5,59.1
2020-11-08,242909.0,44.59,,,,,,
2020-11-10,,,55329.0,120398.0,318516.0,78780.0,14.4,58.2
2020-11-15,239736.0,43.79,,,,,,
2020-11-17,,,56539.0,123701.0,329698.0,78428.0,14.1,59.1
2020-11-22,251270.0,45.07,,,,,,
2020-11-24,,,56522.0,130293.0,320324.0,76422.0,13.8,57.7
2020-11-29,243902.0,43.93,,,,,,
2020-12-01,,,54614.0,134470.0,324344.0,64030.0,11.9,60.3
2020-12-06,260314.0,48.38,,,,,,
2020-12-08,,,56839.0,136878.0,338271.0,69051.0,12.6,61.6
2020-12-13,269220.0,48.99,,,,,,
2020-12-15,,,61852.0,133972.0,340610.0,69026.0,12.5,61.9
2020-12-20,271584.0,49.35,,,,,,
2020-12-21,,,62002.0,133440.0,349870.0,71674.0,12.8,62.4
2020-12-27,278196.0,49.61,,,,,,
2020-12-29,,,61114.0,132395.0,341812.0,72940.0,13.1,61.4
2021-01-03,268872.0,48.32,,,,,,
2021-01-05,,,65850.0,135088.0,349946.0,70628.0,12.4,61.5
2021-01-10,279318.0,49.1,,,,,,
2021-01-12,,,64757.0,131399.0,313217.0,66990.0,12.1,56.4
2021-01-17,246227.0,44.32,,,,,,
2021-01-19,,,64131.0,132237.0,307507.0,60869.0,11.2,56.8
2021-01-24,246638.0,45.56,,,,,,
2021-01-26,,,61152.0,131420.0,313532.0,55986.0,10.5,58.7
2021-01-31,257546.0,48.18,,,,,,
2021-02-02,,,65261.0,131607.0,314352.0,57226.0,11.0,60.5
2021-02-07,257126.0,49.45,,,,,,
2021-02-09,,,69632.0,140927.0,309326.0,57919.0,11.4,61.0
2021-02-14,251407.0,49.61,,,,,,
2021-02-16,,,72854.0,146763.0,303583.0,68614.0,13.6,60.4
2021-02-21,234969.0,46.71,,,,,,
2021-02-23,,,65125.0,140530.0,284081.0,68348.0,14.2,59.0
2021-02-28,215733.0,44.84,,,,,,
2021-03-02,,,66127.0,132144.0,265533.0,75895.0,16.3,56.9
2021-03-07,189638.0,40.61,,,,,,
2021-03-09,,,62688.0,114067.0,254839.0,79676.0,16.8,53.8
2021-03-14,175163.0,36.96,,,,,,
2021-03-16,,,62739.0,109118.0,256237.0,76041.0,16.0,53.8
2021-03-21,180196.0,37.82,,,,,,
2021-03-23,,,64525.0,109933.0,262774.0,88707.0,18.3,54.1
2021-03-28,174067.0,35.86,,,,,,
2021-03-30,,,60633.0,104500.0,263453.0,95925.0,20.5,56.4
2021-04-04,167528.0,35.85,,,,,,
2021-04-06,,,66975.0,109985.0,275703.0,86194.0,18.6,59.5
2021-04-11,189509.0,40.9,,,,,,
2021-04-13,,,68134.0,104129.0,269513.0,88639.0,19.2,58.5
2021-04-18,180874.0,39.26,,,,,,
2021-04-20,,,67049.0,109912.0,275985.0,94487.0,20.0,58.5
2021-04-25,181498.0,38.47,,,,,,
2021-04-27,,,70874.0,120135.0,270717.0,100098.0,21.1,57.2
2021-05-02,170619.0,36.05,,,,,,
2021-05-04,,,74801.0,128571.0,270194.0,99453.0,21.1,57.4
2021-05-09,170741.0,36.3,,,,,,
2021-05-11,,,72825.0,118656.0,282161.0,89906.0,18.0,56.6
2021-05-16,192255.0,38.55,,,,,,
2021-05-18,,,69925.0,108903.0,290267.0,91378.0,17.6,55.8
2021-05-23,198889.0,38.22,,,,,,
2021-05-25,,,70493.0,94206.0,288266.0,73624.0,14.4,56.5
2021-05-30,214642.0,42.07,,,,,,
2021-06-01,,,73715.0,92238.0,288826.0,75125.0,15.4,59.0
2021-06-06,213701.0,43.68,,,,,,
2021-06-08,,,76521.0,91156.0,288781.0,79394.0,16.1,58.7
2021-06-13,209387.0,42.57,,,,,,
2021-06-15,,,79438.0,90209.0,273947.0,81911.0,17.1,57.1
2021-06-20,192036.0,40.0,,,,,,
2021-06-22,,,74854.0,82540.0,253153.0,86939.0,19.2,55.8
2021-06-27,166214.0,36.62,,,,,,
2021-06-29,,,72112.0,83473.0,254206.0,91980.0,20.3,56.1
2021-07-04,162226.0,35.78,,,,,,
2021-07-06,,,68551.0,84324.0,270545.0,87724.0,18.8,58.1
2021-07-11,182821.0,39.25,,,,,,
2021-07-13,,,65992.0,82971.0,275543.0,84707.0,17.1,55.6
2021-07-18,190836.0,38.49,,,,,,
2021-07-20,,,61536.0,81809.0,277312.0,81340.0,16.6,56.5
2021-07-25,195972.0,39.95,,,,,,
2021-07-27,,,55133.0,92484.0,273688.0,74300.0,14.9,54.7
2021-08-01,199388.0,39.86,,,,,,
2021-08-03,,,56913.0,91973.0,273143.0,76808.0,15.8,56.2
2021-08-08,196335.0,40.43,,,,,,
2021-08-10,,,59929.0,88960.0,277260.0,108854.0,22.8,58.1
2021-08-15,168406.0,35.29,,,,,,
2021-08-17,,,65873.0,85953.0,284437.0,92895.0,19.1,58.6
2021-08-22,191542.0,39.45,,,,,,
2021-08-24,,,65266.0,73890.0,299084.0,88431.0,17.5,59.3
2021-08-29,210653.0,41.74,,,,,,
2021-08-31,,,56270.0,78177.0,311004.0,94454.0,18.6,61.3
2021-09-05,216550.0,42.7,,,,,,
2021-09-07,,,54734.0,78326.0,306017.0,99978.0,19.7,60.4
2021-09-12,206039.0,40.66,,,,,,
2021-09-14,,,52444.0,81223.0,306988.0,99228.0,19.6,60.6
2021-09-19,207760.0,41.03,,,,,,
2021-09-21,,,59661.0,78931.0,296670.0,109023.0,22.1,60.2
2021-09-26,187647.0,38.08,,,,,,
2021-09-28,,,59714.0,78291.0,293814.0,125415.0,25.6,59.9
2021-10-03,168399.0,34.31,,,,,,
2021-10-05,,,62020.0,76437.0,295939.0,113357.0,23.4,61.2
2021-10-10,182582.0,37.74,,,,,,
2021-10-12,,,61335.0,83816.0,298503.0,112964.0,23.3,61.6
2021-10-17,185539.0,38.3,,,,,,
2021-10-19,,,62912.0,103496.0,299882.0,106533.0,21.9,61.7
2021-10-24,193349.0,39.79,,,,,,
2021-10-26,,,60953.0,98232.0,313646.0,99086.0,19.4,61.5
2021-10-31,214560.0,42.09,,,,,,
2021-11-02,,,56297.0,88632.0,311091.0,95962.0,18.9,61.3
2021-11-07,215129.0,42.38,,,,,,
2021-11-09,,,59992.0,82781.0,341111.0,90930.0,15.9,59.7
2021-11-14,250181.0,43.81,,,,,,
2021-11-16,,,61262.0,81599.0,360529.0,100749.0,16.4,58.9
2021-11-21,259780.0,42.41,,,,,,
2021-11-23,,,57977.0,71699.0,326409.0,91998.0,16.4,58.3
2021-11-28,234411.0,41.87,,,,,,
2021-11-30,,,59119.0,68310.0,310253.0,84393.0,15.9,58.3
2021-12-05,225860.0,42.47,,,,,,
2021-12-07,,,56199.0,63403.0,300518.0,83333.0,16.7,60.2
2021-12-12,217185.0,43.5,,,,,,
2021-12-14,,,56293.0,62990.0,298142.0,95741.0,19.0,59.2
2021-12-19,202401.0,40.18,,,,,,
2021-12-21,,,56546.0,60983.0,296628.0,90817.0,18.1,59.2
2021-12-26,205811.0,41.09,,,,,,
2021-12-28,,,56597.0,70980.0,303879.0,90723.0,17.8,59.7
2022-01-02,213156.0,41.88,,,,,,
2022-01-04,,,55448.0,75207.0,296583.0,85228.0,17.0,59.0
2022-01-09,211355.0,42.04,,,,,,
2022-01-11,,,57102.0,73808.0,290102.0,90365.0,16.5,53.1
2022-01-16,199737.0,36.55,,,,,,
2022-01-18,,,55363.0,77673.0,290528.0,96321.0,17.9,53.9
2022-01-23,194207.0,36.02,,,,,,
2022-01-25,,,52135.0,78616.0,313415.0,93264.0,16.3,54.8
2022-01-30,220151.0,38.48,,,,,,
2022-02-01,,,52829.0,68984.0,275994.0,103852.0,20.2,53.6
2022-02-06,172142.0,33.4,,,,,,
2022-02-08,,,55447.0,74302.0,279559.0,92853.0,18.1,54.5
2022-02-13,186706.0,36.41,,,,,,
2022-02-15,,,53723.0,84415.0,313269.0,99656.0,17.8,56.1
2022-02-20,213613.0,38.24,,,,,,
2022-02-22,,,55365.0,80940.0,350096.0,106948.0,17.5,57.3
2022-02-27,243148.0,39.76,,,,,,
2022-03-01,,,53433.0,75526.0,354177.0,96555.0,15.7,57.5
2022-03-06,257622.0,41.85,,,,,,
2022-03-08,,,55925.0,87744.0,364618.0,90230.0,14.1,57.1
2022-03-13,274388.0,42.97,,,,,,
2022-03-15,,,54308.0,73338.0,346731.0,84943.0,13.8,56.1
2022-03-20,261788.0,42.39,,,,,,
2022-03-22,,,54711.0,81523.0,328660.0,80628.0,13.3,54.3
2022-03-27,248032.0,40.98,,,,,,
2022-03-29,,,55972.0,86553.0,327632.0,70036.0,12.2,57.0
2022-04-03,257596.0,44.84,,,,,,
2022-04-05,,,54637.0,90779.0,324570.0,79029.0,14.1,57.9
2022-04-10,245541.0,43.79,,,,,,
2022-04-12,,,58590.0,81940.0,338164.0,83877.0,14.5,58.5
2022-04-17,254287.0,44.02,,,,,,
2022-04-19,,,64421.0,83261.0,330745.0,90988.0,15.8,57.5
2022-04-24,239757.0,41.68,,,,,,
2022-04-26,,,74444.0,70659.0,310511.0,92487.0,16.6,55.7
2022-05-01,218024.0,39.09,,,,,,
2022-05-03,,,81213.0,65590.0,293439.0,94271.0,16.8,52.4
2022-05-08,199168.0,35.54,,,,,,
2022-05-10,,,80136.0,57510.0,288947.0,95632.0,16.7,50.6
2022-05-15,193315.0,33.83,,,,,,
2022-05-17,,,77567.0,53159.0,283011.0,107651.0,19.4,50.9
2022-05-22,175360.0,31.55,,,,,,
2022-05-24,,,73763.0,54130.0,282202.0,98389.0,18.6,53.2
2022-05-29,183813.0,34.68,,,,,,
2022-05-31,,,71429.0,53404.0,269459.0,96870.0,18.9,52.5
2022-06-05,172589.0,33.6,,,,,,
2022-06-07,,,61946.0,58232.0,270356.0,95088.0,19.2,54.7
2022-06-12,175268.0,35.47,,,,,,
2022-06-14,,,64874.0,51077.0,266596.0,111998.0,22.5,53.6
2022-06-19,154598.0,31.08,,,,,,
2022-06-21,,,71168.0,50230.0,268119.0,104832.0,21.0,53.6
2022-06-26,163287.0,32.64,,,,,,
2022-06-28,,,78478.0,47782.0,268712.0,111019.0,22.3,54.1
2022-07-03,157693.0,31.73,,,,,,
2022-07-05,,,85869.0,54073.0,267806.0,122146.0,24.5,53.8
2022-07-10,145660.0,29.24,,,,,,
2022-07-12,,,78918.0,52623.0,251126.0,133005.0,24.5,46.3
2022-07-17,118121.0,21.77,,,,,,
2022-07-19,,,75836.0,52000.0,241004.0,146049.0,27.8,45.9
2022-07-24,94955.0,18.09,,,,,,
2022-07-26,,,78939.0,52377.0,241661.0,148971.0,30.6,49.6
2022-07-31,92690.0,19.01,,,,,,
2022-08-02,,,77723.0,50317.0,242128.0,117802.0,25.6,52.7
2022-08-07,124326.0,27.05,,,,,,
2022-08-09,,,77954.0,49477.0,242906.0,100055.0,22.1,53.6
2022-08-14,142851.0,31.5,,,,,,
2022-08-16,,,75017.0,46797.0,238196.0,97032.0,21.4,52.5
2022-08-21,141164.0,31.1,,,,,,
2022-08-23,,,69200.0,50210.0,237427.0,111580.0,24.4,51.9
2022-08-28,125847.0,27.49,,,,,,
2022-08-30,,,69360.0,46105.0,235314.0,117580.0,25.6,51.2
2022-09-04,117734.0,25.64,,,,,,
2022-09-06,,,70571.0,46581.0,231527.0,127670.0,27.4,49.7
2022-09-11,103857.0,22.29,,,,,,
2022-09-13,,,63560.0,44574.0,225932.0,128588.0,27.7,48.7
2022-09-18,97344.0,20.99,,,,,,
2022-09-20,,,67059.0,46773.0,214557.0,148835.0,31.7,45.7
2022-09-25,65722.0,14.0,,,,,,
2022-09-27,,,78482.0,50726.0,207154.0,155073.0,33.9,45.3
2022-10-02,52081.0,11.39,,,,,,
2022-10-04,,,68721.0,50470.0,215964.0,127579.0,29.2,49.4
2022-10-09,88385.0,20.22,,,,,,
2022-10-11,,,66920.0,51021.0,212561.0,118141.0,27.4,49.3
2022-10-16,94420.0,21.89,,,,,,
2022-10-18,,,69637.0,49335.0,210890.0,133934.0,30.8,48.5
2022-10-23,76956.0,17.7,,,,,,
2022-10-25,,,66919.0,50000.0,212853.0,144821.0,31.8,46.7
2022-10-30,68032.0,14.92,,,,,,
2022-11-01,,,58222.0,50738.0,216341.0,151718.0,32.5,46.3
2022-11-06,64623.0,13.83,,,,,,
2022-11-08,,,52115.0,55028.0,223135.0,140797.0,28.8,45.7
2022-11-13,82338.0,16.86,,,,,,
2022-11-15,,,50909.0,60730.0,227282.0,101013.0,20.4,45.9
2022-11-20,126269.0,25.5,,,,,,
2022-11-22,,,49597.0,52701.0,214284.0,98171.0,21.8,47.7
2022-11-27,116113.0,25.83,,,,,,
2022-11-29,,,49449.0,51433.0,209161.0,99158.0,22.9,48.2
2022-12-04,110003.0,25.37,,,,,,
2022-12-06,,,53817.0,55496.0,211472.0,96347.0,22.8,50.1
2022-12-11,115125.0,27.27,,,,,,
2022-12-13,,,55501.0,58057.0,224409.0,98760.0,22.6,51.3
2022-12-18,125649.0,28.75,,,,,,
2022-12-20,,,55165.0,55940.0,226136.0,97288.0,22.3,51.8
2022-12-25,128848.0,29.51,,,,,,
2022-12-27,,,57746.0,58470.0,229525.0,92645.0,21.1,52.2
2023-01-01,136880.0,31.11,,,,,,
2023-01-03,,,61866.0,57191.0,230801.0,89135.0,19.8,51.4
2023-01-08,141666.0,31.52,,,,,,
2023-01-10,,,64526.0,74753.0,243566.0,93031.0,19.3,50.6
2023-01-15,150535.0,31.26,,,,,,
2023-01-17,,,68672.0,84910.0,246874.0,93634.0,19.0,50.2
2023-01-22,153240.0,31.16,,,,,,
2023-01-24,,,67771.0,87941.0,253311.0,95638.0,19.1,50.7
2023-01-29,157673.0,31.54,,,,,,
2023-01-31,,,68195.0,85410.0,256417.0,96136.0,20.4,54.4
2023-02-05,160281.0,33.98,,,,,,
2023-02-07,,,72969.0,75474.0,223298.0,94483.0,21.5,50.8
2023-02-12,128815.0,29.29,,,,,,
2023-02-14,,,72796.0,67285.0,210374.0,104845.0,24.6,49.4
2023-02-19,105529.0,24.77,,,,,,
2023-02-21,,,71346.0,73395.0,210185.0,103084.0,24.4,49.7
2023-02-26,107101.0,25.34,,,,,,
2023-02-28,,,66718.0,60680.0,208419.0,99826.0,23.4,48.8
2023-03-05,108593.0,25.44,,,,,,
2023-03-07,,,72578.0,64858.0,215574.0,117100.0,25.5,47.0
2023-03-12,98474.0,21.48,,,,,,
2023-03-14,,,68244.0,54088.0,230823.0,90492.0,19.7,50.3
2023-03-19,140331.0,30.57,,,,,,
2023-03-21,,,63446.0,51095.0,237891.0,79286.0,16.9,50.6
2023-03-26,158605.0,33.75,,,,,,
2023-03-28,,,58140.0,56595.0,245135.0,63505.0,13.3,51.2
2023-04-02,181630.0,37.95,,,,,,
2023-04-04,,,63492.0,60538.0,266164.0,70948.0,14.9,55.8
2023-04-09,195216.0,40.96,,,,,,
2023-04-11,,,60366.0,56063.0,260165.0,67420.0,14.1,54.6
2023-04-16,192745.0,40.44,,,,,,
2023-04-18,,,58328.0,67262.0,260061.0,70168.0,14.6,53.9
2023-04-23,189893.0,39.38,,,,,,
2023-04-25,,,74266.0,57224.0,253186.0,67922.0,14.4,53.5
2023-04-30,185264.0,39.15,,,,,,
2023-05-02,,,76050.0,54308.0,262413.0,66846.0,13.5,53.1
2023-05-07,195567.0,39.6,,,,,,
2023-05-09,,,79996.0,55131.0,266472.0,70658.0,13.6,51.3
2023-05-14,195814.0,37.73,,,,,,
2023-05-16,,,92300.0,59693.0,255250.0,75436.0,14.5,48.9
2023-05-21,179814.0,34.46,,,,,,
2023-05-23,,,91271.0,61463.0,236149.0,75417.0,15.7,49.3
2023-05-28,160732.0,33.55,,,,,,
2023-05-30,,,90801.0,55099.0,237306.0,67990.0,15.1,52.8
2023-06-04,169316.0,37.67,,,,,,
2023-06-06,,,82616.0,56660.0,237467.0,61826.0,14.2,54.4
2023-06-11,175641.0,40.26,,,,,,
2023-06-13,,,74199.0,61293.0,227317.0,67108.0,15.5,52.5
2023-06-18,160209.0,37.01,,,,,,
2023-06-20,,,62852.0,64740.0,229308.0,66333.0,15.1,52.3
2023-06-25,162975.0,37.21,,,,,,
2023-06-27,,,61574.0,64514.0,220881.0,68971.0,16.0,51.1
2023-07-02,151910.0,35.18,,,,,,
2023-07-03,,,67778.0,59016.0,235081.0,71984.0,16.1,52.5
2023-07-09,163097.0,36.4,,,,,,
2023-07-11,,,70546.0,59389.0,240546.0,74792.0,15.5,49.8
2023-07-16,165754.0,34.31,,,,,,
2023-07-18,,,70871.0,67321.0,263740.0,70392.0,14.6,54.7
2023-07-23,193348.0,40.11,,,,,,
2023-07-25,,,72584.0,73743.0,248229.0,74590.0,15.7,52.1
2023-07-30,173639.0,36.47,,,,,,
2023-08-01,,,69655.0,80399.0,238985.0,74061.0,16.9,54.4
2023-08-06,164924.0,37.54,,,,,,
2023-08-08,,,81304.0,71247.0,228846.0,85861.0,20.1,53.5
2023-08-13,142985.0,33.43,,,,,,
2023-08-15,,,93099.0,67401.0,233078.0,111942.0,25.8,53.8
2023-08-20,121136.0,27.94,,,,,,
2023-08-22,,,88520.0,63905.0,226340.0,124394.0,28.9,52.6
2023-08-27,101946.0,23.7,,,,,,
2023-08-29,,,79240.0,62624.0,236054.0,112782.0,25.5,53.3
2023-09-03,123272.0,27.84,,,,,,
2023-09-05,,,73888.0,67118.0,235802.0,97796.0,22.3,53.8
2023-09-10,138006.0,31.46,,,,,,
2023-09-12,,,79667.0,67333.0,235704.0,111840.0,25.3,53.4
2023-09-17,123864.0,28.07,,,,,,
2023-09-19,,,84544.0,68244.0,237716.0,102553.0,23.4,54.3
2023-09-24,135163.0,30.85,,,,,,
2023-09-26,,,99442.0,70663.0,235560.0,119745.0,27.5,54.1
2023-10-01,115815.0,26.59,,,,,,
2023-10-03,,,91185.0,69273.0,228406.0,137180.0,31.8,53.0
2023-10-08,91226.0,21.16,,,,,,
2023-10-10,,,81434.0,66679.0,220332.0,148899.0,34.1,50.5
2023-10-15,71433.0,16.36,,,,,,
2023-10-17,,,97562.0,71673.0,231412.0,118674.0,27.0,52.6
2023-10-22,112738.0,25.65,,,,,,
2023-10-24,,,92608.0,71848.0,251469.0,102084.0,22.0,54.3
2023-10-29,149385.0,32.23,,,,,,
2023-10-31,,,87070.0,69909.0,261053.0,97628.0,20.5,54.9
2023-11-05,163425.0,34.35,,,,,,
2023-11-07,,,76341.0,66053.0,261653.0,95437.0,19.7,54.0
2023-11-12,166216.0,34.32,,,,,,
2023-11-14,,,78584.0,61976.0,254352.0,98976.0,20.3,52.3
2023-11-19,155376.0,31.93,,,,,,
2023-11-21,,,68365.0,64822.0,269701.0,97996.0,19.3,53.0
2023-11-26,171705.0,33.77,,,,,,
2023-11-28,,,66621.0,62749.0,289845.0,89761.0,17.8,57.3
2023-12-03,200084.0,39.57,,,,,,
2023-12-05,,,64774.0,62780.0,288840.0,85296.0,17.5,59.3
2023-12-10,203544.0,41.76,,,,,,
2023-12-12,,,69634.0,65630.0,273536.0,85303.0,18.2,58.2
2023-12-17,188233.0,40.05,,,,,,
2023-12-19,,,69078.0,74637.0,280972.0,79633.0,16.5,58.4
2023-12-24,201339.0,41.84,,,,,,
2023-12-26,,,66009.0,73086.0,289843.0,82125.0,16.7,59.0
2023-12-31,207718.0,42.28,,,,,,
2024-01-02,,,61977.0,70594.0,290706.0,83057.0,16.6,58.1
2024-01-07,207649.0,41.5,,,,,,
2024-01-09,,,77429.0,64262.0,271665.0,83051.0,17.0,55.5
2024-01-14,188614.0,38.5,,,,,,
2024-01-16,,,87714.0,62408.0,262360.0,82467.0,16.9,53.6
2024-01-21,179893.0,36.76,,,,,,
2024-01-23,,,96292.0,66369.0,241100.0,71626.0,15.4,51.8
2024-01-28,169474.0,36.38,,,,,,
2024-01-30,,,79698.0,71100.0,219222.0,71431.0,16.6,50.9
2024-02-04,147791.0,34.34,,,,,,
2024-02-06,,,84993.0,71283.0,228623.0,66885.0,16.0,54.5
2024-02-11,161738.0,38.59,,,,,,
2024-02-13,,,110926.0,78229.0,217505.0,86337.0,20.5,51.7
2024-02-18,131168.0,31.17,,,,,,
2024-02-20,,,95883.0,79941.0,211034.0,70772.0,17.4,51.8
2024-02-25,140262.0,34.46,,,,,,
2024-02-27,,,71276.0,69673.0,214948.0,73312.0,17.8,52.3
2024-03-03,141636.0,34.44,,,,,,
2024-03-05,,,76297.0,70970.0,264148.0,72855.0,15.4,56.0
2024-03-10,191293.0,40.56,,,,,,
2024-03-12,,,82012.0,87439.0,283062.0,81460.0,15.8,54.9
2024-03-17,201602.0,39.07,,,,,,
2024-03-19,,,92391.0,124316.0,278732.0,77130.0,14.4,52.1
2024-03-24,201602.0,37.68,,,,,,
2024-03-26,,,97688.0,120771.0,265647.0,66353.0,13.2,52.7
2024-03-31,199294.0,39.57,,,,,,
2024-04-02,,,106570.0,126866.0,281399.0,74149.0,14.8,56.3
2024-04-07,207250.0,41.45,,,,,,
2024-04-09,,,101878.0,144572.0,279799.0,77380.0,15.3,55.4
2024-04-14,202419.0,40.07,,,,,,
2024-04-16,,,97021.0,144590.0,278777.0,76854.0,14.9,53.9
2024-04-21,201923.0,39.04,,,,,,
2024-04-23,,,90619.0,149013.0,279535.0,76644.0,14.8,54.1
2024-04-28,202891.0,39.3,,,,,,
2024-04-30,,,94743.0,152807.0,278850.0,74640.0,14.4,53.6
2024-05-05,204210.0,39.29,,,,,,
2024-05-07,,,97499.0,160147.0,272144.0,72577.0,13.7,51.4
2024-05-12,199567.0,37.67,,,,,,
2024-05-14,,,101882.0,163662.0,277642.0,73146.0,14.0,53.1
2024-05-19,204496.0,39.1,,,,,,
2024-05-21,,,91193.0,162887.0,300729.0,70923.0,13.4,56.7
2024-05-26,229806.0,43.31,,,,,,
2024-05-28,,,88217.0,153739.0,286737.0,50152.0,10.3,59.1
2024-06-02,236585.0,48.74,,,,,,
2024-06-04,,,81585.0,142712.0,284566.0,47264.0,10.6,63.6
2024-06-09,237302.0,53.03,,,,,,
2024-06-11,,,77725.0,139013.0,276769.0,42843.0,9.8,63.4
2024-06-16,233926.0,53.55,,,,,,
2024-06-18,,,81269.0,133890.0,287147.0,44063.0,9.9,64.6
2024-06-23,243084.0,54.71,,,,,,
2024-06-25,,,84672.0,134798.0,284885.0,38656.0,8.5,63.0
2024-06-30,246229.0,54.45,,,,,,
2024-07-02,,,86020.0,135243.0,280117.0,38574.0,8.5,61.6
2024-07-07,241543.0,53.12,,,,,,
2024-07-09,,,85206.0,141237.0,303043.0,48268.0,9.3,58.7
2024-07-14,254775.0,49.34,,,,,,
2024-07-16,,,80874.0,139774.0,349827.0,64803.0,11.2,60.3
2024-07-21,285024.0,49.15,,,,,,
2024-07-23,,,75016.0,117236.0,341600.0,68526.0,12.0,59.7
2024-07-28,273074.0,47.71,,,,,,
2024-07-30,,,78482.0,102957.0,313364.0,66763.0,13.1,61.3
2024-08-04,246601.0,48.27,,,,,,
2024-08-06,,,69000.0,88598.0,298119.0,59370.0,12.4,62.0
2024-08-11,238749.0,49.67,,,,,,
2024-08-13,,,70216.0,86013.0,328769.0,61505.0,12.2,65.0
2024-08-18,267264.0,52.83,,,,,,
2024-08-20,,,71561.0,91835.0,355551.0,64298.0,12.1,66.7
2024-08-25,291253.0,54.66,,,,,,
2024-08-27,,,71918.0,89063.0,343330.0,48885.0,9.4,65.8
