指标名称,光伏行业综合价格指数(SPI):硅片,现货价(周平均价):多晶硅片(156mm×156mm)
2013-01-02,,0.807
2013-01-09,,0.807
2013-01-16,,0.808
2013-01-23,,0.819
2013-01-30,,0.822
2013-02-06,,0.837
2013-02-13,,0.84
2013-02-20,,0.849
2013-02-27,,0.851
2013-03-06,,0.859
2013-03-13,,0.861
2013-03-20,,0.862
2013-03-27,,0.862
2013-04-03,,0.862
2013-04-10,,0.862
2013-04-17,,0.852
2013-04-23,,
2013-04-24,,0.845
2013-04-30,,
2013-05-01,,0.842
2013-05-07,,
2013-05-08,,0.842
2013-05-14,,
2013-05-15,,0.842
2013-05-21,,
2013-05-22,,0.842
2013-05-28,,
2013-05-29,,0.842
2013-06-04,,
2013-06-05,,0.842
2013-06-12,,0.842
2013-06-18,,
2013-06-19,,0.842
2013-06-25,,
2013-06-26,,0.843
2013-07-02,,
2013-07-03,,0.844
2013-07-09,,
2013-07-10,,0.844
2013-07-16,,
2013-07-17,,0.844
2013-07-23,,
2013-07-24,,0.84
2013-07-30,,
2013-07-31,,0.839
2013-08-06,,
2013-08-07,,0.838
2013-08-13,,
2013-08-14,,0.838
2013-08-20,,
2013-08-21,,0.837
2013-08-27,,
2013-08-28,,0.835
2013-09-03,,
2013-09-04,,0.84
2013-09-10,,
2013-09-11,,0.847
2013-09-17,,
2013-09-18,,0.847
2013-09-24,,
2013-09-25,,0.85
2013-10-02,,0.85
2013-10-08,,
2013-10-09,,0.86
2013-10-15,,
2013-10-16,,0.866
2013-10-22,,
2013-10-23,,0.866
2013-10-29,,
2013-10-30,,0.873
2013-11-05,,
2013-11-06,,0.873
2013-11-12,,
2013-11-13,,0.874
2013-11-19,,
2013-11-20,,0.874
2013-11-26,,
2013-11-27,,0.874
2013-12-03,,
2013-12-04,,0.881
2013-12-10,,
2013-12-11,,0.9
2013-12-17,,
2013-12-18,,0.902
2013-12-24,,
2013-12-25,,0.921
2013-12-31,,
2014-01-01,,0.926
2014-01-07,,
2014-01-08,,0.932
2014-01-14,,
2014-01-15,,0.939
2014-01-21,,
2014-01-22,,0.94
2014-01-28,,
2014-01-29,,0.941
2014-02-05,,0.941
2014-02-11,,
2014-02-12,,0.941
2014-02-18,,
2014-02-19,,0.941
2014-02-25,,
2014-02-26,,0.941
2014-03-04,,
2014-03-05,,0.941
2014-03-11,,
2014-03-12,,0.939
2014-03-18,,
2014-03-19,,0.935
2014-03-25,,
2014-03-26,,0.932
2014-04-01,,
2014-04-02,,0.927
2014-04-04,101.53,
2014-04-08,,
2014-04-09,,0.92
2014-04-11,101.53,
2014-04-15,,
2014-04-16,,0.918
2014-04-18,101.53,
2014-04-22,,
2014-04-23,,0.916
2014-04-25,101.53,
2014-04-29,,
2014-04-30,,0.909
2014-05-06,,
2014-05-07,,0.899
2014-05-09,101.03,
2014-05-13,,
2014-05-14,,0.898
2014-05-16,101.03,
2014-05-20,,
2014-05-21,,0.896
2014-05-23,101.03,
2014-05-27,,
2014-05-28,,0.893
2014-05-30,100.0,
2014-06-03,,
2014-06-04,,0.885
2014-06-06,100.0,
2014-06-10,,
2014-06-11,,0.879
2014-06-13,100.0,
2014-06-17,,
2014-06-18,,0.874
2014-06-20,100.0,
2014-06-24,,
2014-06-25,,0.866
2014-06-27,100.0,
2014-07-01,,
2014-07-02,,0.861
2014-07-04,98.63,
2014-07-08,,
2014-07-09,,0.86
2014-07-11,97.43,
2014-07-15,,
2014-07-16,,0.858
2014-07-18,96.97,
2014-07-22,,
2014-07-23,,0.857
2014-07-25,96.9,
2014-07-29,,
2014-07-30,,0.853
2014-08-01,96.26,
2014-08-05,,
2014-08-06,,0.843
2014-08-08,96.08,
2014-08-12,,
2014-08-13,,0.839
2014-08-15,95.91,
2014-08-19,,
2014-08-20,,0.836
2014-08-22,95.65,
2014-08-26,,
2014-08-27,,0.835
2014-08-29,95.62,
2014-09-02,,
2014-09-03,,0.835
2014-09-05,96.85,
2014-09-09,,
2014-09-10,,0.838
2014-09-12,96.85,
2014-09-16,,
2014-09-17,,0.846
2014-09-19,96.85,
2014-09-23,,
2014-09-24,,0.855
2014-09-26,96.85,
2014-10-01,,0.855
2014-10-08,,0.87
2014-10-10,96.85,
2014-10-15,,0.878
2014-10-17,96.85,
2014-10-22,,0.88
2014-10-24,96.85,
2014-10-29,,0.88
2014-10-31,96.45,
2014-11-05,,0.88
2014-11-07,95.61,
2014-11-12,,0.88
2014-11-14,95.61,
2014-11-19,,0.88
2014-11-20,,
2014-11-21,95.61,
2014-11-26,,0.88
2014-11-27,,
2014-11-28,95.49,
2014-12-03,,0.88
2014-12-05,95.49,
2014-12-10,,0.879
2014-12-11,,
2014-12-12,95.49,
2014-12-17,,0.877
2014-12-18,,
2014-12-19,95.49,
2014-12-24,,0.874
2014-12-25,,
2014-12-26,95.49,
2014-12-31,,0.873
2015-01-07,,0.872
2015-01-08,,
2015-01-09,94.63,
2015-01-14,,0.87
2015-01-15,,
2015-01-16,94.34,
2015-01-21,,0.867
2015-01-23,94.2,
2015-01-28,,0.864
2015-01-30,94.2,
2015-02-04,,0.853
2015-02-05,,
2015-02-06,94.2,
2015-02-11,,0.844
2015-02-13,94.2,
2015-02-18,,0.843
2015-02-25,,0.842
2015-02-27,94.2,
2015-03-01,,
2015-03-04,,0.839
2015-03-06,94.2,
2015-03-11,,0.835
2015-03-13,93.76,
2015-03-18,,0.834
2015-03-20,93.76,
2015-03-25,,0.832
2015-03-27,92.19,
2015-04-01,,0.825
2015-04-03,91.93,
2015-04-08,,0.822
2015-04-10,91.81,
2015-04-15,,0.82
2015-04-17,91.81,
2015-04-22,,0.817
2015-04-24,91.81,
2015-04-29,,0.816
2015-04-30,,
2015-05-06,,0.81
2015-05-08,91.2,
2015-05-13,,0.808
2015-05-15,90.85,
2015-05-20,,0.804
2015-05-22,90.71,
2015-05-27,,0.804
2015-05-29,90.71,
2015-06-03,,0.804
2015-06-05,90.68,
2015-06-10,,0.804
2015-06-12,90.67,
2015-06-17,,0.804
2015-06-19,90.67,
2015-06-24,,0.804
2015-06-26,90.67,
2015-07-01,,0.805
2015-07-03,90.74,
2015-07-08,,0.806
2015-07-10,90.74,
2015-07-15,,0.807
2015-07-17,90.26,
2015-07-22,,0.808
2015-07-24,89.45,
2015-07-29,,0.809
2015-07-31,89.45,
2015-08-05,,0.81
2015-08-07,87.79,
2015-08-12,,0.808
2015-08-14,87.79,
2015-08-19,,0.807
2015-08-21,87.79,
2015-08-26,,0.809
2015-08-28,87.79,
2015-09-02,,0.812
2015-09-09,,0.815
2015-09-11,87.79,
2015-09-16,,0.817
2015-09-18,87.79,
2015-09-23,,0.819
2015-09-25,87.97,
2015-09-30,,0.823
2015-10-02,87.97,
2015-10-07,,0.824
2015-10-09,87.97,
2015-10-14,,0.825
2015-10-16,87.97,
2015-10-21,,0.827
2015-10-23,87.97,
2015-10-28,,0.828
2015-10-30,87.97,
2015-11-04,,0.832
2015-11-06,88.21,
2015-11-11,,0.834
2015-11-13,88.8,
2015-11-18,,0.836
2015-11-20,88.8,
2015-11-25,,0.84
2015-11-27,86.87,
2015-12-02,,0.843
2015-12-04,87.48,
2015-12-09,,0.845
2015-12-11,87.48,
2015-12-16,,0.847
2015-12-18,87.48,
2015-12-23,,0.855
2015-12-25,88.2,
2015-12-30,,0.86
2016-01-06,,0.866
2016-01-08,88.2,
2016-01-13,,0.87
2016-01-15,88.2,
2016-01-20,,0.873
2016-01-22,88.2,
2016-01-27,,0.873
2016-01-29,88.2,
2016-02-03,,0.873
2016-02-10,,0.873
2016-02-17,,0.871
2016-02-19,88.2,
2016-02-24,,0.87
2016-02-26,90.44,
2016-03-02,,0.868
2016-03-04,90.44,
2016-03-09,,0.867
2016-03-11,90.44,
2016-03-16,,0.866
2016-03-18,90.97,
2016-03-23,,0.862
2016-03-25,91.2,
2016-03-30,,0.858
2016-04-01,90.86,
2016-04-06,,0.857
2016-04-08,90.69,
2016-04-13,,0.855
2016-04-15,90.69,
2016-04-20,,0.853
2016-04-22,90.67,
2016-04-27,,0.851
2016-04-29,90.67,
2016-05-04,,0.849
2016-05-06,90.53,
2016-05-11,,0.847
2016-05-13,90.53,
2016-05-18,,0.845
2016-05-20,90.53,
2016-05-25,,0.843
2016-05-27,90.44,
2016-06-01,,0.835
2016-06-03,89.52,
2016-06-07,,
2016-06-08,89.52,0.828
2016-06-15,,0.82
2016-06-17,89.22,
2016-06-22,,0.805
2016-06-24,88.36,
2016-06-29,,0.79
2016-07-01,86.46,
2016-07-06,,0.774
2016-07-08,86.23,
2016-07-13,,0.755
2016-07-15,82.58,
2016-07-20,,0.74
2016-07-22,82.23,
2016-07-27,,0.725
2016-07-29,81.03,
2016-08-03,,0.714
2016-08-05,79.18,
2016-08-10,,0.7
2016-08-12,77.85,
2016-08-17,,0.679
2016-08-19,74.76,
2016-08-24,,0.64
2016-08-26,71.07,
2016-08-31,,0.599
2016-09-02,65.17,
2016-09-07,,0.563
2016-09-09,62.3,
2016-09-14,,0.535
2016-09-18,60.68,
2016-09-21,,0.51
2016-09-23,59.35,
2016-09-28,,0.51
2016-09-30,59.35,
2016-10-05,,0.515
2016-10-09,61.22,
2016-10-12,,0.545
2016-10-14,65.38,
2016-10-19,,0.578
2016-10-21,67.17,
2016-10-26,,0.614
2016-10-28,73.0,
2016-11-02,,0.639
2016-11-04,75.22,
2016-11-09,,0.663
2016-11-11,76.29,
2016-11-16,,0.662
2016-11-18,77.27,
2016-11-23,,0.659
2016-11-25,75.77,
2016-11-30,,0.65
2016-12-02,74.73,
2016-12-07,,0.642
2016-12-09,74.79,
2016-12-14,,0.634
2016-12-16,74.85,
2016-12-21,,0.627
2016-12-23,74.91,
2016-12-28,,0.623
2016-12-30,74.91,
2017-01-04,,0.621
2017-01-06,75.11,
2017-01-11,,0.62
2017-01-13,75.45,
2017-01-18,,0.62
2017-01-20,75.45,
2017-01-25,,0.62
2017-02-01,,0.62
2017-02-06,76.31,
2017-02-08,,0.62
2017-02-10,76.61,
2017-02-15,,0.62
2017-02-17,76.61,
2017-02-22,,0.62
2017-02-24,76.61,
2017-03-01,,0.614
2017-03-03,75.34,
2017-03-08,,0.607
2017-03-10,75.06,
2017-03-15,,0.594
2017-03-17,72.91,
2017-03-22,,0.58
2017-03-24,71.53,
2017-03-29,,0.565
2017-03-31,69.68,
2017-04-05,,0.555
2017-04-07,68.82,
2017-04-11,,
2017-04-12,,0.545
2017-04-14,67.83,
2017-04-19,,0.542
2017-04-21,68.06,
2017-04-26,,0.549
2017-04-28,69.22,
2017-05-03,,0.561
2017-05-05,69.22,
2017-05-10,,0.561
2017-05-12,69.45,
2017-05-17,,0.561
2017-05-19,71.53,
2017-05-24,,0.58
2017-05-26,72.22,
2017-05-31,,0.597
2017-06-02,72.91,
2017-06-07,,0.605
2017-06-09,73.31,
2017-06-14,,0.605
2017-06-16,73.26,
2017-06-21,,0.605
2017-06-23,73.26,
2017-06-28,,0.608
2017-06-30,73.95,
2017-07-05,,0.608
2017-07-07,74.04,
2017-07-12,,0.608
2017-07-14,74.04,
2017-07-19,,0.608
2017-07-21,73.69,
2017-07-26,,0.628
2017-07-28,74.27,
2017-08-02,,0.64
2017-08-04,74.85,
2017-08-09,,0.647
2017-08-11,75.77,
2017-08-16,,0.647
2017-08-18,75.77,
2017-08-23,,0.647
2017-08-25,76.7,
2017-08-30,,0.654
2017-09-01,77.36,
2017-09-06,,0.659
2017-09-08,77.36,
2017-09-13,,0.657
2017-09-15,77.36,
2017-09-20,,0.65
2017-09-22,76.28,
2017-09-26,76.28,
2017-09-27,,0.645
2017-09-29,76.2,
2017-10-04,,0.64
2017-10-10,76.2,
2017-10-11,,0.639
2017-10-13,76.2,
2017-10-18,76.2,0.634
2017-10-20,76.03,
2017-10-24,73.79,
2017-10-25,,0.631
2017-10-27,73.79,
2017-10-31,73.79,
2017-11-01,,0.629
2017-11-02,73.79,
2017-11-07,73.79,
2017-11-08,,0.627
2017-11-10,73.79,
2017-11-14,73.79,
2017-11-15,,0.626
2017-11-17,73.79,
2017-11-21,73.79,
2017-11-22,,0.625
2017-11-24,73.79,
2017-11-29,73.79,0.624
2017-12-01,73.79,
2017-12-05,73.79,
2017-12-06,,0.623
2017-12-08,73.79,
2017-12-12,73.79,
2017-12-13,,0.621
2017-12-15,73.13,
2017-12-19,73.13,
2017-12-20,,0.62
2017-12-22,72.91,
2017-12-26,68.09,
2017-12-27,,0.618
2017-12-29,68.09,
2018-01-02,68.04,
2018-01-03,,0.617
2018-01-05,67.54,
2018-01-09,67.54,
2018-01-10,,0.615
2018-01-12,67.46,
2018-01-16,67.32,
2018-01-17,,0.608
2018-01-19,67.08,
2018-01-23,65.47,
2018-01-24,,0.598
2018-01-26,63.54,
2018-01-30,62.05,
2018-01-31,,0.557
2018-02-01,61.31,
2018-02-06,59.21,
2018-02-07,,0.536
2018-02-09,59.21,
2018-02-14,,0.534
2018-02-21,,0.532
2018-02-24,57.14,
2018-02-27,57.14,
2018-02-28,,0.526
2018-03-02,56.73,
2018-03-06,56.32,
2018-03-07,,0.523
2018-03-09,55.9,
2018-03-13,55.79,
2018-03-14,,0.48
2018-03-16,55.63,
2018-03-20,55.71,
2018-03-21,,0.505
2018-03-23,55.68,
2018-03-27,55.68,
2018-03-28,,0.504
2018-03-30,55.68,
2018-04-03,55.66,
2018-04-04,,0.503
2018-04-08,55.66,
2018-04-10,55.66,
2018-04-11,,0.5
2018-04-13,55.43,
2018-04-17,55.43,
2018-04-18,,0.499
2018-04-20,55.28,
2018-04-24,55.35,
2018-04-25,,0.493
2018-04-27,54.52,
2018-05-02,,0.488
2018-05-04,53.61,
2018-05-08,52.45,
2018-05-09,,0.468
2018-05-11,52.45,
2018-05-15,52.04,
2018-05-16,,0.46
2018-05-18,51.46,
2018-05-22,51.46,
2018-05-23,,0.445
2018-05-25,49.53,
2018-05-30,,0.415
2018-06-01,48.7,
2018-06-06,,0.378
2018-06-08,45.12,
2018-06-12,44.4,
2018-06-13,,0.366
2018-06-15,40.43,
2018-06-20,,0.336
2018-06-22,40.21,
2018-06-27,,0.318
2018-06-29,38.23,
2018-07-04,,0.308
2018-07-06,38.31,
2018-07-11,,0.306
2018-07-13,38.64,
2018-07-18,,0.306
2018-07-20,38.73,
2018-07-25,,0.304
2018-07-27,38.03,
2018-08-01,,0.303
2018-08-03,38.44,
2018-08-08,,0.317
2018-08-10,38.44,
2018-08-15,,0.317
2018-08-17,38.44,
2018-08-22,,0.308
2018-08-24,38.44,
2018-08-29,,0.302
2018-08-31,37.37,
2018-09-05,,0.298
2018-09-07,36.96,
2018-09-12,,0.292
2018-09-14,36.87,
2018-09-19,,0.286
2018-09-21,36.71,
2018-09-26,,0.283
2018-09-28,36.21,
2018-10-03,,0.28
2018-10-10,,0.277
2018-10-12,35.66,
2018-10-17,,0.274
2018-10-19,35.61,
2018-10-24,,0.271
2018-10-26,34.75,
2018-10-31,,0.27
2018-11-02,34.72,
2018-11-07,,0.27
2018-11-09,34.72,
2018-11-14,,0.269
2018-11-16,34.38,
2018-11-21,,0.268
2018-11-23,34.34,
2018-11-28,,0.27
2018-11-30,34.34,
2018-12-05,,0.272
2018-12-07,34.34,
2018-12-12,,0.273
2018-12-14,34.34,
2018-12-19,,0.273
2018-12-21,34.34,
2018-12-26,,0.274
2018-12-28,34.34,
2019-01-02,,0.272
2019-01-04,34.34,
2019-01-09,,0.272
2019-01-11,34.34,
2019-01-16,,0.272
2019-01-18,34.34,
2019-01-23,,0.271
2019-01-25,34.67,
2019-01-30,,0.274
2019-02-01,35.02,
2019-02-06,,0.274
2019-02-13,,0.274
2019-02-15,35.21,
2019-02-20,,0.274
2019-02-22,35.43,
2019-02-27,,0.276
2019-03-01,35.43,
2019-03-06,,0.276
2019-03-08,35.43,
2019-03-13,,0.276
2019-03-15,35.15,
2019-03-20,,0.276
2019-03-22,35.02,
2019-03-27,,0.274
2019-03-29,33.61,
2019-04-03,,0.273
2019-04-04,33.33,
2019-04-10,,0.271
2019-04-12,33.16,
2019-04-17,,0.269
2019-04-19,33.16,
2019-04-24,,0.266
2019-04-26,33.16,
2019-05-01,,0.266
2019-05-08,,0.265
2019-05-10,33.16,
2019-05-15,,0.262
2019-05-17,33.03,
2019-05-22,,0.26
2019-05-24,33.03,
2019-05-29,,0.26
2019-05-31,33.03,
2019-06-05,,0.26
2019-06-06,33.03,
2019-06-12,,0.26
2019-06-14,33.03,
2019-06-19,,0.26
2019-06-21,33.03,
2019-06-26,,0.258
2019-06-28,32.96,
2019-07-03,,0.257
2019-07-05,32.8,
2019-07-10,,0.255
2019-07-12,32.78,
2019-07-17,,0.252
2019-07-19,32.78,
2019-07-24,,0.249
2019-07-26,32.61,
2019-07-31,,0.248
2019-08-02,32.38,
2019-08-07,,0.244
2019-08-09,32.3,
2019-08-14,,0.243
2019-08-16,32.3,
2019-08-21,,0.239
2019-08-23,32.3,
2019-08-28,,0.234
2019-08-30,32.3,
2019-09-04,,0.232
2019-09-06,32.37,
2019-09-11,,0.232
2019-09-12,32.38,
2019-09-18,,0.232
2019-09-20,32.4,
2019-09-25,,0.232
2019-09-27,32.78,
2019-10-02,,0.232
2019-10-09,,0.232
2019-10-11,32.74,
2019-10-16,,0.232
2019-10-18,32.74,
2019-10-23,,0.231
2019-10-25,32.57,
2019-10-30,,0.228
2019-11-01,32.17,
2019-11-06,,0.228
2019-11-08,32.02,
2019-11-13,,0.222
2019-11-15,31.89,
2019-11-20,,0.212
2019-11-22,31.87,
2019-11-27,,0.205
2019-11-29,31.34,
2019-12-04,,0.194
2019-12-06,30.88,
2019-12-11,,0.192
2019-12-13,30.59,
2019-12-18,,0.192
2019-12-20,30.34,
2019-12-25,,0.183
2019-12-27,30.06,
2020-01-01,,0.178
2020-01-03,30.04,
2020-01-08,,0.174
2020-01-10,29.37,
2020-01-15,,0.164
2020-01-17,29.37,
2020-01-22,,0.16
2020-01-29,,0.16
2020-02-05,,0.16
2020-02-07,29.37,
2020-02-12,,0.16
2020-02-14,29.71,
2020-02-19,,0.159
2020-02-21,29.91,
2020-02-26,,0.159
2020-02-28,29.91,
2020-03-04,,0.159
2020-03-06,29.91,
2020-03-11,,0.159
2020-03-13,29.36,
2020-03-18,,0.155
2020-03-20,29.27,
2020-03-25,,0.15
2020-03-27,28.78,
2020-04-01,,0.147
2020-04-03,28.34,
2020-04-08,,0.144
2020-04-10,28.6,
2020-04-15,,0.142
2020-04-17,27.55,
2020-04-22,,0.136
2020-04-24,25.86,
2020-04-29,,0.133
2020-05-06,,0.128
2020-05-08,25.5,
2020-05-13,,0.125
2020-05-15,24.32,
2020-05-20,,0.123
2020-05-22,24.32,
2020-05-27,,0.118
2020-05-29,23.27,
2020-06-03,,0.115
2020-06-05,23.11,
2020-06-10,,0.113
2020-06-12,23.11,
2020-06-17,,0.113
2020-06-19,23.11,
2020-06-24,23.11,0.113
2020-07-01,,0.128
2020-07-02,23.11,
2020-07-08,,0.133
2020-07-10,23.11,
2020-07-15,,0.133
2020-07-17,23.11,
2020-07-22,,0.133
2020-07-24,23.52,
2020-07-29,,0.145
2020-07-31,26.2,
2020-08-05,,0.15
2020-08-07,28.9,
2020-08-12,,0.153
2020-08-14,30.36,
2020-08-19,,0.153
2020-08-21,30.36,
2020-08-26,,0.153
2020-08-28,31.25,
2020-09-02,,0.153
2020-09-04,31.25,
2020-09-09,,0.153
2020-09-11,31.25,
2020-09-16,,0.153
2020-09-18,31.25,
2020-09-23,,0.152
2020-09-25,31.25,
2020-09-30,31.25,0.151
2020-10-07,,0.151
2020-10-14,31.25,0.151
2020-10-16,31.25,
2020-10-21,,0.154
2020-10-23,31.08,
2020-10-28,31.08,0.153
2020-11-02,30.67,
2020-11-04,,0.152
2020-11-09,30.67,
2020-11-11,,0.153
2020-11-16,30.67,
2020-11-18,,0.154
2020-11-23,30.67,
2020-11-25,,0.153
2020-11-30,30.42,
2020-12-02,,0.152
2020-12-07,30.25,
2020-12-09,,0.152
2020-12-14,30.25,
2020-12-16,,0.152
2020-12-21,30.25,
2020-12-23,,0.152
2020-12-28,30.25,
2020-12-30,,0.152
2021-01-04,29.84,
2021-01-06,,0.154
2021-01-11,29.84,
2021-01-13,,0.154
2021-01-18,29.84,
2021-01-20,,0.154
2021-01-25,29.84,
2021-01-27,,0.157
2021-02-01,30.01,
2021-02-03,,0.157
2021-02-08,30.01,
2021-02-10,,0.172
2021-02-17,,0.172
2021-02-24,,0.172
2021-02-26,30.67,
2021-03-03,,0.186
2021-03-08,33.84,
2021-03-10,,0.186
2021-03-15,33.6,
2021-03-17,,0.186
2021-03-22,34.47,
2021-03-24,,0.185
2021-03-29,35.3,
2021-03-31,,0.183
2021-04-06,36.18,
2021-04-07,,0.182
2021-04-12,37.01,
2021-04-14,,0.182
2021-04-19,37.86,
2021-04-21,,0.246
2021-04-23,,
2021-04-26,39.11,
2021-04-28,,0.261
2021-04-30,39.7,
2021-05-05,,0.261
2021-05-10,40.11,
2021-05-12,,0.289
2021-05-17,43.55,
2021-05-19,,0.299
2021-05-24,44.24,
2021-05-26,,0.339
2021-05-31,46.67,
2021-06-02,,0.341
2021-06-07,49.87,
2021-06-09,,0.341
2021-06-15,49.54,
2021-06-16,,0.341
2021-06-21,48.47,
2021-06-23,,0.323
2021-06-28,47.64,
2021-06-30,,0.317
2021-07-05,43.0,
2021-07-07,,0.313
2021-07-12,42.17,
2021-07-14,,0.305
2021-07-19,41.7,
2021-07-21,,0.295
2021-07-26,40.81,
2021-07-28,,0.287
2021-08-02,40.89,
2021-08-04,,0.287
2021-08-09,40.89,
2021-08-11,,0.287
2021-08-16,43.48,
2021-08-18,,0.287
2021-08-23,45.11,
2021-08-25,,0.287
2021-08-30,47.48,
2021-09-01,,0.287
2021-09-06,48.56,
2021-09-08,,0.287
2021-09-13,48.56,
2021-09-15,,0.288
2021-09-22,,0.288
2021-09-27,49.33,
2021-09-29,,0.298
2021-09-30,55.18,
2021-10-06,,0.298
2021-10-13,,0.358
2021-10-18,58.16,
2021-10-20,,0.361
2021-10-25,58.16,
2021-10-27,,0.358
2021-11-01,58.16,
2021-11-03,,0.352
2021-11-08,58.16,
2021-11-10,,0.344
2021-11-15,57.88,
2021-11-17,,0.333
2021-11-22,57.8,
2021-11-24,,0.319
2021-11-29,54.99,
2021-12-01,,0.293
2021-12-06,52.73,
2021-12-08,,0.279
2021-12-13,50.66,
2021-12-15,,0.26
2021-12-20,48.51,
2021-12-22,,0.26
2021-12-27,48.68,
2021-12-29,,0.279
2022-01-04,48.95,
2022-01-05,,0.279
2022-01-10,49.23,
2022-01-12,,0.279
2022-01-17,50.88,
2022-01-19,,0.299
2022-01-24,50.99,
2022-01-26,,0.3
2022-02-02,,0.312
2022-02-07,52.37,
2022-02-09,,0.312
2022-02-14,52.58,
2022-02-16,,0.312
2022-02-21,52.64,
2022-02-23,,0.317
2022-02-28,53.2,
2022-03-02,,0.317
2022-03-07,53.2,
2022-03-09,,0.317
2022-03-14,53.82,
2022-03-16,,0.315
2022-03-21,53.82,
2022-03-23,,0.314
2022-03-28,53.84,
2022-03-30,,0.314
2022-04-06,53.84,0.314
2022-04-11,54.46,
2022-04-13,,0.314
2022-04-18,54.56,
2022-04-20,,0.314
2022-04-25,54.56,
2022-04-27,,0.307
2022-05-04,,0.307
2022-05-05,54.93,
2022-05-09,54.93,
2022-05-11,,0.303
2022-05-16,54.93,
2022-05-18,,0.302
2022-05-23,54.93,
2022-05-25,,0.305
2022-05-30,54.93,
2022-06-01,,0.305
2022-06-06,54.93,
2022-06-08,,0.305
2022-06-13,54.85,
2022-06-15,,0.305
2022-06-20,54.85,
2022-06-22,,0.305
2022-06-27,54.85,
2022-06-29,,0.315
2022-07-04,56.8,
2022-07-06,,0.348
2022-07-11,57.06,
2022-07-13,,0.348
2022-07-18,57.09,
2022-07-20,,0.348
2022-07-25,57.09,
2022-07-27,,0.359
2022-08-01,58.69,
2022-08-03,,0.359
2022-08-08,58.69,
2022-08-10,,0.359
2022-08-15,58.69,
2022-08-17,,0.359
2022-08-22,58.69,
2022-08-24,,0.356
2022-08-29,58.69,
2022-08-31,,0.352
2022-09-05,58.69,
2022-09-07,,0.349
2022-09-13,58.69,
2022-09-14,,0.348
2022-09-19,58.69,
2022-09-21,,0.344
2022-09-26,58.69,
2022-09-28,,0.337
2022-10-05,,0.337
2022-10-10,58.69,
2022-10-12,,0.336
2022-10-17,58.69,
2022-10-19,,0.333
2022-10-24,58.69,
2022-10-26,,0.332
2022-10-31,58.69,
2022-11-02,,0.328
2022-11-07,66.77,
2022-11-09,,0.327
2022-11-14,66.51,
2022-11-16,,0.331
2022-11-21,66.4,
2022-11-23,,0.325
2022-11-28,66.05,
2022-11-30,,0.315
2022-12-05,64.34,
2022-12-07,,0.305
2022-12-12,64.01,
2022-12-14,,0.272
2022-12-19,58.05,
2022-12-21,,0.257
2022-12-28,,0.236
2023-01-03,52.1,
2023-01-04,,0.212
2023-01-09,41.48,
2023-01-11,,0.215
2023-01-16,41.04,
2023-01-18,,0.25
2023-01-25,,0.25
2023-01-30,52.18,
2023-02-01,,0.341
2023-02-06,55.49,
2023-02-08,,0.357
2023-02-13,70.69,
2023-02-15,,0.357
2023-02-20,70.69,
2023-02-22,,0.352
2023-02-27,70.69,
2023-03-01,,0.35
2023-03-06,70.69,
2023-03-08,,0.35
2023-03-13,71.92,
2023-03-15,,0.35
2023-03-20,71.92,
2023-03-22,,0.35
2023-03-27,71.92,
2023-03-29,,0.35
2023-04-03,71.92,
2023-04-05,,0.35
2023-04-10,72.15,
2023-04-12,,0.345
2023-04-17,72.15,
2023-04-19,,0.341
2023-04-24,71.87,
2023-04-26,,0.327
2023-05-03,,0.313
2023-05-10,,0.263
2023-05-15,63.87,
2023-05-17,,0.243
2023-05-22,58.41,
2023-05-24,,0.219
2023-05-29,51.79,
2023-05-31,,0.21
2023-06-05,48.92,
2023-06-07,,0.198
2023-06-12,44.68,
2023-06-14,,0.178
2023-06-19,36.29,
2023-06-21,,0.178
2023-06-26,31.44,
2023-06-28,,0.178
2023-07-03,31.44,
2023-07-05,,0.173
2023-07-10,31.44,
2023-07-12,,0.173
2023-07-17,31.99,
2023-07-19,,0.173
2023-07-24,32.58,
2023-07-26,,0.173
2023-07-31,32.58,
2023-08-02,,0.177
2023-08-07,33.13,
2023-08-09,,0.177
2023-08-14,35.0,
2023-08-16,,0.191
2023-08-21,35.06,
2023-08-23,,0.201
2023-08-28,36.16,
2023-08-30,,0.201
2023-09-04,36.35,
2023-09-06,,0.201
2023-09-11,36.35,
2023-09-13,,0.2
2023-09-18,36.35,
2023-09-20,,0.198
2023-09-25,35.95,
2023-09-27,,0.185
2023-10-04,,0.184
2023-10-09,32.5,
2023-10-11,,0.178
2023-10-16,28.36,
2023-10-18,,0.163
2023-10-23,27.92,
2023-10-25,,0.159
2023-10-30,24.73,
2023-11-01,,0.156
2023-11-06,22.66,
2023-11-08,,0.156
2023-11-13,22.66,
2023-11-15,,0.156
2023-11-20,22.58,
2023-11-22,,0.158
2023-11-27,21.94,
2023-11-29,,0.158
2023-12-04,21.94,
2023-12-06,,0.154
2023-12-11,21.2,
2023-12-13,,0.147
2023-12-18,20.06,
2023-12-20,,0.141
2023-12-25,19.37,
2023-12-27,,0.134
2024-01-03,,0.134
2024-01-08,19.1,
2024-01-10,,0.134
2024-01-15,19.1,
2024-01-17,,0.134
2024-01-22,19.15,
2024-01-24,,0.137
2024-01-29,19.15,
2024-01-31,,0.137
2024-02-05,19.43,
2024-02-07,,0.137
2024-02-14,,0.137
2024-02-21,,0.137
2024-02-26,19.43,
2024-02-28,,0.137
2024-03-04,19.43,
2024-03-06,,0.137
2024-03-11,19.43,
2024-03-13,,0.134
2024-03-18,19.15,
2024-03-20,,0.131
2024-03-25,18.63,
2024-03-27,,0.119
2024-04-03,,0.113
2024-04-08,17.99,
2024-04-10,,0.112
2024-04-15,17.44,
2024-04-17,,0.111
2024-04-22,17.44,
2024-04-24,,0.11
2024-04-29,17.16,
2024-05-01,,0.107
2024-05-08,,0.105
2024-05-13,16.61,
2024-05-15,,0.095
2024-05-20,16.12,
2024-05-22,,0.086
2024-05-27,15.01,
2024-05-29,,0.084
2024-06-03,14.74,
2024-06-05,,0.083
2024-06-11,14.74,
2024-06-12,,0.083
2024-06-17,14.74,
2024-06-19,,0.083
2024-06-25,14.74,
2024-06-26,,0.083
2024-07-01,14.74,
2024-07-03,,0.083
2024-07-09,14.74,
2024-07-10,,0.083
2024-07-15,14.74,
2024-07-17,,0.083
2024-07-22,14.74,
2024-07-24,,0.083
2024-07-29,14.74,
2024-07-31,,0.083
2024-08-05,14.74,
2024-08-07,,0.084
2024-08-12,14.74,
2024-08-14,,0.084
2024-08-19,14.74,
2024-08-21,,0.084
2024-08-26,14.74,
2024-08-28,,0.084
2024-09-02,14.74,
