,EB.DCE_open,EB.DCE_high,EB.DCE_low,EB.DCE_close,EB.DCE_volume
2012-01-04,,,,,
2012-01-05,,,,,
2012-01-06,,,,,
2012-01-09,,,,,
2012-01-10,,,,,
2012-01-11,,,,,
2012-01-12,,,,,
2012-01-13,,,,,
2012-01-16,,,,,
2012-01-17,,,,,
2012-01-18,,,,,
2012-01-19,,,,,
2012-01-20,,,,,
2012-01-30,,,,,
2012-01-31,,,,,
2012-02-01,,,,,
2012-02-02,,,,,
2012-02-03,,,,,
2012-02-06,,,,,
2012-02-07,,,,,
2012-02-08,,,,,
2012-02-09,,,,,
2012-02-10,,,,,
2012-02-13,,,,,
2012-02-14,,,,,
2012-02-15,,,,,
2012-02-16,,,,,
2012-02-17,,,,,
2012-02-20,,,,,
2012-02-21,,,,,
2012-02-22,,,,,
2012-02-23,,,,,
2012-02-24,,,,,
2012-02-27,,,,,
2012-02-28,,,,,
2012-02-29,,,,,
2012-03-01,,,,,
2012-03-02,,,,,
2012-03-05,,,,,
2012-03-06,,,,,
2012-03-07,,,,,
2012-03-08,,,,,
2012-03-09,,,,,
2012-03-12,,,,,
2012-03-13,,,,,
2012-03-14,,,,,
2012-03-15,,,,,
2012-03-16,,,,,
2012-03-19,,,,,
2012-03-20,,,,,
2012-03-21,,,,,
2012-03-22,,,,,
2012-03-23,,,,,
2012-03-26,,,,,
2012-03-27,,,,,
2012-03-28,,,,,
2012-03-29,,,,,
2012-03-30,,,,,
2012-04-05,,,,,
2012-04-06,,,,,
2012-04-09,,,,,
2012-04-10,,,,,
2012-04-11,,,,,
2012-04-12,,,,,
2012-04-13,,,,,
2012-04-16,,,,,
2012-04-17,,,,,
2012-04-18,,,,,
2012-04-19,,,,,
2012-04-20,,,,,
2012-04-23,,,,,
2012-04-24,,,,,
2012-04-25,,,,,
2012-04-26,,,,,
2012-04-27,,,,,
2012-05-02,,,,,
2012-05-03,,,,,
2012-05-04,,,,,
2012-05-07,,,,,
2012-05-08,,,,,
2012-05-09,,,,,
2012-05-10,,,,,
2012-05-11,,,,,
2012-05-14,,,,,
2012-05-15,,,,,
2012-05-16,,,,,
2012-05-17,,,,,
2012-05-18,,,,,
2012-05-21,,,,,
2012-05-22,,,,,
2012-05-23,,,,,
2012-05-24,,,,,
2012-05-25,,,,,
2012-05-28,,,,,
2012-05-29,,,,,
2012-05-30,,,,,
2012-05-31,,,,,
2012-06-01,,,,,
2012-06-04,,,,,
2012-06-05,,,,,
2012-06-06,,,,,
2012-06-07,,,,,
2012-06-08,,,,,
2012-06-11,,,,,
2012-06-12,,,,,
2012-06-13,,,,,
2012-06-14,,,,,
2012-06-15,,,,,
2012-06-18,,,,,
2012-06-19,,,,,
2012-06-20,,,,,
2012-06-21,,,,,
2012-06-25,,,,,
2012-06-26,,,,,
2012-06-27,,,,,
2012-06-28,,,,,
2012-06-29,,,,,
2012-07-02,,,,,
2012-07-03,,,,,
2012-07-04,,,,,
2012-07-05,,,,,
2012-07-06,,,,,
2012-07-09,,,,,
2012-07-10,,,,,
2012-07-11,,,,,
2012-07-12,,,,,
2012-07-13,,,,,
2012-07-16,,,,,
2012-07-17,,,,,
2012-07-18,,,,,
2012-07-19,,,,,
2012-07-20,,,,,
2012-07-23,,,,,
2012-07-24,,,,,
2012-07-25,,,,,
2012-07-26,,,,,
2012-07-27,,,,,
2012-07-30,,,,,
2012-07-31,,,,,
2012-08-01,,,,,
2012-08-02,,,,,
2012-08-03,,,,,
2012-08-06,,,,,
2012-08-07,,,,,
2012-08-08,,,,,
2012-08-09,,,,,
2012-08-10,,,,,
2012-08-13,,,,,
2012-08-14,,,,,
2012-08-15,,,,,
2012-08-16,,,,,
2012-08-17,,,,,
2012-08-20,,,,,
2012-08-21,,,,,
2012-08-22,,,,,
2012-08-23,,,,,
2012-08-24,,,,,
2012-08-27,,,,,
2012-08-28,,,,,
2012-08-29,,,,,
2012-08-30,,,,,
2012-08-31,,,,,
2012-09-03,,,,,
2012-09-04,,,,,
2012-09-05,,,,,
2012-09-06,,,,,
2012-09-07,,,,,
2012-09-10,,,,,
2012-09-11,,,,,
2012-09-12,,,,,
2012-09-13,,,,,
2012-09-14,,,,,
2012-09-17,,,,,
2012-09-18,,,,,
2012-09-19,,,,,
2012-09-20,,,,,
2012-09-21,,,,,
2012-09-24,,,,,
2012-09-25,,,,,
2012-09-26,,,,,
2012-09-27,,,,,
2012-09-28,,,,,
2012-10-08,,,,,
2012-10-09,,,,,
2012-10-10,,,,,
2012-10-11,,,,,
2012-10-12,,,,,
2012-10-15,,,,,
2012-10-16,,,,,
2012-10-17,,,,,
2012-10-18,,,,,
2012-10-19,,,,,
2012-10-22,,,,,
2012-10-23,,,,,
2012-10-24,,,,,
2012-10-25,,,,,
2012-10-26,,,,,
2012-10-29,,,,,
2012-10-30,,,,,
2012-10-31,,,,,
2012-11-01,,,,,
2012-11-02,,,,,
2012-11-05,,,,,
2012-11-06,,,,,
2012-11-07,,,,,
2012-11-08,,,,,
2012-11-09,,,,,
2012-11-12,,,,,
2012-11-13,,,,,
2012-11-14,,,,,
2012-11-15,,,,,
2012-11-16,,,,,
2012-11-19,,,,,
2012-11-20,,,,,
2012-11-21,,,,,
2012-11-22,,,,,
2012-11-23,,,,,
2012-11-26,,,,,
2012-11-27,,,,,
2012-11-28,,,,,
2012-11-29,,,,,
2012-11-30,,,,,
2012-12-03,,,,,
2012-12-04,,,,,
2012-12-05,,,,,
2012-12-06,,,,,
2012-12-07,,,,,
2012-12-10,,,,,
2012-12-11,,,,,
2012-12-12,,,,,
2012-12-13,,,,,
2012-12-14,,,,,
2012-12-17,,,,,
2012-12-18,,,,,
2012-12-19,,,,,
2012-12-20,,,,,
2012-12-21,,,,,
2012-12-24,,,,,
2012-12-25,,,,,
2012-12-26,,,,,
2012-12-27,,,,,
2012-12-28,,,,,
2012-12-31,,,,,
2013-01-04,,,,,
2013-01-07,,,,,
2013-01-08,,,,,
2013-01-09,,,,,
2013-01-10,,,,,
2013-01-11,,,,,
2013-01-14,,,,,
2013-01-15,,,,,
2013-01-16,,,,,
2013-01-17,,,,,
2013-01-18,,,,,
2013-01-21,,,,,
2013-01-22,,,,,
2013-01-23,,,,,
2013-01-24,,,,,
2013-01-25,,,,,
2013-01-28,,,,,
2013-01-29,,,,,
2013-01-30,,,,,
2013-01-31,,,,,
2013-02-01,,,,,
2013-02-04,,,,,
2013-02-05,,,,,
2013-02-06,,,,,
2013-02-07,,,,,
2013-02-08,,,,,
2013-02-18,,,,,
2013-02-19,,,,,
2013-02-20,,,,,
2013-02-21,,,,,
2013-02-22,,,,,
2013-02-25,,,,,
2013-02-26,,,,,
2013-02-27,,,,,
2013-02-28,,,,,
2013-03-01,,,,,
2013-03-04,,,,,
2013-03-05,,,,,
2013-03-06,,,,,
2013-03-07,,,,,
2013-03-08,,,,,
2013-03-11,,,,,
2013-03-12,,,,,
2013-03-13,,,,,
2013-03-14,,,,,
2013-03-15,,,,,
2013-03-18,,,,,
2013-03-19,,,,,
2013-03-20,,,,,
2013-03-21,,,,,
2013-03-22,,,,,
2013-03-25,,,,,
2013-03-26,,,,,
2013-03-27,,,,,
2013-03-28,,,,,
2013-03-29,,,,,
2013-04-01,,,,,
2013-04-02,,,,,
2013-04-03,,,,,
2013-04-08,,,,,
2013-04-09,,,,,
2013-04-10,,,,,
2013-04-11,,,,,
2013-04-12,,,,,
2013-04-15,,,,,
2013-04-16,,,,,
2013-04-17,,,,,
2013-04-18,,,,,
2013-04-19,,,,,
2013-04-22,,,,,
2013-04-23,,,,,
2013-04-24,,,,,
2013-04-25,,,,,
2013-04-26,,,,,
2013-05-02,,,,,
2013-05-03,,,,,
2013-05-06,,,,,
2013-05-07,,,,,
2013-05-08,,,,,
2013-05-09,,,,,
2013-05-10,,,,,
2013-05-13,,,,,
2013-05-14,,,,,
2013-05-15,,,,,
2013-05-16,,,,,
2013-05-17,,,,,
2013-05-20,,,,,
2013-05-21,,,,,
2013-05-22,,,,,
2013-05-23,,,,,
2013-05-24,,,,,
2013-05-27,,,,,
2013-05-28,,,,,
2013-05-29,,,,,
2013-05-30,,,,,
2013-05-31,,,,,
2013-06-03,,,,,
2013-06-04,,,,,
2013-06-05,,,,,
2013-06-06,,,,,
2013-06-07,,,,,
2013-06-13,,,,,
2013-06-14,,,,,
2013-06-17,,,,,
2013-06-18,,,,,
2013-06-19,,,,,
2013-06-20,,,,,
2013-06-21,,,,,
2013-06-24,,,,,
2013-06-25,,,,,
2013-06-26,,,,,
2013-06-27,,,,,
2013-06-28,,,,,
2013-07-01,,,,,
2013-07-02,,,,,
2013-07-03,,,,,
2013-07-04,,,,,
2013-07-05,,,,,
2013-07-08,,,,,
2013-07-09,,,,,
2013-07-10,,,,,
2013-07-11,,,,,
2013-07-12,,,,,
2013-07-15,,,,,
2013-07-16,,,,,
2013-07-17,,,,,
2013-07-18,,,,,
2013-07-19,,,,,
2013-07-22,,,,,
2013-07-23,,,,,
2013-07-24,,,,,
2013-07-25,,,,,
2013-07-26,,,,,
2013-07-29,,,,,
2013-07-30,,,,,
2013-07-31,,,,,
2013-08-01,,,,,
2013-08-02,,,,,
2013-08-05,,,,,
2013-08-06,,,,,
2013-08-07,,,,,
2013-08-08,,,,,
2013-08-09,,,,,
2013-08-12,,,,,
2013-08-13,,,,,
2013-08-14,,,,,
2013-08-15,,,,,
2013-08-16,,,,,
2013-08-19,,,,,
2013-08-20,,,,,
2013-08-21,,,,,
2013-08-22,,,,,
2013-08-23,,,,,
2013-08-26,,,,,
2013-08-27,,,,,
2013-08-28,,,,,
2013-08-29,,,,,
2013-08-30,,,,,
2013-09-02,,,,,
2013-09-03,,,,,
2013-09-04,,,,,
2013-09-05,,,,,
2013-09-06,,,,,
2013-09-09,,,,,
2013-09-10,,,,,
2013-09-11,,,,,
2013-09-12,,,,,
2013-09-13,,,,,
2013-09-16,,,,,
2013-09-17,,,,,
2013-09-18,,,,,
2013-09-23,,,,,
2013-09-24,,,,,
2013-09-25,,,,,
2013-09-26,,,,,
2013-09-27,,,,,
2013-09-30,,,,,
2013-10-08,,,,,
2013-10-09,,,,,
2013-10-10,,,,,
2013-10-11,,,,,
2013-10-14,,,,,
2013-10-15,,,,,
2013-10-16,,,,,
2013-10-17,,,,,
2013-10-18,,,,,
2013-10-21,,,,,
2013-10-22,,,,,
2013-10-23,,,,,
2013-10-24,,,,,
2013-10-25,,,,,
2013-10-28,,,,,
2013-10-29,,,,,
2013-10-30,,,,,
2013-10-31,,,,,
2013-11-01,,,,,
2013-11-04,,,,,
2013-11-05,,,,,
2013-11-06,,,,,
2013-11-07,,,,,
2013-11-08,,,,,
2013-11-11,,,,,
2013-11-12,,,,,
2013-11-13,,,,,
2013-11-14,,,,,
2013-11-15,,,,,
2013-11-18,,,,,
2013-11-19,,,,,
2013-11-20,,,,,
2013-11-21,,,,,
2013-11-22,,,,,
2013-11-25,,,,,
2013-11-26,,,,,
2013-11-27,,,,,
2013-11-28,,,,,
2013-11-29,,,,,
2013-12-02,,,,,
2013-12-03,,,,,
2013-12-04,,,,,
2013-12-05,,,,,
2013-12-06,,,,,
2013-12-09,,,,,
2013-12-10,,,,,
2013-12-11,,,,,
2013-12-12,,,,,
2013-12-13,,,,,
2013-12-16,,,,,
2013-12-17,,,,,
2013-12-18,,,,,
2013-12-19,,,,,
2013-12-20,,,,,
2013-12-23,,,,,
2013-12-24,,,,,
2013-12-25,,,,,
2013-12-26,,,,,
2013-12-27,,,,,
2013-12-30,,,,,
2013-12-31,,,,,
2014-01-02,,,,,
2014-01-03,,,,,
2014-01-06,,,,,
2014-01-07,,,,,
2014-01-08,,,,,
2014-01-09,,,,,
2014-01-10,,,,,
2014-01-13,,,,,
2014-01-14,,,,,
2014-01-15,,,,,
2014-01-16,,,,,
2014-01-17,,,,,
2014-01-20,,,,,
2014-01-21,,,,,
2014-01-22,,,,,
2014-01-23,,,,,
2014-01-24,,,,,
2014-01-27,,,,,
2014-01-28,,,,,
2014-01-29,,,,,
2014-01-30,,,,,
2014-02-07,,,,,
2014-02-10,,,,,
2014-02-11,,,,,
2014-02-12,,,,,
2014-02-13,,,,,
2014-02-14,,,,,
2014-02-17,,,,,
2014-02-18,,,,,
2014-02-19,,,,,
2014-02-20,,,,,
2014-02-21,,,,,
2014-02-24,,,,,
2014-02-25,,,,,
2014-02-26,,,,,
2014-02-27,,,,,
2014-02-28,,,,,
2014-03-03,,,,,
2014-03-04,,,,,
2014-03-05,,,,,
2014-03-06,,,,,
2014-03-07,,,,,
2014-03-10,,,,,
2014-03-11,,,,,
2014-03-12,,,,,
2014-03-13,,,,,
2014-03-14,,,,,
2014-03-17,,,,,
2014-03-18,,,,,
2014-03-19,,,,,
2014-03-20,,,,,
2014-03-21,,,,,
2014-03-24,,,,,
2014-03-25,,,,,
2014-03-26,,,,,
2014-03-27,,,,,
2014-03-28,,,,,
2014-03-31,,,,,
2014-04-01,,,,,
2014-04-02,,,,,
2014-04-03,,,,,
2014-04-04,,,,,
2014-04-08,,,,,
2014-04-09,,,,,
2014-04-10,,,,,
2014-04-11,,,,,
2014-04-14,,,,,
2014-04-15,,,,,
2014-04-16,,,,,
2014-04-17,,,,,
2014-04-18,,,,,
2014-04-21,,,,,
2014-04-22,,,,,
2014-04-23,,,,,
2014-04-24,,,,,
2014-04-25,,,,,
2014-04-28,,,,,
2014-04-29,,,,,
2014-04-30,,,,,
2014-05-05,,,,,
2014-05-06,,,,,
2014-05-07,,,,,
2014-05-08,,,,,
2014-05-09,,,,,
2014-05-12,,,,,
2014-05-13,,,,,
2014-05-14,,,,,
2014-05-15,,,,,
2014-05-16,,,,,
2014-05-19,,,,,
2014-05-20,,,,,
2014-05-21,,,,,
2014-05-22,,,,,
2014-05-23,,,,,
2014-05-26,,,,,
2014-05-27,,,,,
2014-05-28,,,,,
2014-05-29,,,,,
2014-05-30,,,,,
2014-06-03,,,,,
2014-06-04,,,,,
2014-06-05,,,,,
2014-06-06,,,,,
2014-06-09,,,,,
2014-06-10,,,,,
2014-06-11,,,,,
2014-06-12,,,,,
2014-06-13,,,,,
2014-06-16,,,,,
2014-06-17,,,,,
2014-06-18,,,,,
2014-06-19,,,,,
2014-06-20,,,,,
2014-06-23,,,,,
2014-06-24,,,,,
2014-06-25,,,,,
2014-06-26,,,,,
2014-06-27,,,,,
2014-06-30,,,,,
2014-07-01,,,,,
2014-07-02,,,,,
2014-07-03,,,,,
2014-07-04,,,,,
2014-07-07,,,,,
2014-07-08,,,,,
2014-07-09,,,,,
2014-07-10,,,,,
2014-07-11,,,,,
2014-07-14,,,,,
2014-07-15,,,,,
2014-07-16,,,,,
2014-07-17,,,,,
2014-07-18,,,,,
2014-07-21,,,,,
2014-07-22,,,,,
2014-07-23,,,,,
2014-07-24,,,,,
2014-07-25,,,,,
2014-07-28,,,,,
2014-07-29,,,,,
2014-07-30,,,,,
2014-07-31,,,,,
2014-08-01,,,,,
2014-08-04,,,,,
2014-08-05,,,,,
2014-08-06,,,,,
2014-08-07,,,,,
2014-08-08,,,,,
2014-08-11,,,,,
2014-08-12,,,,,
2014-08-13,,,,,
2014-08-14,,,,,
2014-08-15,,,,,
2014-08-18,,,,,
2014-08-19,,,,,
2014-08-20,,,,,
2014-08-21,,,,,
2014-08-22,,,,,
2014-08-25,,,,,
2014-08-26,,,,,
2014-08-27,,,,,
2014-08-28,,,,,
2014-08-29,,,,,
2014-09-01,,,,,
2014-09-02,,,,,
2014-09-03,,,,,
2014-09-04,,,,,
2014-09-05,,,,,
2014-09-09,,,,,
2014-09-10,,,,,
2014-09-11,,,,,
2014-09-12,,,,,
2014-09-15,,,,,
2014-09-16,,,,,
2014-09-17,,,,,
2014-09-18,,,,,
2014-09-19,,,,,
2014-09-22,,,,,
2014-09-23,,,,,
2014-09-24,,,,,
2014-09-25,,,,,
2014-09-26,,,,,
2014-09-29,,,,,
2014-09-30,,,,,
2014-10-08,,,,,
2014-10-09,,,,,
2014-10-10,,,,,
2014-10-13,,,,,
2014-10-14,,,,,
2014-10-15,,,,,
2014-10-16,,,,,
2014-10-17,,,,,
2014-10-20,,,,,
2014-10-21,,,,,
2014-10-22,,,,,
2014-10-23,,,,,
2014-10-24,,,,,
2014-10-27,,,,,
2014-10-28,,,,,
2014-10-29,,,,,
2014-10-30,,,,,
2014-10-31,,,,,
2014-11-03,,,,,
2014-11-04,,,,,
2014-11-05,,,,,
2014-11-06,,,,,
2014-11-07,,,,,
2014-11-10,,,,,
2014-11-11,,,,,
2014-11-12,,,,,
2014-11-13,,,,,
2014-11-14,,,,,
2014-11-17,,,,,
2014-11-18,,,,,
2014-11-19,,,,,
2014-11-20,,,,,
2014-11-21,,,,,
2014-11-24,,,,,
2014-11-25,,,,,
2014-11-26,,,,,
2014-11-27,,,,,
2014-11-28,,,,,
2014-12-01,,,,,
2014-12-02,,,,,
2014-12-03,,,,,
2014-12-04,,,,,
2014-12-05,,,,,
2014-12-08,,,,,
2014-12-09,,,,,
2014-12-10,,,,,
2014-12-11,,,,,
2014-12-12,,,,,
2014-12-15,,,,,
2014-12-16,,,,,
2014-12-17,,,,,
2014-12-18,,,,,
2014-12-19,,,,,
2014-12-22,,,,,
2014-12-23,,,,,
2014-12-24,,,,,
2014-12-25,,,,,
2014-12-26,,,,,
2014-12-29,,,,,
2014-12-30,,,,,
2014-12-31,,,,,
2015-01-05,,,,,
2015-01-06,,,,,
2015-01-07,,,,,
2015-01-08,,,,,
2015-01-09,,,,,
2015-01-12,,,,,
2015-01-13,,,,,
2015-01-14,,,,,
2015-01-15,,,,,
2015-01-16,,,,,
2015-01-19,,,,,
2015-01-20,,,,,
2015-01-21,,,,,
2015-01-22,,,,,
2015-01-23,,,,,
2015-01-26,,,,,
2015-01-27,,,,,
2015-01-28,,,,,
2015-01-29,,,,,
2015-01-30,,,,,
2015-02-02,,,,,
2015-02-03,,,,,
2015-02-04,,,,,
2015-02-05,,,,,
2015-02-06,,,,,
2015-02-09,,,,,
2015-02-10,,,,,
2015-02-11,,,,,
2015-02-12,,,,,
2015-02-13,,,,,
2015-02-16,,,,,
2015-02-17,,,,,
2015-02-25,,,,,
2015-02-26,,,,,
2015-02-27,,,,,
2015-03-02,,,,,
2015-03-03,,,,,
2015-03-04,,,,,
2015-03-05,,,,,
2015-03-06,,,,,
2015-03-09,,,,,
2015-03-10,,,,,
2015-03-11,,,,,
2015-03-12,,,,,
2015-03-13,,,,,
2015-03-16,,,,,
2015-03-17,,,,,
2015-03-18,,,,,
2015-03-19,,,,,
2015-03-20,,,,,
2015-03-23,,,,,
2015-03-24,,,,,
2015-03-25,,,,,
2015-03-26,,,,,
2015-03-27,,,,,
2015-03-30,,,,,
2015-03-31,,,,,
2015-04-01,,,,,
2015-04-02,,,,,
2015-04-03,,,,,
2015-04-07,,,,,
2015-04-08,,,,,
2015-04-09,,,,,
2015-04-10,,,,,
2015-04-13,,,,,
2015-04-14,,,,,
2015-04-15,,,,,
2015-04-16,,,,,
2015-04-17,,,,,
2015-04-20,,,,,
2015-04-21,,,,,
2015-04-22,,,,,
2015-04-23,,,,,
2015-04-24,,,,,
2015-04-27,,,,,
2015-04-28,,,,,
2015-04-29,,,,,
2015-04-30,,,,,
2015-05-04,,,,,
2015-05-05,,,,,
2015-05-06,,,,,
2015-05-07,,,,,
2015-05-08,,,,,
2015-05-11,,,,,
2015-05-12,,,,,
2015-05-13,,,,,
2015-05-14,,,,,
2015-05-15,,,,,
2015-05-18,,,,,
2015-05-19,,,,,
2015-05-20,,,,,
2015-05-21,,,,,
2015-05-22,,,,,
2015-05-25,,,,,
2015-05-26,,,,,
2015-05-27,,,,,
2015-05-28,,,,,
2015-05-29,,,,,
2015-06-01,,,,,
2015-06-02,,,,,
2015-06-03,,,,,
2015-06-04,,,,,
2015-06-05,,,,,
2015-06-08,,,,,
2015-06-09,,,,,
2015-06-10,,,,,
2015-06-11,,,,,
2015-06-12,,,,,
2015-06-15,,,,,
2015-06-16,,,,,
2015-06-17,,,,,
2015-06-18,,,,,
2015-06-19,,,,,
2015-06-23,,,,,
2015-06-24,,,,,
2015-06-25,,,,,
2015-06-26,,,,,
2015-06-29,,,,,
2015-06-30,,,,,
2015-07-01,,,,,
2015-07-02,,,,,
2015-07-03,,,,,
2015-07-06,,,,,
2015-07-07,,,,,
2015-07-08,,,,,
2015-07-09,,,,,
2015-07-10,,,,,
2015-07-13,,,,,
2015-07-14,,,,,
2015-07-15,,,,,
2015-07-16,,,,,
2015-07-17,,,,,
2015-07-20,,,,,
2015-07-21,,,,,
2015-07-22,,,,,
2015-07-23,,,,,
2015-07-24,,,,,
2015-07-27,,,,,
2015-07-28,,,,,
2015-07-29,,,,,
2015-07-30,,,,,
2015-07-31,,,,,
2015-08-03,,,,,
2015-08-04,,,,,
2015-08-05,,,,,
2015-08-06,,,,,
2015-08-07,,,,,
2015-08-10,,,,,
2015-08-11,,,,,
2015-08-12,,,,,
2015-08-13,,,,,
2015-08-14,,,,,
2015-08-17,,,,,
2015-08-18,,,,,
2015-08-19,,,,,
2015-08-20,,,,,
2015-08-21,,,,,
2015-08-24,,,,,
2015-08-25,,,,,
2015-08-26,,,,,
2015-08-27,,,,,
2015-08-28,,,,,
2015-08-31,,,,,
2015-09-01,,,,,
2015-09-02,,,,,
2015-09-07,,,,,
2015-09-08,,,,,
2015-09-09,,,,,
2015-09-10,,,,,
2015-09-11,,,,,
2015-09-14,,,,,
2015-09-15,,,,,
2015-09-16,,,,,
2015-09-17,,,,,
2015-09-18,,,,,
2015-09-21,,,,,
2015-09-22,,,,,
2015-09-23,,,,,
2015-09-24,,,,,
2015-09-25,,,,,
2015-09-28,,,,,
2015-09-29,,,,,
2015-09-30,,,,,
2015-10-08,,,,,
2015-10-09,,,,,
2015-10-12,,,,,
2015-10-13,,,,,
2015-10-14,,,,,
2015-10-15,,,,,
2015-10-16,,,,,
2015-10-19,,,,,
2015-10-20,,,,,
2015-10-21,,,,,
2015-10-22,,,,,
2015-10-23,,,,,
2015-10-26,,,,,
2015-10-27,,,,,
2015-10-28,,,,,
2015-10-29,,,,,
2015-10-30,,,,,
2015-11-02,,,,,
2015-11-03,,,,,
2015-11-04,,,,,
2015-11-05,,,,,
2015-11-06,,,,,
2015-11-09,,,,,
2015-11-10,,,,,
2015-11-11,,,,,
2015-11-12,,,,,
2015-11-13,,,,,
2015-11-16,,,,,
2015-11-17,,,,,
2015-11-18,,,,,
2015-11-19,,,,,
2015-11-20,,,,,
2015-11-23,,,,,
2015-11-24,,,,,
2015-11-25,,,,,
2015-11-26,,,,,
2015-11-27,,,,,
2015-11-30,,,,,
2015-12-01,,,,,
2015-12-02,,,,,
2015-12-03,,,,,
2015-12-04,,,,,
2015-12-07,,,,,
2015-12-08,,,,,
2015-12-09,,,,,
2015-12-10,,,,,
2015-12-11,,,,,
2015-12-14,,,,,
2015-12-15,,,,,
2015-12-16,,,,,
2015-12-17,,,,,
2015-12-18,,,,,
2015-12-21,,,,,
2015-12-22,,,,,
2015-12-23,,,,,
2015-12-24,,,,,
2015-12-25,,,,,
2015-12-28,,,,,
2015-12-29,,,,,
2015-12-30,,,,,
2015-12-31,,,,,
2016-01-04,,,,,
2016-01-05,,,,,
2016-01-06,,,,,
2016-01-07,,,,,
2016-01-08,,,,,
2016-01-11,,,,,
2016-01-12,,,,,
2016-01-13,,,,,
2016-01-14,,,,,
2016-01-15,,,,,
2016-01-18,,,,,
2016-01-19,,,,,
2016-01-20,,,,,
2016-01-21,,,,,
2016-01-22,,,,,
2016-01-25,,,,,
2016-01-26,,,,,
2016-01-27,,,,,
2016-01-28,,,,,
2016-01-29,,,,,
2016-02-01,,,,,
2016-02-02,,,,,
2016-02-03,,,,,
2016-02-04,,,,,
2016-02-05,,,,,
2016-02-15,,,,,
2016-02-16,,,,,
2016-02-17,,,,,
2016-02-18,,,,,
2016-02-19,,,,,
2016-02-22,,,,,
2016-02-23,,,,,
2016-02-24,,,,,
2016-02-25,,,,,
2016-02-26,,,,,
2016-02-29,,,,,
2016-03-01,,,,,
2016-03-02,,,,,
2016-03-03,,,,,
2016-03-04,,,,,
2016-03-07,,,,,
2016-03-08,,,,,
2016-03-09,,,,,
2016-03-10,,,,,
2016-03-11,,,,,
2016-03-14,,,,,
2016-03-15,,,,,
2016-03-16,,,,,
2016-03-17,,,,,
2016-03-18,,,,,
2016-03-21,,,,,
2016-03-22,,,,,
2016-03-23,,,,,
2016-03-24,,,,,
2016-03-25,,,,,
2016-03-28,,,,,
2016-03-29,,,,,
2016-03-30,,,,,
2016-03-31,,,,,
2016-04-01,,,,,
2016-04-05,,,,,
2016-04-06,,,,,
2016-04-07,,,,,
2016-04-08,,,,,
2016-04-11,,,,,
2016-04-12,,,,,
2016-04-13,,,,,
2016-04-14,,,,,
2016-04-15,,,,,
2016-04-18,,,,,
2016-04-19,,,,,
2016-04-20,,,,,
2016-04-21,,,,,
2016-04-22,,,,,
2016-04-25,,,,,
2016-04-26,,,,,
2016-04-27,,,,,
2016-04-28,,,,,
2016-04-29,,,,,
2016-05-03,,,,,
2016-05-04,,,,,
2016-05-05,,,,,
2016-05-06,,,,,
2016-05-09,,,,,
2016-05-10,,,,,
2016-05-11,,,,,
2016-05-12,,,,,
2016-05-13,,,,,
2016-05-16,,,,,
2016-05-17,,,,,
2016-05-18,,,,,
2016-05-19,,,,,
2016-05-20,,,,,
2016-05-23,,,,,
2016-05-24,,,,,
2016-05-25,,,,,
2016-05-26,,,,,
2016-05-27,,,,,
2016-05-30,,,,,
2016-05-31,,,,,
2016-06-01,,,,,
2016-06-02,,,,,
2016-06-03,,,,,
2016-06-06,,,,,
2016-06-07,,,,,
2016-06-08,,,,,
2016-06-13,,,,,
2016-06-14,,,,,
2016-06-15,,,,,
2016-06-16,,,,,
2016-06-17,,,,,
2016-06-20,,,,,
2016-06-21,,,,,
2016-06-22,,,,,
2016-06-23,,,,,
2016-06-24,,,,,
2016-06-27,,,,,
2016-06-28,,,,,
2016-06-29,,,,,
2016-06-30,,,,,
2016-07-01,,,,,
2016-07-04,,,,,
2016-07-05,,,,,
2016-07-06,,,,,
2016-07-07,,,,,
2016-07-08,,,,,
2016-07-11,,,,,
2016-07-12,,,,,
2016-07-13,,,,,
2016-07-14,,,,,
2016-07-15,,,,,
2016-07-18,,,,,
2016-07-19,,,,,
2016-07-20,,,,,
2016-07-21,,,,,
2016-07-22,,,,,
2016-07-25,,,,,
2016-07-26,,,,,
2016-07-27,,,,,
2016-07-28,,,,,
2016-07-29,,,,,
2016-08-01,,,,,
2016-08-02,,,,,
2016-08-03,,,,,
2016-08-04,,,,,
2016-08-05,,,,,
2016-08-08,,,,,
2016-08-09,,,,,
2016-08-10,,,,,
2016-08-11,,,,,
2016-08-12,,,,,
2016-08-15,,,,,
2016-08-16,,,,,
2016-08-17,,,,,
2016-08-18,,,,,
2016-08-19,,,,,
2016-08-22,,,,,
2016-08-23,,,,,
2016-08-24,,,,,
2016-08-25,,,,,
2016-08-26,,,,,
2016-08-29,,,,,
2016-08-30,,,,,
2016-08-31,,,,,
2016-09-01,,,,,
2016-09-02,,,,,
2016-09-05,,,,,
2016-09-06,,,,,
2016-09-07,,,,,
2016-09-08,,,,,
2016-09-09,,,,,
2016-09-12,,,,,
2016-09-13,,,,,
2016-09-14,,,,,
2016-09-19,,,,,
2016-09-20,,,,,
2016-09-21,,,,,
2016-09-22,,,,,
2016-09-23,,,,,
2016-09-26,,,,,
2016-09-27,,,,,
2016-09-28,,,,,
2016-09-29,,,,,
2016-09-30,,,,,
2016-10-10,,,,,
2016-10-11,,,,,
2016-10-12,,,,,
2016-10-13,,,,,
2016-10-14,,,,,
2016-10-17,,,,,
2016-10-18,,,,,
2016-10-19,,,,,
2016-10-20,,,,,
2016-10-21,,,,,
2016-10-24,,,,,
2016-10-25,,,,,
2016-10-26,,,,,
2016-10-27,,,,,
2016-10-28,,,,,
2016-10-31,,,,,
2016-11-01,,,,,
2016-11-02,,,,,
2016-11-03,,,,,
2016-11-04,,,,,
2016-11-07,,,,,
2016-11-08,,,,,
2016-11-09,,,,,
2016-11-10,,,,,
2016-11-11,,,,,
2016-11-14,,,,,
2016-11-15,,,,,
2016-11-16,,,,,
2016-11-17,,,,,
2016-11-18,,,,,
2016-11-21,,,,,
2016-11-22,,,,,
2016-11-23,,,,,
2016-11-24,,,,,
2016-11-25,,,,,
2016-11-28,,,,,
2016-11-29,,,,,
2016-11-30,,,,,
2016-12-01,,,,,
2016-12-02,,,,,
2016-12-05,,,,,
2016-12-06,,,,,
2016-12-07,,,,,
2016-12-08,,,,,
2016-12-09,,,,,
2016-12-12,,,,,
2016-12-13,,,,,
2016-12-14,,,,,
2016-12-15,,,,,
2016-12-16,,,,,
2016-12-19,,,,,
2016-12-20,,,,,
2016-12-21,,,,,
2016-12-22,,,,,
2016-12-23,,,,,
2016-12-26,,,,,
2016-12-27,,,,,
2016-12-28,,,,,
2016-12-29,,,,,
2016-12-30,,,,,
2017-01-03,,,,,
2017-01-04,,,,,
2017-01-05,,,,,
2017-01-06,,,,,
2017-01-09,,,,,
2017-01-10,,,,,
2017-01-11,,,,,
2017-01-12,,,,,
2017-01-13,,,,,
2017-01-16,,,,,
2017-01-17,,,,,
2017-01-18,,,,,
2017-01-19,,,,,
2017-01-20,,,,,
2017-01-23,,,,,
2017-01-24,,,,,
2017-01-25,,,,,
2017-01-26,,,,,
2017-02-03,,,,,
2017-02-06,,,,,
2017-02-07,,,,,
2017-02-08,,,,,
2017-02-09,,,,,
2017-02-10,,,,,
2017-02-13,,,,,
2017-02-14,,,,,
2017-02-15,,,,,
2017-02-16,,,,,
2017-02-17,,,,,
2017-02-20,,,,,
2017-02-21,,,,,
2017-02-22,,,,,
2017-02-23,,,,,
2017-02-24,,,,,
2017-02-27,,,,,
2017-02-28,,,,,
2017-03-01,,,,,
2017-03-02,,,,,
2017-03-03,,,,,
2017-03-06,,,,,
2017-03-07,,,,,
2017-03-08,,,,,
2017-03-09,,,,,
2017-03-10,,,,,
2017-03-13,,,,,
2017-03-14,,,,,
2017-03-15,,,,,
2017-03-16,,,,,
2017-03-17,,,,,
2017-03-20,,,,,
2017-03-21,,,,,
2017-03-22,,,,,
2017-03-23,,,,,
2017-03-24,,,,,
2017-03-27,,,,,
2017-03-28,,,,,
2017-03-29,,,,,
2017-03-30,,,,,
2017-03-31,,,,,
2017-04-05,,,,,
2017-04-06,,,,,
2017-04-07,,,,,
2017-04-10,,,,,
2017-04-11,,,,,
2017-04-12,,,,,
2017-04-13,,,,,
2017-04-14,,,,,
2017-04-17,,,,,
2017-04-18,,,,,
2017-04-19,,,,,
2017-04-20,,,,,
2017-04-21,,,,,
2017-04-24,,,,,
2017-04-25,,,,,
2017-04-26,,,,,
2017-04-27,,,,,
2017-04-28,,,,,
2017-05-02,,,,,
2017-05-03,,,,,
2017-05-04,,,,,
2017-05-05,,,,,
2017-05-08,,,,,
2017-05-09,,,,,
2017-05-10,,,,,
2017-05-11,,,,,
2017-05-12,,,,,
2017-05-15,,,,,
2017-05-16,,,,,
2017-05-17,,,,,
2017-05-18,,,,,
2017-05-19,,,,,
2017-05-22,,,,,
2017-05-23,,,,,
2017-05-24,,,,,
2017-05-25,,,,,
2017-05-26,,,,,
2017-05-31,,,,,
2017-06-01,,,,,
2017-06-02,,,,,
2017-06-05,,,,,
2017-06-06,,,,,
2017-06-07,,,,,
2017-06-08,,,,,
2017-06-09,,,,,
2017-06-12,,,,,
2017-06-13,,,,,
2017-06-14,,,,,
2017-06-15,,,,,
2017-06-16,,,,,
2017-06-19,,,,,
2017-06-20,,,,,
2017-06-21,,,,,
2017-06-22,,,,,
2017-06-23,,,,,
2017-06-26,,,,,
2017-06-27,,,,,
2017-06-28,,,,,
2017-06-29,,,,,
2017-06-30,,,,,
2017-07-03,,,,,
2017-07-04,,,,,
2017-07-05,,,,,
2017-07-06,,,,,
2017-07-07,,,,,
2017-07-10,,,,,
2017-07-11,,,,,
2017-07-12,,,,,
2017-07-13,,,,,
2017-07-14,,,,,
2017-07-17,,,,,
2017-07-18,,,,,
2017-07-19,,,,,
2017-07-20,,,,,
2017-07-21,,,,,
2017-07-24,,,,,
2017-07-25,,,,,
2017-07-26,,,,,
2017-07-27,,,,,
2017-07-28,,,,,
2017-07-31,,,,,
2017-08-01,,,,,
2017-08-02,,,,,
2017-08-03,,,,,
2017-08-04,,,,,
2017-08-07,,,,,
2017-08-08,,,,,
2017-08-09,,,,,
2017-08-10,,,,,
2017-08-11,,,,,
2017-08-14,,,,,
2017-08-15,,,,,
2017-08-16,,,,,
2017-08-17,,,,,
2017-08-18,,,,,
2017-08-21,,,,,
2017-08-22,,,,,
2017-08-23,,,,,
2017-08-24,,,,,
2017-08-25,,,,,
2017-08-28,,,,,
2017-08-29,,,,,
2017-08-30,,,,,
2017-08-31,,,,,
2017-09-01,,,,,
2017-09-04,,,,,
2017-09-05,,,,,
2017-09-06,,,,,
2017-09-07,,,,,
2017-09-08,,,,,
2017-09-11,,,,,
2017-09-12,,,,,
2017-09-13,,,,,
2017-09-14,,,,,
2017-09-15,,,,,
2017-09-18,,,,,
2017-09-19,,,,,
2017-09-20,,,,,
2017-09-21,,,,,
2017-09-22,,,,,
2017-09-25,,,,,
2017-09-26,,,,,
2017-09-27,,,,,
2017-09-28,,,,,
2017-09-29,,,,,
2017-10-09,,,,,
2017-10-10,,,,,
2017-10-11,,,,,
2017-10-12,,,,,
2017-10-13,,,,,
2017-10-16,,,,,
2017-10-17,,,,,
2017-10-18,,,,,
2017-10-19,,,,,
2017-10-20,,,,,
2017-10-23,,,,,
2017-10-24,,,,,
2017-10-25,,,,,
2017-10-26,,,,,
2017-10-27,,,,,
2017-10-30,,,,,
2017-10-31,,,,,
2017-11-01,,,,,
2017-11-02,,,,,
2017-11-03,,,,,
2017-11-06,,,,,
2017-11-07,,,,,
2017-11-08,,,,,
2017-11-09,,,,,
2017-11-10,,,,,
2017-11-13,,,,,
2017-11-14,,,,,
2017-11-15,,,,,
2017-11-16,,,,,
2017-11-17,,,,,
2017-11-20,,,,,
2017-11-21,,,,,
2017-11-22,,,,,
2017-11-23,,,,,
2017-11-24,,,,,
2017-11-27,,,,,
2017-11-28,,,,,
2017-11-29,,,,,
2017-11-30,,,,,
2017-12-01,,,,,
2017-12-04,,,,,
2017-12-05,,,,,
2017-12-06,,,,,
2017-12-07,,,,,
2017-12-08,,,,,
2017-12-11,,,,,
2017-12-12,,,,,
2017-12-13,,,,,
2017-12-14,,,,,
2017-12-15,,,,,
2017-12-18,,,,,
2017-12-19,,,,,
2017-12-20,,,,,
2017-12-21,,,,,
2017-12-22,,,,,
2017-12-25,,,,,
2017-12-26,,,,,
2017-12-27,,,,,
2017-12-28,,,,,
2017-12-29,,,,,
2018-01-02,,,,,
2018-01-03,,,,,
2018-01-04,,,,,
2018-01-05,,,,,
2018-01-08,,,,,
2018-01-09,,,,,
2018-01-10,,,,,
2018-01-11,,,,,
2018-01-12,,,,,
2018-01-15,,,,,
2018-01-16,,,,,
2018-01-17,,,,,
2018-01-18,,,,,
2018-01-19,,,,,
2018-01-22,,,,,
2018-01-23,,,,,
2018-01-24,,,,,
2018-01-25,,,,,
2018-01-26,,,,,
2018-01-29,,,,,
2018-01-30,,,,,
2018-01-31,,,,,
2018-02-01,,,,,
2018-02-02,,,,,
2018-02-05,,,,,
2018-02-06,,,,,
2018-02-07,,,,,
2018-02-08,,,,,
2018-02-09,,,,,
2018-02-12,,,,,
2018-02-13,,,,,
2018-02-14,,,,,
2018-02-22,,,,,
2018-02-23,,,,,
2018-02-26,,,,,
2018-02-27,,,,,
2018-02-28,,,,,
2018-03-01,,,,,
2018-03-02,,,,,
2018-03-05,,,,,
2018-03-06,,,,,
2018-03-07,,,,,
2018-03-08,,,,,
2018-03-09,,,,,
2018-03-12,,,,,
2018-03-13,,,,,
2018-03-14,,,,,
2018-03-15,,,,,
2018-03-16,,,,,
2018-03-19,,,,,
2018-03-20,,,,,
2018-03-21,,,,,
2018-03-22,,,,,
2018-03-23,,,,,
2018-03-26,,,,,
2018-03-27,,,,,
2018-03-28,,,,,
2018-03-29,,,,,
2018-03-30,,,,,
2018-04-02,,,,,
2018-04-03,,,,,
2018-04-04,,,,,
2018-04-09,,,,,
2018-04-10,,,,,
2018-04-11,,,,,
2018-04-12,,,,,
2018-04-13,,,,,
2018-04-16,,,,,
2018-04-17,,,,,
2018-04-18,,,,,
2018-04-19,,,,,
2018-04-20,,,,,
2018-04-23,,,,,
2018-04-24,,,,,
2018-04-25,,,,,
2018-04-26,,,,,
2018-04-27,,,,,
2018-05-02,,,,,
2018-05-03,,,,,
2018-05-04,,,,,
2018-05-07,,,,,
2018-05-08,,,,,
2018-05-09,,,,,
2018-05-10,,,,,
2018-05-11,,,,,
2018-05-14,,,,,
2018-05-15,,,,,
2018-05-16,,,,,
2018-05-17,,,,,
2018-05-18,,,,,
2018-05-21,,,,,
2018-05-22,,,,,
2018-05-23,,,,,
2018-05-24,,,,,
2018-05-25,,,,,
2018-05-28,,,,,
2018-05-29,,,,,
2018-05-30,,,,,
2018-05-31,,,,,
2018-06-01,,,,,
2018-06-04,,,,,
2018-06-05,,,,,
2018-06-06,,,,,
2018-06-07,,,,,
2018-06-08,,,,,
2018-06-11,,,,,
2018-06-12,,,,,
2018-06-13,,,,,
2018-06-14,,,,,
2018-06-15,,,,,
2018-06-19,,,,,
2018-06-20,,,,,
2018-06-21,,,,,
2018-06-22,,,,,
2018-06-25,,,,,
2018-06-26,,,,,
2018-06-27,,,,,
2018-06-28,,,,,
2018-06-29,,,,,
2018-07-02,,,,,
2018-07-03,,,,,
2018-07-04,,,,,
2018-07-05,,,,,
2018-07-06,,,,,
2018-07-09,,,,,
2018-07-10,,,,,
2018-07-11,,,,,
2018-07-12,,,,,
2018-07-13,,,,,
2018-07-16,,,,,
2018-07-17,,,,,
2018-07-18,,,,,
2018-07-19,,,,,
2018-07-20,,,,,
2018-07-23,,,,,
2018-07-24,,,,,
2018-07-25,,,,,
2018-07-26,,,,,
2018-07-27,,,,,
2018-07-30,,,,,
2018-07-31,,,,,
2018-08-01,,,,,
2018-08-02,,,,,
2018-08-03,,,,,
2018-08-06,,,,,
2018-08-07,,,,,
2018-08-08,,,,,
2018-08-09,,,,,
2018-08-10,,,,,
2018-08-13,,,,,
2018-08-14,,,,,
2018-08-15,,,,,
2018-08-16,,,,,
2018-08-17,,,,,
2018-08-20,,,,,
2018-08-21,,,,,
2018-08-22,,,,,
2018-08-23,,,,,
2018-08-24,,,,,
2018-08-27,,,,,
2018-08-28,,,,,
2018-08-29,,,,,
2018-08-30,,,,,
2018-08-31,,,,,
2018-09-03,,,,,
2018-09-04,,,,,
2018-09-05,,,,,
2018-09-06,,,,,
2018-09-07,,,,,
2018-09-10,,,,,
2018-09-11,,,,,
2018-09-12,,,,,
2018-09-13,,,,,
2018-09-14,,,,,
2018-09-17,,,,,
2018-09-18,,,,,
2018-09-19,,,,,
2018-09-20,,,,,
2018-09-21,,,,,
2018-09-25,,,,,
2018-09-26,,,,,
2018-09-27,,,,,
2018-09-28,,,,,
2018-10-08,,,,,
2018-10-09,,,,,
2018-10-10,,,,,
2018-10-11,,,,,
2018-10-12,,,,,
2018-10-15,,,,,
2018-10-16,,,,,
2018-10-17,,,,,
2018-10-18,,,,,
2018-10-19,,,,,
2018-10-22,,,,,
2018-10-23,,,,,
2018-10-24,,,,,
2018-10-25,,,,,
2018-10-26,,,,,
2018-10-29,,,,,
2018-10-30,,,,,
2018-10-31,,,,,
2018-11-01,,,,,
2018-11-02,,,,,
2018-11-05,,,,,
2018-11-06,,,,,
2018-11-07,,,,,
2018-11-08,,,,,
2018-11-09,,,,,
2018-11-12,,,,,
2018-11-13,,,,,
2018-11-14,,,,,
2018-11-15,,,,,
2018-11-16,,,,,
2018-11-19,,,,,
2018-11-20,,,,,
2018-11-21,,,,,
2018-11-22,,,,,
2018-11-23,,,,,
2018-11-26,,,,,
2018-11-27,,,,,
2018-11-28,,,,,
2018-11-29,,,,,
2018-11-30,,,,,
2018-12-03,,,,,
2018-12-04,,,,,
2018-12-05,,,,,
2018-12-06,,,,,
2018-12-07,,,,,
2018-12-10,,,,,
2018-12-11,,,,,
2018-12-12,,,,,
2018-12-13,,,,,
2018-12-14,,,,,
2018-12-17,,,,,
2018-12-18,,,,,
2018-12-19,,,,,
2018-12-20,,,,,
2018-12-21,,,,,
2018-12-24,,,,,
2018-12-25,,,,,
2018-12-26,,,,,
2018-12-27,,,,,
2018-12-28,,,,,
2019-01-02,,,,,
2019-01-03,,,,,
2019-01-04,,,,,
2019-01-07,,,,,
2019-01-08,,,,,
2019-01-09,,,,,
2019-01-10,,,,,
2019-01-11,,,,,
2019-01-14,,,,,
2019-01-15,,,,,
2019-01-16,,,,,
2019-01-17,,,,,
2019-01-18,,,,,
2019-01-21,,,,,
2019-01-22,,,,,
2019-01-23,,,,,
2019-01-24,,,,,
2019-01-25,,,,,
2019-01-28,,,,,
2019-01-29,,,,,
2019-01-30,,,,,
2019-01-31,,,,,
2019-02-01,,,,,
2019-02-11,,,,,
2019-02-12,,,,,
2019-02-13,,,,,
2019-02-14,,,,,
2019-02-15,,,,,
2019-02-18,,,,,
2019-02-19,,,,,
2019-02-20,,,,,
2019-02-21,,,,,
2019-02-22,,,,,
2019-02-25,,,,,
2019-02-26,,,,,
2019-02-27,,,,,
2019-02-28,,,,,
2019-03-01,,,,,
2019-03-04,,,,,
2019-03-05,,,,,
2019-03-06,,,,,
2019-03-07,,,,,
2019-03-08,,,,,
2019-03-11,,,,,
2019-03-12,,,,,
2019-03-13,,,,,
2019-03-14,,,,,
2019-03-15,,,,,
2019-03-18,,,,,
2019-03-19,,,,,
2019-03-20,,,,,
2019-03-21,,,,,
2019-03-22,,,,,
2019-03-25,,,,,
2019-03-26,,,,,
2019-03-27,,,,,
2019-03-28,,,,,
2019-03-29,,,,,
2019-04-01,,,,,
2019-04-02,,,,,
2019-04-03,,,,,
2019-04-04,,,,,
2019-04-08,,,,,
2019-04-09,,,,,
2019-04-10,,,,,
2019-04-11,,,,,
2019-04-12,,,,,
2019-04-15,,,,,
2019-04-16,,,,,
2019-04-17,,,,,
2019-04-18,,,,,
2019-04-19,,,,,
2019-04-22,,,,,
2019-04-23,,,,,
2019-04-24,,,,,
2019-04-25,,,,,
2019-04-26,,,,,
2019-04-29,,,,,
2019-04-30,,,,,
2019-05-06,,,,,
2019-05-07,,,,,
2019-05-08,,,,,
2019-05-09,,,,,
2019-05-10,,,,,
2019-05-13,,,,,
2019-05-14,,,,,
2019-05-15,,,,,
2019-05-16,,,,,
2019-05-17,,,,,
2019-05-20,,,,,
2019-05-21,,,,,
2019-05-22,,,,,
2019-05-23,,,,,
2019-05-24,,,,,
2019-05-27,,,,,
2019-05-28,,,,,
2019-05-29,,,,,
2019-05-30,,,,,
2019-05-31,,,,,
2019-06-03,,,,,
2019-06-04,,,,,
2019-06-05,,,,,
2019-06-06,,,,,
2019-06-10,,,,,
2019-06-11,,,,,
2019-06-12,,,,,
2019-06-13,,,,,
2019-06-14,,,,,
2019-06-17,,,,,
2019-06-18,,,,,
2019-06-19,,,,,
2019-06-20,,,,,
2019-06-21,,,,,
2019-06-24,,,,,
2019-06-25,,,,,
2019-06-26,,,,,
2019-06-27,,,,,
2019-06-28,,,,,
2019-07-01,,,,,
2019-07-02,,,,,
2019-07-03,,,,,
2019-07-04,,,,,
2019-07-05,,,,,
2019-07-08,,,,,
2019-07-09,,,,,
2019-07-10,,,,,
2019-07-11,,,,,
2019-07-12,,,,,
2019-07-15,,,,,
2019-07-16,,,,,
2019-07-17,,,,,
2019-07-18,,,,,
2019-07-19,,,,,
2019-07-22,,,,,
2019-07-23,,,,,
2019-07-24,,,,,
2019-07-25,,,,,
2019-07-26,,,,,
2019-07-29,,,,,
2019-07-30,,,,,
2019-07-31,,,,,
2019-08-01,,,,,
2019-08-02,,,,,
2019-08-05,,,,,
2019-08-06,,,,,
2019-08-07,,,,,
2019-08-08,,,,,
2019-08-09,,,,,
2019-08-12,,,,,
2019-08-13,,,,,
2019-08-14,,,,,
2019-08-15,,,,,
2019-08-16,,,,,
2019-08-19,,,,,
2019-08-20,,,,,
2019-08-21,,,,,
2019-08-22,,,,,
2019-08-23,,,,,
2019-08-26,,,,,
2019-08-27,,,,,
2019-08-28,,,,,
2019-08-29,,,,,
2019-08-30,,,,,
2019-09-02,,,,,
2019-09-03,,,,,
2019-09-04,,,,,
2019-09-05,,,,,
2019-09-06,,,,,
2019-09-09,,,,,
2019-09-10,,,,,
2019-09-11,,,,,
2019-09-12,,,,,
2019-09-16,,,,,
2019-09-17,,,,,
2019-09-18,,,,,
2019-09-19,,,,,
2019-09-20,,,,,
2019-09-23,,,,,
2019-09-24,,,,,
2019-09-25,,,,,
2019-09-26,8100.0,8160.0,7983.0,8056.0,113696.0
2019-09-27,8020.0,8068.0,7901.0,7940.0,39914.0
2019-09-30,7905.0,7999.0,7905.0,7976.0,13738.0
2019-10-08,7950.0,7998.0,7920.0,7968.0,5470.0
2019-10-09,7971.0,8018.0,7940.0,7952.0,12898.0
2019-10-10,7950.0,7968.0,7835.0,7843.0,44770.0
2019-10-11,7832.0,7880.0,7794.0,7826.0,29642.0
2019-10-14,7828.0,7850.0,7756.0,7770.0,29722.0
2019-10-15,7760.0,7760.0,7592.0,7649.0,63492.0
2019-10-16,7675.0,7676.0,7490.0,7526.0,72992.0
2019-10-17,7510.0,7518.0,7425.0,7478.0,77818.0
2019-10-18,7490.0,7574.0,7467.0,7546.0,83618.0
2019-10-21,7560.0,7585.0,7466.0,7494.0,51658.0
2019-10-22,7503.0,7509.0,7409.0,7469.0,45254.0
2019-10-23,7502.0,7515.0,7442.0,7447.0,35850.0
2019-10-24,7430.0,7544.0,7400.0,7509.0,68886.0
2019-10-25,7520.0,7530.0,7455.0,7456.0,30064.0
2019-10-28,7450.0,7502.0,7411.0,7430.0,43822.0
2019-10-29,7430.0,7456.0,7370.0,7383.0,48806.0
2019-10-30,7370.0,7399.0,7325.0,7336.0,78382.0
2019-10-31,7320.0,7354.0,7316.0,7325.0,46746.0
2019-11-01,7316.0,7350.0,7244.0,7248.0,90632.0
2019-11-04,7251.0,7321.0,7250.0,7312.0,62688.0
2019-11-05,7313.0,7372.0,7305.0,7331.0,73658.0
2019-11-06,7356.0,7362.0,7324.0,7330.0,40314.0
2019-11-07,7327.0,7336.0,7228.0,7258.0,69388.0
2019-11-08,7293.0,7294.0,7070.0,7087.0,144936.0
2019-11-11,7088.0,7097.0,6953.0,6963.0,159342.0
2019-11-12,6958.0,6982.0,6905.0,6951.0,140044.0
2019-11-13,6950.0,7068.0,6941.0,6964.0,216358.0
2019-11-14,6976.0,6982.0,6872.0,6940.0,151534.0
2019-11-15,6940.0,6992.0,6925.0,6949.0,127474.0
2019-11-18,6950.0,7019.0,6935.0,7004.0,124220.0
2019-11-19,6997.0,7020.0,6911.0,6954.0,121994.0
2019-11-20,6947.0,6950.0,6888.0,6930.0,115786.0
2019-11-21,6932.0,6992.0,6912.0,6974.0,120230.0
2019-11-22,6976.0,7046.0,6962.0,6986.0,141002.0
2019-11-25,6986.0,7087.0,6986.0,7086.0,136864.0
2019-11-26,7085.0,7156.0,7036.0,7150.0,196082.0
2019-11-27,7153.0,7235.0,7126.0,7141.0,273166.0
2019-11-28,7160.0,7194.0,7106.0,7152.0,161864.0
2019-11-29,7164.0,7164.0,7070.0,7125.0,135114.0
2019-12-02,7114.0,7144.0,7010.0,7056.0,153790.0
2019-12-03,7055.0,7191.0,7053.0,7167.0,191566.0
2019-12-04,7170.0,7264.0,7156.0,7176.0,217702.0
2019-12-05,7200.0,7324.0,7200.0,7302.0,220546.0
2019-12-06,7330.0,7343.0,7281.0,7327.0,128312.0
2019-12-09,7326.0,7494.0,7268.0,7276.0,301988.0
2019-12-10,7270.0,7381.0,7266.0,7376.0,250584.0
2019-12-11,7396.0,7443.0,7246.0,7268.0,300926.0
2019-12-12,7270.0,7331.0,7220.0,7326.0,189860.0
2019-12-13,7333.0,7388.0,7261.0,7323.0,217204.0
2019-12-16,7330.0,7383.0,7302.0,7346.0,184424.0
2019-12-17,7330.0,7447.0,7330.0,7430.0,171806.0
2019-12-18,7450.0,7480.0,7343.0,7364.0,164856.0
2019-12-19,7376.0,7442.0,7344.0,7434.0,141424.0
2019-12-20,7430.0,7466.0,7394.0,7404.0,139676.0
2019-12-23,7420.0,7424.0,7315.0,7350.0,169854.0
2019-12-24,7356.0,7380.0,7323.0,7359.0,103132.0
2019-12-25,7370.0,7392.0,7346.0,7351.0,91274.0
2019-12-26,7348.0,7375.0,7320.0,7366.0,78036.0
2019-12-27,7367.0,7419.0,7352.0,7408.0,133284.0
2019-12-30,7408.0,7426.0,7373.0,7375.0,125352.0
2019-12-31,7382.0,7397.0,7237.0,7276.0,210796.0
2020-01-02,7288.0,7336.0,7261.0,7291.0,38527.0
2020-01-03,7294.0,7345.0,7271.0,7321.0,49829.0
2020-01-06,7330.0,7410.0,7316.0,7387.0,59768.0
2020-01-07,7390.0,7390.0,7281.0,7318.0,51068.0
2020-01-08,7308.0,7438.0,7303.0,7374.0,72616.0
2020-01-09,7344.0,7385.0,7266.0,7305.0,58620.0
2020-01-10,7311.0,7428.0,7259.0,7428.0,72901.0
2020-01-13,7438.0,7566.0,7422.0,7541.0,156246.0
2020-01-14,7541.0,7587.0,7478.0,7541.0,89977.0
2020-01-15,7551.0,7576.0,7480.0,7531.0,84802.0
2020-01-16,7530.0,7550.0,7389.0,7467.0,85693.0
2020-01-17,7459.0,7498.0,7440.0,7459.0,50251.0
2020-01-20,7470.0,7530.0,7456.0,7515.0,59879.0
2020-01-21,7510.0,7538.0,7421.0,7434.0,52832.0
2020-01-22,7420.0,7438.0,7310.0,7394.0,57500.0
2020-01-23,7395.0,7410.0,7266.0,7282.0,31343.0
2020-02-03,6890.0,6930.0,6890.0,6890.0,23458.0
2020-02-04,6700.0,6876.0,6497.0,6865.0,52335.0
2020-02-05,6810.0,7013.0,6810.0,6945.0,54850.0
2020-02-06,6980.0,7022.0,6925.0,6991.0,33204.0
2020-02-07,6973.0,6985.0,6943.0,6971.0,21261.0
2020-02-10,6950.0,6989.0,6923.0,6966.0,18906.0
2020-02-11,6943.0,6980.0,6913.0,6938.0,31114.0
2020-02-12,6920.0,6948.0,6816.0,6868.0,52092.0
2020-02-13,6890.0,6898.0,6831.0,6879.0,32509.0
2020-02-14,6883.0,6915.0,6841.0,6886.0,31708.0
2020-02-17,6899.0,6990.0,6870.0,6956.0,34639.0
2020-02-18,6956.0,7008.0,6930.0,6938.0,35577.0
2020-02-19,6956.0,7030.0,6935.0,7000.0,37556.0
2020-02-20,7020.0,7068.0,6983.0,7027.0,43138.0
2020-02-21,7027.0,7078.0,7012.0,7044.0,40470.0
2020-02-24,7007.0,7030.0,6951.0,7024.0,34752.0
2020-02-25,6966.0,7020.0,6954.0,7009.0,26606.0
2020-02-26,6980.0,7044.0,6907.0,6911.0,46827.0
2020-02-27,6883.0,6890.0,6820.0,6840.0,31452.0
2020-02-28,6800.0,6829.0,6681.0,6697.0,44962.0
2020-03-02,6680.0,6788.0,6646.0,6759.0,43432.0
2020-03-03,6808.0,6850.0,6700.0,6701.0,50841.0
2020-03-04,6752.0,6785.0,6714.0,6759.0,40547.0
2020-03-05,6760.0,6777.0,6722.0,6751.0,37279.0
2020-03-06,6730.0,6748.0,6660.0,6714.0,45951.0
2020-03-09,6434.0,6434.0,6434.0,6434.0,1553.0
2020-03-10,6000.0,6332.0,6000.0,6276.0,64130.0
2020-03-11,6300.0,6350.0,6176.0,6189.0,35474.0
2020-03-12,6150.0,6195.0,6011.0,6120.0,51533.0
2020-03-13,6030.0,6098.0,5923.0,6083.0,54584.0
2020-03-16,6065.0,6075.0,5939.0,5943.0,56941.0
2020-03-17,5900.0,5945.0,5776.0,5776.0,103445.0
2020-03-18,5692.0,5695.0,5400.0,5400.0,133892.0
2020-03-19,5110.0,5278.0,5061.0,5061.0,96187.0
2020-03-20,5288.0,5313.0,4984.0,5177.0,192060.0
2020-03-23,4723.0,5000.0,4658.0,4832.0,134934.0
2020-03-24,4900.0,4916.0,4573.0,4783.0,147460.0
2020-03-25,4663.0,4746.0,4505.0,4561.0,221048.0
2020-03-26,4534.0,4706.0,4466.0,4612.0,223459.0
2020-03-27,4651.0,4698.0,4520.0,4645.0,199424.0
2020-03-30,4550.0,4597.0,4338.0,4341.0,201547.0
2020-03-31,4378.0,4599.0,4366.0,4425.0,208540.0
2020-04-01,4396.0,4485.0,4380.0,4424.0,97146.0
2020-04-02,4380.0,4777.0,4380.0,4666.0,182364.0
2020-04-03,5028.0,5197.0,4902.0,5176.0,59246.0
2020-04-07,5250.0,5285.0,5136.0,5219.0,74180.0
2020-04-08,5134.0,5309.0,5060.0,5239.0,64792.0
2020-04-09,5298.0,5627.0,5251.0,5575.0,126255.0
2020-04-10,5460.0,5618.0,5393.0,5494.0,163796.0
2020-04-13,5551.0,5815.0,5505.0,5544.0,157473.0
2020-04-14,5568.0,5605.0,5304.0,5400.0,134507.0
2020-04-15,5314.0,5488.0,5237.0,5414.0,162170.0
2020-04-16,5350.0,5498.0,5350.0,5426.0,158744.0
2020-04-17,5500.0,5648.0,5456.0,5526.0,196991.0
2020-04-20,5401.0,5555.0,5380.0,5548.0,131163.0
2020-04-21,5490.0,5546.0,5065.0,5200.0,300601.0
2020-04-22,4950.0,5043.0,4819.0,4819.0,243539.0
2020-04-23,4920.0,5319.0,4919.0,5305.0,285919.0
2020-04-24,5350.0,5397.0,5203.0,5301.0,253528.0
2020-04-27,5290.0,5430.0,5228.0,5326.0,200544.0
2020-04-28,5288.0,5419.0,5262.0,5354.0,194034.0
2020-04-29,5400.0,5492.0,5400.0,5456.0,137626.0
2020-04-30,5587.0,5588.0,5461.0,5530.0,100450.0
2020-05-06,5800.0,5810.0,5661.0,5725.0,120518.0
2020-05-07,5700.0,5730.0,5517.0,5528.0,205031.0
2020-05-08,5602.0,5618.0,5440.0,5535.0,194432.0
2020-05-11,5515.0,5577.0,5424.0,5446.0,116671.0
2020-05-12,5487.0,5495.0,5392.0,5452.0,105218.0
2020-05-13,5475.0,5563.0,5356.0,5484.0,184650.0
2020-05-14,5510.0,5543.0,5435.0,5508.0,115359.0
2020-05-15,5500.0,5627.0,5475.0,5588.0,130023.0
2020-05-18,5600.0,5801.0,5552.0,5731.0,161349.0
2020-05-19,5760.0,5889.0,5682.0,5740.0,202625.0
2020-05-20,5750.0,5818.0,5711.0,5780.0,120974.0
2020-05-21,5780.0,5825.0,5733.0,5771.0,142624.0
2020-05-22,5780.0,5845.0,5586.0,5607.0,184028.0
2020-05-25,5610.0,5729.0,5570.0,5702.0,110913.0
2020-05-26,5722.0,5745.0,5670.0,5689.0,81757.0
2020-05-27,5730.0,5767.0,5646.0,5730.0,112098.0
2020-05-28,5720.0,5745.0,5605.0,5671.0,123815.0
2020-05-29,5686.0,5744.0,5650.0,5670.0,104111.0
2020-06-01,5670.0,5806.0,5643.0,5794.0,117554.0
2020-06-02,5790.0,5850.0,5750.0,5804.0,82354.0
2020-06-03,5810.0,5988.0,5801.0,5951.0,148721.0
2020-06-04,5920.0,5935.0,5788.0,5811.0,113950.0
2020-06-05,5811.0,5890.0,5788.0,5876.0,73092.0
2020-06-08,5950.0,5986.0,5863.0,5904.0,84790.0
2020-06-09,5888.0,5917.0,5822.0,5847.0,73088.0
2020-06-10,5840.0,5895.0,5815.0,5850.0,64098.0
2020-06-11,5850.0,5870.0,5764.0,5780.0,77761.0
2020-06-12,5751.0,5759.0,5580.0,5680.0,106151.0
2020-06-15,5707.0,5780.0,5622.0,5666.0,85589.0
2020-06-16,5672.0,5798.0,5656.0,5793.0,75466.0
2020-06-17,5825.0,5859.0,5741.0,5768.0,65602.0
2020-06-18,5768.0,5818.0,5744.0,5799.0,52292.0
2020-06-19,5829.0,5880.0,5786.0,5841.0,59351.0
2020-06-22,5860.0,5865.0,5736.0,5757.0,78118.0
2020-06-23,5768.0,5805.0,5719.0,5773.0,62446.0
2020-06-24,5780.0,5794.0,5735.0,5757.0,44806.0
2020-06-29,5653.0,5719.0,5621.0,5638.0,53353.0
2020-06-30,5659.0,5698.0,5646.0,5660.0,47434.0
2020-07-01,5650.0,5680.0,5552.0,5660.0,124744.0
2020-07-02,5650.0,5700.0,5604.0,5686.0,78671.0
2020-07-03,5680.0,5750.0,5660.0,5715.0,76188.0
2020-07-06,5702.0,5772.0,5635.0,5744.0,144290.0
2020-07-07,5744.0,5790.0,5680.0,5699.0,125164.0
2020-07-08,5712.0,5748.0,5675.0,5714.0,66267.0
2020-07-09,5714.0,5739.0,5657.0,5682.0,74377.0
2020-07-10,5681.0,5690.0,5500.0,5501.0,159280.0
2020-07-13,5535.0,5637.0,5529.0,5587.0,96890.0
2020-07-14,5576.0,5625.0,5466.0,5599.0,125164.0
2020-07-15,5598.0,5686.0,5584.0,5668.0,113562.0
2020-07-16,5670.0,5699.0,5618.0,5631.0,76164.0
2020-07-17,5603.0,5655.0,5526.0,5560.0,83944.0
2020-07-20,5580.0,5628.0,5532.0,5598.0,85639.0
2020-07-21,5570.0,5625.0,5550.0,5572.0,66411.0
2020-07-22,5619.0,5650.0,5578.0,5592.0,84820.0
2020-07-23,5593.0,5717.0,5520.0,5701.0,137523.0
2020-07-24,5686.0,5760.0,5632.0,5678.0,159225.0
2020-07-27,5693.0,5734.0,5660.0,5729.0,77133.0
2020-07-28,5725.0,5742.0,5641.0,5672.0,84918.0
2020-07-29,5670.0,5715.0,5657.0,5694.0,61756.0
2020-07-30,5700.0,5714.0,5582.0,5631.0,98533.0
2020-07-31,5631.0,5643.0,5553.0,5560.0,97277.0
2020-08-03,5550.0,5570.0,5511.0,5520.0,75561.0
2020-08-04,5541.0,5609.0,5523.0,5544.0,71234.0
2020-08-05,5535.0,5596.0,5516.0,5551.0,53654.0
2020-08-06,5598.0,5605.0,5526.0,5570.0,61995.0
2020-08-07,5580.0,5590.0,5422.0,5432.0,106191.0
2020-08-10,5450.0,5450.0,5322.0,5433.0,103991.0
2020-08-11,5433.0,5518.0,5406.0,5445.0,73623.0
2020-08-12,5445.0,5460.0,5385.0,5437.0,58658.0
2020-08-13,5440.0,5465.0,5400.0,5444.0,45020.0
2020-08-14,5444.0,5471.0,5370.0,5375.0,53194.0
2020-08-17,5380.0,5388.0,5308.0,5323.0,60082.0
2020-08-18,5313.0,5346.0,5245.0,5253.0,67507.0
2020-08-19,5256.0,5272.0,5092.0,5108.0,96588.0
2020-08-20,5070.0,5241.0,5070.0,5158.0,64420.0
2020-08-21,5195.0,5304.0,5141.0,5299.0,58966.0
2020-08-24,5640.0,5720.0,5616.0,5720.0,81239.0
2020-08-25,5720.0,5743.0,5685.0,5716.0,61642.0
2020-08-26,5720.0,5730.0,5620.0,5642.0,81282.0
2020-08-27,5644.0,5750.0,5632.0,5741.0,82593.0
2020-08-28,5741.0,5780.0,5682.0,5728.0,79187.0
2020-08-31,5723.0,5808.0,5722.0,5782.0,57136.0
2020-09-01,5786.0,5799.0,5715.0,5784.0,63604.0
2020-09-02,5805.0,5880.0,5796.0,5834.0,99427.0
2020-09-03,5835.0,5845.0,5755.0,5774.0,68593.0
2020-09-04,5757.0,5782.0,5696.0,5736.0,79386.0
2020-09-07,5745.0,5807.0,5666.0,5682.0,93431.0
2020-09-08,5691.0,5714.0,5625.0,5635.0,78436.0
2020-09-09,5600.0,5656.0,5517.0,5605.0,96066.0
2020-09-10,5612.0,5747.0,5582.0,5714.0,136254.0
2020-09-11,5738.0,5738.0,5655.0,5694.0,73887.0
2020-09-14,5730.0,5764.0,5636.0,5742.0,87569.0
2020-09-15,5745.0,5780.0,5700.0,5710.0,101330.0
2020-09-16,5757.0,5784.0,5703.0,5780.0,105674.0
2020-09-17,5788.0,5805.0,5721.0,5742.0,72718.0
2020-09-18,5730.0,5856.0,5730.0,5812.0,124486.0
2020-09-21,5801.0,5810.0,5731.0,5746.0,83214.0
2020-09-22,5740.0,5740.0,5570.0,5629.0,108013.0
2020-09-23,5629.0,5678.0,5602.0,5670.0,76749.0
2020-09-24,5670.0,5694.0,5573.0,5590.0,80128.0
2020-09-25,5585.0,5656.0,5554.0,5622.0,70136.0
2020-09-28,5645.0,5725.0,5606.0,5645.0,83546.0
2020-09-29,5682.0,5720.0,5643.0,5665.0,61084.0
2020-09-30,5657.0,5668.0,5538.0,5596.0,85409.0
2020-10-09,5668.0,5749.0,5640.0,5648.0,49251.0
2020-10-12,5652.0,5745.0,5629.0,5740.0,80147.0
2020-10-13,5756.0,5970.0,5750.0,5942.0,188850.0
2020-10-14,5960.0,6310.0,5935.0,6171.0,467578.0
2020-10-15,6200.0,6248.0,6108.0,6194.0,209420.0
2020-10-16,6164.0,6265.0,6116.0,6173.0,208446.0
2020-10-19,6190.0,6618.0,6190.0,6324.0,396701.0
2020-10-20,6365.0,6467.0,6324.0,6422.0,175375.0
2020-10-21,6480.0,6676.0,6383.0,6405.0,345024.0
2020-10-22,6411.0,6527.0,6300.0,6506.0,213699.0
2020-10-23,6511.0,6513.0,6266.0,6271.0,187021.0
2020-10-26,6315.0,6460.0,6283.0,6359.0,164762.0
2020-10-27,6348.0,6509.0,6310.0,6437.0,205350.0
2020-10-28,6520.0,6625.0,6472.0,6599.0,240808.0
2020-10-29,6597.0,6861.0,6553.0,6832.0,407484.0
2020-10-30,6790.0,6946.0,6678.0,6746.0,492186.0
2020-11-02,6770.0,7021.0,6684.0,7004.0,314155.0
2020-11-03,6988.0,7041.0,6884.0,6961.0,228916.0
2020-11-04,7084.0,7303.0,7023.0,7276.0,423650.0
2020-11-05,7280.0,7406.0,7075.0,7081.0,490501.0
2020-11-06,7118.0,7177.0,6934.0,6990.0,399610.0
2020-11-09,7040.0,7400.0,7030.0,7391.0,497482.0
2020-11-10,7505.0,7580.0,7278.0,7388.0,442229.0
2020-11-11,7420.0,7600.0,7309.0,7600.0,335552.0
2020-11-12,7632.0,7700.0,7508.0,7600.0,501185.0
2020-11-13,7566.0,7872.0,7548.0,7860.0,551190.0
2020-11-16,7850.0,8435.0,7825.0,8299.0,890486.0
2020-11-17,8150.0,8200.0,7861.0,7960.0,980632.0
2020-11-18,7939.0,7954.0,7660.0,7677.0,808479.0
2020-11-19,7688.0,7918.0,7498.0,7518.0,963408.0
2020-11-20,7550.0,7597.0,7433.0,7527.0,577776.0
2020-11-23,7550.0,7740.0,7444.0,7612.0,594957.0
2020-11-24,7612.0,7646.0,7226.0,7280.0,502292.0
2020-11-25,7262.0,7388.0,7241.0,7340.0,249499.0
2020-11-26,7347.0,7538.0,7250.0,7350.0,488976.0
2020-11-27,7350.0,7533.0,7240.0,7532.0,351105.0
2020-11-30,7550.0,7773.0,7462.0,7623.0,408446.0
2020-12-01,7654.0,7699.0,7410.0,7411.0,288609.0
2020-12-02,7412.0,7465.0,7280.0,7318.0,277061.0
2020-12-03,7300.0,7440.0,7190.0,7350.0,213114.0
2020-12-04,7329.0,7346.0,7046.0,7090.0,298099.0
2020-12-07,7063.0,7320.0,7022.0,7290.0,241229.0
2020-12-08,7297.0,7347.0,7087.0,7139.0,187695.0
2020-12-09,7092.0,7257.0,6902.0,6930.0,227545.0
2020-12-10,6990.0,6992.0,6690.0,6756.0,221540.0
2020-12-11,6760.0,6869.0,6684.0,6814.0,174429.0
2020-12-14,6791.0,6925.0,6713.0,6822.0,162217.0
2020-12-15,6850.0,6895.0,6642.0,6834.0,205177.0
2020-12-16,6860.0,6928.0,6620.0,6647.0,155170.0
2020-12-17,6655.0,6885.0,6570.0,6881.0,194292.0
2020-12-18,6888.0,7155.0,6860.0,6943.0,184644.0
2020-12-21,6943.0,6976.0,6650.0,6674.0,112550.0
2020-12-22,6629.0,6732.0,6416.0,6484.0,109541.0
2020-12-23,6507.0,6545.0,6292.0,6377.0,225357.0
2020-12-24,6403.0,6606.0,6387.0,6483.0,181943.0
2020-12-25,6440.0,6665.0,6416.0,6455.0,198512.0
2020-12-28,6450.0,6455.0,6095.0,6130.0,358233.0
2020-12-29,6141.0,6155.0,6011.0,6082.0,322465.0
2020-12-30,6120.0,6237.0,6072.0,6185.0,282768.0
2020-12-31,6204.0,6367.0,6126.0,6356.0,156813.0
2021-01-04,6375.0,6415.0,6233.0,6364.0,87417.0
2021-01-05,6335.0,6532.0,6325.0,6411.0,222357.0
2021-01-06,6430.0,6688.0,6428.0,6600.0,317611.0
2021-01-07,6580.0,6730.0,6462.0,6660.0,255339.0
2021-01-08,6675.0,6795.0,6536.0,6698.0,249542.0
2021-01-11,6671.0,6885.0,6570.0,6679.0,332150.0
2021-01-12,6721.0,6808.0,6551.0,6758.0,276817.0
2021-01-13,6752.0,6997.0,6747.0,6898.0,255004.0
2021-01-14,6891.0,6969.0,6652.0,6689.0,252080.0
2021-01-15,6703.0,6868.0,6674.0,6790.0,116021.0
2021-01-18,6790.0,7369.0,6729.0,6858.0,152123.0
2021-01-19,6858.0,7200.0,6830.0,7116.0,204264.0
2021-01-20,7116.0,7280.0,7061.0,7125.0,180662.0
2021-01-21,7128.0,7223.0,6840.0,6900.0,171864.0
2021-01-22,6900.0,7011.0,6738.0,6871.0,172454.0
2021-01-25,6812.0,6963.0,6769.0,6884.0,101572.0
2021-01-26,6910.0,7120.0,6894.0,7056.0,271359.0
2021-01-27,7089.0,7426.0,7088.0,7419.0,439618.0
2021-01-28,7397.0,7400.0,7071.0,7092.0,526318.0
2021-01-29,7120.0,7305.0,6965.0,7299.0,543476.0
2021-02-01,7300.0,7386.0,7225.0,7335.0,420489.0
2021-02-02,7364.0,7529.0,7355.0,7451.0,307506.0
2021-02-03,7485.0,7550.0,7308.0,7423.0,224671.0
2021-02-04,7450.0,7650.0,7345.0,7641.0,305399.0
2021-02-05,7617.0,7705.0,7582.0,7687.0,290367.0
2021-02-08,7716.0,7920.0,7643.0,7734.0,384181.0
2021-02-09,7762.0,7960.0,7687.0,7918.0,292113.0
2021-02-10,7911.0,7912.0,7625.0,7678.0,272661.0
2021-02-18,8581.0,8581.0,8410.0,8581.0,193586.0
2021-02-19,8780.0,8928.0,8586.0,8811.0,455570.0
2021-02-22,8851.0,9500.0,8780.0,9338.0,487373.0
2021-02-23,9358.0,9580.0,9038.0,9244.0,477176.0
2021-02-24,9160.0,9318.0,9072.0,9255.0,322615.0
2021-02-25,9320.0,9822.0,9155.0,9574.0,359135.0
2021-02-26,9700.0,10090.0,9384.0,9900.0,174886.0
2021-03-01,9670.0,9940.0,9270.0,9370.0,634168.0
2021-03-02,9340.0,9387.0,8845.0,9050.0,541821.0
2021-03-03,9119.0,9310.0,8893.0,9041.0,428739.0
2021-03-04,9140.0,9488.0,9022.0,9170.0,509507.0
2021-03-05,9160.0,9440.0,9066.0,9247.0,495817.0
2021-03-08,9299.0,9829.0,9269.0,9416.0,471208.0
2021-03-09,9330.0,9443.0,8778.0,8820.0,396680.0
2021-03-10,8912.0,9040.0,8616.0,8873.0,327514.0
2021-03-11,8932.0,9032.0,8710.0,8983.0,280888.0
2021-03-12,9035.0,9100.0,8750.0,8781.0,257300.0
2021-03-15,8760.0,9055.0,8580.0,8767.0,390039.0
2021-03-16,8650.0,8836.0,8552.0,8587.0,247108.0
2021-03-17,8577.0,8577.0,8305.0,8329.0,293343.0
2021-03-18,8277.0,8400.0,8188.0,8338.0,240759.0
2021-03-19,8288.0,8359.0,7785.0,7855.0,294574.0
2021-03-22,7858.0,8138.0,7805.0,8077.0,225901.0
2021-03-23,8085.0,8146.0,7861.0,7978.0,165372.0
2021-03-24,7880.0,8222.0,7846.0,8177.0,256142.0
2021-03-25,8225.0,8326.0,8131.0,8172.0,234461.0
2021-03-26,8150.0,8391.0,8120.0,8360.0,265127.0
2021-03-29,8341.0,8488.0,8165.0,8208.0,209385.0
2021-03-30,8263.0,8420.0,8222.0,8413.0,168516.0
2021-03-31,8400.0,8553.0,8358.0,8522.0,212454.0
2021-04-01,8522.0,8950.0,8522.0,8943.0,286877.0
2021-04-02,8900.0,8986.0,8720.0,8913.0,278385.0
2021-04-06,8849.0,9196.0,8813.0,9149.0,181743.0
2021-04-07,9187.0,9244.0,8953.0,9023.0,256988.0
2021-04-08,9020.0,9058.0,8651.0,8696.0,287755.0
2021-04-09,8696.0,8739.0,8530.0,8543.0,250091.0
2021-04-12,8550.0,8665.0,8452.0,8523.0,218949.0
2021-04-13,8550.0,8771.0,8361.0,8634.0,304263.0
2021-04-14,8721.0,8921.0,8606.0,8911.0,243918.0
2021-04-15,8911.0,9025.0,8871.0,8954.0,212000.0
2021-04-16,8954.0,9096.0,8860.0,8958.0,235576.0
2021-04-19,8962.0,9297.0,8930.0,9237.0,287724.0
2021-04-20,9237.0,9450.0,9205.0,9446.0,279117.0
2021-04-21,9446.0,9598.0,9264.0,9537.0,283327.0
2021-04-22,9520.0,9520.0,9175.0,9219.0,323704.0
2021-04-23,9219.0,9392.0,9101.0,9348.0,216482.0
2021-04-26,9348.0,9530.0,9207.0,9240.0,149502.0
2021-04-27,9047.0,9088.0,8866.0,9037.0,277426.0
2021-04-28,9037.0,9150.0,8924.0,9020.0,235393.0
2021-04-29,9018.0,9246.0,8985.0,9062.0,284903.0
2021-04-30,9070.0,9179.0,8880.0,8936.0,263511.0
2021-05-06,9100.0,9370.0,8990.0,9362.0,210105.0
2021-05-07,9362.0,9766.0,9313.0,9761.0,296870.0
2021-05-10,9748.0,10112.0,9610.0,9951.0,259254.0
2021-05-11,9951.0,9952.0,9657.0,9798.0,223510.0
2021-05-12,9786.0,10072.0,9690.0,9890.0,280378.0
2021-05-13,9890.0,10242.0,9605.0,9749.0,367296.0
2021-05-14,9738.0,9845.0,9540.0,9755.0,289509.0
2021-05-17,9835.0,10109.0,9801.0,9929.0,267388.0
2021-05-18,9880.0,10190.0,9870.0,10029.0,246137.0
2021-05-19,10029.0,10098.0,9757.0,9908.0,242200.0
2021-05-20,9800.0,9842.0,9475.0,9733.0,263028.0
2021-05-21,9600.0,9690.0,9300.0,9301.0,242713.0
2021-05-24,9310.0,9394.0,9173.0,9225.0,226778.0
2021-05-25,9225.0,9358.0,9181.0,9306.0,159398.0
2021-05-26,9270.0,9328.0,9051.0,9179.0,91901.0
2021-05-27,8920.0,8958.0,8515.0,8537.0,299872.0
2021-05-28,8530.0,8865.0,8437.0,8499.0,348114.0
2021-05-31,8500.0,8753.0,8500.0,8739.0,271845.0
2021-06-01,8800.0,8966.0,8726.0,8926.0,251601.0
2021-06-02,9050.0,9189.0,8910.0,8913.0,240855.0
2021-06-03,8964.0,9200.0,8943.0,9043.0,242126.0
2021-06-04,9043.0,9059.0,8785.0,8887.0,234435.0
2021-06-07,8940.0,8978.0,8550.0,8580.0,250274.0
2021-06-08,8600.0,8644.0,8325.0,8588.0,331509.0
2021-06-09,8560.0,8567.0,8380.0,8520.0,277580.0
2021-06-10,8455.0,8536.0,8254.0,8287.0,275069.0
2021-06-11,8330.0,8509.0,8288.0,8437.0,315257.0
2021-06-15,8520.0,8590.0,8195.0,8494.0,223281.0
2021-06-16,8494.0,8636.0,8452.0,8606.0,209309.0
2021-06-17,8595.0,8600.0,8350.0,8521.0,237510.0
2021-06-18,8521.0,8521.0,8295.0,8434.0,219727.0
2021-06-21,8390.0,8475.0,8238.0,8287.0,194106.0
2021-06-22,8305.0,8633.0,8253.0,8625.0,161519.0
2021-06-23,8535.0,8830.0,8495.0,8769.0,285928.0
2021-06-24,8800.0,8896.0,8669.0,8749.0,277915.0
2021-06-25,8749.0,8954.0,8692.0,8829.0,261848.0
2021-06-28,8880.0,8997.0,8761.0,8986.0,286488.0
2021-06-29,8980.0,8988.0,8806.0,8909.0,253690.0
2021-06-30,9000.0,9220.0,8997.0,9122.0,346254.0
2021-07-01,9122.0,9353.0,9120.0,9345.0,283673.0
2021-07-02,9500.0,9570.0,9323.0,9461.0,312646.0
2021-07-05,9461.0,9587.0,9300.0,9374.0,325782.0
2021-07-06,9374.0,9493.0,9100.0,9114.0,378752.0
2021-07-07,9086.0,9114.0,8940.0,9106.0,292488.0
2021-07-08,9055.0,9185.0,8982.0,9156.0,255058.0
2021-07-09,9120.0,9222.0,9021.0,9160.0,248087.0
2021-07-12,9190.0,9389.0,9031.0,9077.0,325194.0
2021-07-13,9035.0,9099.0,8950.0,9097.0,258176.0
2021-07-14,9080.0,9331.0,8943.0,9266.0,316352.0
2021-07-15,9266.0,9308.0,9050.0,9132.0,232939.0
2021-07-16,9190.0,9225.0,9022.0,9121.0,238596.0
2021-07-19,9190.0,9353.0,9118.0,9288.0,247056.0
2021-07-20,9155.0,9170.0,8782.0,8833.0,248847.0
2021-07-21,8800.0,9065.0,8788.0,8995.0,144705.0
2021-07-22,9020.0,9191.0,8970.0,9161.0,298444.0
2021-07-23,9189.0,9346.0,9135.0,9240.0,276703.0
2021-07-26,9240.0,9390.0,9182.0,9204.0,226627.0
2021-07-27,9230.0,9423.0,9192.0,9285.0,241139.0
2021-07-28,9285.0,9295.0,9120.0,9250.0,216687.0
2021-07-29,9231.0,9304.0,9100.0,9121.0,271484.0
2021-07-30,9121.0,9199.0,8914.0,8965.0,305120.0
2021-08-02,9050.0,9114.0,8804.0,8839.0,283170.0
2021-08-03,8770.0,8830.0,8565.0,8578.0,256896.0
2021-08-04,8550.0,8804.0,8530.0,8760.0,272312.0
2021-08-05,8688.0,8796.0,8571.0,8602.0,243433.0
2021-08-06,8632.0,8710.0,8500.0,8662.0,216686.0
2021-08-09,8662.0,8724.0,8435.0,8552.0,239568.0
2021-08-10,8508.0,8722.0,8500.0,8669.0,237692.0
2021-08-11,8603.0,8860.0,8603.0,8818.0,218567.0
2021-08-12,8785.0,8958.0,8733.0,8812.0,205462.0
2021-08-13,8806.0,8877.0,8718.0,8769.0,152511.0
2021-08-16,8765.0,8910.0,8727.0,8759.0,153574.0
2021-08-17,8708.0,8780.0,8570.0,8570.0,134929.0
2021-08-18,8529.0,8606.0,8470.0,8586.0,227780.0
2021-08-19,8620.0,8633.0,8283.0,8310.0,287146.0
2021-08-20,8293.0,8435.0,8252.0,8406.0,208925.0
2021-08-23,8331.0,8640.0,8270.0,8601.0,247582.0
2021-08-24,8601.0,8648.0,8543.0,8584.0,183367.0
2021-08-25,8635.0,8675.0,8455.0,8471.0,237179.0
2021-08-26,8520.0,8525.0,8350.0,8352.0,229551.0
2021-08-27,8358.0,8650.0,8358.0,8613.0,255447.0
2021-08-30,8654.0,8775.0,8587.0,8681.0,228670.0
2021-08-31,8700.0,8848.0,8652.0,8846.0,226258.0
2021-09-01,8850.0,8885.0,8705.0,8821.0,227805.0
2021-09-02,8850.0,8919.0,8762.0,8835.0,211152.0
2021-09-03,8855.0,8970.0,8770.0,8851.0,251274.0
2021-09-06,8860.0,8921.0,8702.0,8845.0,264063.0
2021-09-07,8845.0,8950.0,8746.0,8834.0,278109.0
2021-09-08,8810.0,9346.0,8760.0,9270.0,399289.0
2021-09-09,9270.0,9520.0,9145.0,9149.0,393451.0
2021-09-10,9143.0,9242.0,9061.0,9143.0,290138.0
2021-09-13,9208.0,9568.0,9163.0,9474.0,290023.0
2021-09-14,9480.0,9633.0,9470.0,9539.0,301725.0
2021-09-15,9539.0,9599.0,9368.0,9533.0,254537.0
2021-09-16,9564.0,9846.0,9465.0,9482.0,348600.0
2021-09-17,9430.0,9430.0,9105.0,9182.0,271853.0
2021-09-22,9100.0,9213.0,9005.0,9096.0,149474.0
2021-09-23,9066.0,9152.0,9000.0,9036.0,218948.0
2021-09-24,9036.0,9186.0,8887.0,9057.0,220229.0
2021-09-27,9020.0,9365.0,8930.0,9000.0,156395.0
2021-09-28,9010.0,9411.0,8973.0,9365.0,348124.0
2021-09-29,9365.0,9398.0,9005.0,9034.0,304016.0
2021-09-30,9060.0,9353.0,9059.0,9320.0,226505.0
2021-10-08,9511.0,9742.0,9357.0,9640.0,178308.0
2021-10-11,9640.0,10117.0,9555.0,10026.0,260061.0
2021-10-12,10100.0,10279.0,9785.0,9828.0,289723.0
2021-10-13,9850.0,9930.0,9350.0,9559.0,246929.0
2021-10-14,9540.0,9660.0,9460.0,9660.0,176728.0
2021-10-15,9701.0,9845.0,9590.0,9791.0,214646.0
2021-10-18,9855.0,9855.0,9565.0,9733.0,181814.0
2021-10-19,9733.0,9775.0,9450.0,9536.0,192714.0
2021-10-20,9500.0,9551.0,9070.0,9409.0,207938.0
2021-10-21,9409.0,9648.0,9357.0,9385.0,147601.0
2021-10-22,9563.0,9566.0,9105.0,9285.0,187760.0
2021-10-25,9311.0,9791.0,9311.0,9727.0,133026.0
2021-10-26,9683.0,9781.0,9390.0,9419.0,292073.0
2021-10-27,9430.0,9461.0,9020.0,9055.0,323066.0
2021-10-28,9060.0,9250.0,8895.0,9167.0,315533.0
2021-10-29,9180.0,9470.0,9133.0,9367.0,251475.0
2021-11-01,9281.0,9545.0,9260.0,9290.0,243227.0
2021-11-02,9370.0,9395.0,9103.0,9172.0,217006.0
2021-11-03,9150.0,9310.0,8960.0,9293.0,253782.0
2021-11-04,9240.0,9240.0,9001.0,9210.0,226190.0
2021-11-05,9295.0,9350.0,9011.0,9045.0,196119.0
2021-11-08,9000.0,9299.0,8987.0,9279.0,194023.0
2021-11-09,9279.0,9279.0,8863.0,8955.0,300807.0
2021-11-10,8955.0,9066.0,8855.0,9042.0,198011.0
2021-11-11,9030.0,9031.0,8612.0,8762.0,302919.0
2021-11-12,8730.0,8878.0,8705.0,8790.0,174930.0
2021-11-15,8700.0,8800.0,8532.0,8542.0,211009.0
2021-11-16,8541.0,8694.0,8460.0,8622.0,166108.0
2021-11-17,8565.0,8640.0,8341.0,8381.0,169262.0
2021-11-18,8386.0,8440.0,8217.0,8235.0,141825.0
2021-11-19,8260.0,8535.0,8196.0,8436.0,130243.0
2021-11-22,8215.0,8498.0,8162.0,8293.0,269926.0
2021-11-23,8221.0,8336.0,8110.0,8118.0,242474.0
2021-11-24,8118.0,8217.0,7974.0,8180.0,294874.0
2021-11-25,8210.0,8210.0,8009.0,8026.0,242414.0
2021-11-26,8006.0,8020.0,7712.0,7728.0,271250.0
2021-11-29,7605.0,7696.0,7465.0,7569.0,303387.0
2021-11-30,7577.0,7745.0,7508.0,7524.0,293753.0
2021-12-01,7524.0,7798.0,7481.0,7777.0,282078.0
2021-12-02,7848.0,7899.0,7705.0,7721.0,268269.0
2021-12-03,7721.0,8005.0,7661.0,8004.0,309012.0
2021-12-06,8020.0,8090.0,7850.0,7872.0,244120.0
2021-12-07,7926.0,8094.0,7873.0,8057.0,220320.0
2021-12-08,8090.0,8120.0,7964.0,8051.0,188064.0
2021-12-09,8070.0,8080.0,7788.0,7863.0,229562.0
2021-12-10,7850.0,8155.0,7802.0,8079.0,252120.0
2021-12-13,8088.0,8215.0,8045.0,8154.0,207593.0
2021-12-14,8118.0,8244.0,8037.0,8242.0,170143.0
2021-12-15,8247.0,8260.0,8105.0,8152.0,125492.0
2021-12-16,8140.0,8221.0,8022.0,8119.0,134993.0
2021-12-17,8180.0,8242.0,7974.0,8027.0,274107.0
2021-12-20,8000.0,8000.0,7808.0,7897.0,257857.0
2021-12-21,7850.0,7884.0,7731.0,7795.0,220242.0
2021-12-22,7795.0,7831.0,7701.0,7730.0,216705.0
2021-12-23,7729.0,7986.0,7707.0,7979.0,236127.0
2021-12-24,8050.0,8364.0,8021.0,8283.0,393333.0
2021-12-27,8265.0,8340.0,8127.0,8136.0,213017.0
2021-12-28,8186.0,8350.0,8148.0,8304.0,226364.0
2021-12-29,8350.0,8385.0,8221.0,8350.0,191624.0
2021-12-30,8360.0,8543.0,8310.0,8491.0,247453.0
2021-12-31,8491.0,8616.0,8458.0,8552.0,227687.0
2022-01-04,8550.0,8884.0,8534.0,8606.0,153518.0
2022-01-05,8606.0,8652.0,8401.0,8434.0,212514.0
2022-01-06,8460.0,8516.0,8370.0,8429.0,168043.0
2022-01-07,8505.0,8740.0,8403.0,8645.0,224498.0
2022-01-10,8608.0,8636.0,8305.0,8343.0,220112.0
2022-01-11,8343.0,8502.0,8325.0,8475.0,148882.0
2022-01-12,8490.0,8745.0,8480.0,8635.0,227025.0
2022-01-13,8635.0,8685.0,8481.0,8494.0,205774.0
2022-01-14,8494.0,8762.0,8423.0,8733.0,216212.0
2022-01-17,8733.0,8796.0,8630.0,8734.0,155395.0
2022-01-18,8700.0,8707.0,8456.0,8590.0,231414.0
2022-01-19,8625.0,8884.0,8594.0,8658.0,219488.0
2022-01-20,8600.0,8673.0,8510.0,8590.0,179712.0
2022-01-21,8585.0,8585.0,8322.0,8325.0,171674.0
2022-01-24,8400.0,8525.0,8354.0,8442.0,115222.0
2022-01-25,8493.0,8710.0,8451.0,8596.0,267916.0
2022-01-26,8560.0,8970.0,8560.0,8925.0,308594.0
2022-01-27,8963.0,9123.0,8931.0,9069.0,250392.0
2022-01-28,9100.0,9282.0,9038.0,9093.0,246939.0
2022-02-07,9406.0,9600.0,9257.0,9289.0,184406.0
2022-02-08,9260.0,9347.0,9175.0,9292.0,183204.0
2022-02-09,9200.0,9200.0,8934.0,9023.0,174889.0
2022-02-10,9023.0,9085.0,8920.0,8978.0,144635.0
2022-02-11,9038.0,9136.0,8938.0,9000.0,259844.0
2022-02-14,9085.0,9345.0,9033.0,9081.0,259002.0
2022-02-15,9020.0,9175.0,8986.0,9126.0,180627.0
2022-02-16,9011.0,9013.0,8832.0,8921.0,186167.0
2022-02-17,9000.0,9000.0,8706.0,8770.0,163040.0
2022-02-18,8790.0,8925.0,8775.0,8900.0,127121.0
2022-02-21,8820.0,9014.0,8791.0,8991.0,130955.0
2022-02-22,8991.0,9182.0,8961.0,9119.0,142170.0
2022-02-23,9035.0,9212.0,9035.0,9158.0,104284.0
2022-02-24,9187.0,9510.0,9126.0,9346.0,93982.0
2022-02-25,9400.0,9570.0,9185.0,9264.0,189734.0
2022-02-28,9180.0,9408.0,9169.0,9270.0,165497.0
2022-03-01,9270.0,9307.0,9050.0,9200.0,191292.0
2022-03-02,9270.0,9550.0,9251.0,9540.0,182945.0
2022-03-03,9579.0,9936.0,9517.0,9871.0,203456.0
2022-03-04,9900.0,9909.0,9685.0,9796.0,182790.0
2022-03-07,9806.0,10442.0,9806.0,10290.0,256187.0
2022-03-08,10200.0,10520.0,10045.0,10483.0,225937.0
2022-03-09,10430.0,10608.0,10300.0,10510.0,205976.0
2022-03-10,10299.0,10299.0,9850.0,10071.0,230462.0
2022-03-11,10192.0,10238.0,9890.0,9966.0,152599.0
2022-03-14,9886.0,9960.0,9655.0,9673.0,121129.0
2022-03-15,9613.0,9793.0,9560.0,9564.0,154161.0
2022-03-16,9514.0,9555.0,9341.0,9513.0,162653.0
2022-03-17,9530.0,9656.0,9409.0,9526.0,133096.0
2022-03-18,9650.0,9732.0,9560.0,9699.0,118739.0
2022-03-21,9587.0,9669.0,9491.0,9582.0,175666.0
2022-03-22,9613.0,9766.0,9580.0,9649.0,152616.0
2022-03-23,9600.0,9827.0,9600.0,9768.0,182424.0
2022-03-24,9858.0,10045.0,9851.0,9881.0,165784.0
2022-03-25,9881.0,10017.0,9877.0,9977.0,143812.0
2022-03-28,9868.0,9983.0,9830.0,9884.0,179644.0
2022-03-29,9854.0,9912.0,9722.0,9868.0,156997.0
2022-03-30,9750.0,9910.0,9703.0,9876.0,173108.0
2022-03-31,9880.0,9920.0,9630.0,9674.0,179204.0
2022-04-01,9610.0,9845.0,9610.0,9726.0,160214.0
2022-04-06,9790.0,9998.0,9669.0,9958.0,160059.0
2022-04-07,9988.0,10132.0,9900.0,9958.0,192081.0
2022-04-08,9958.0,10038.0,9828.0,10038.0,178652.0
2022-04-11,10038.0,10088.0,9725.0,9760.0,193394.0
2022-04-12,9710.0,9870.0,9662.0,9870.0,139758.0
2022-04-13,9870.0,9870.0,9680.0,9684.0,147961.0
2022-04-14,9684.0,9856.0,9684.0,9726.0,149562.0
2022-04-15,9711.0,9726.0,9470.0,9520.0,206041.0
2022-04-18,9520.0,9691.0,9470.0,9656.0,135497.0
2022-04-19,9656.0,9656.0,9517.0,9532.0,144519.0
2022-04-20,9514.0,9764.0,9472.0,9732.0,157264.0
2022-04-21,9732.0,9948.0,9732.0,9768.0,198066.0
2022-04-22,9750.0,9890.0,9750.0,9790.0,84534.0
2022-04-25,9755.0,9800.0,9376.0,9413.0,238696.0
2022-04-26,9400.0,9583.0,9334.0,9471.0,177846.0
2022-04-27,9471.0,9748.0,9471.0,9728.0,223208.0
2022-04-28,9722.0,9722.0,9575.0,9631.0,172184.0
2022-04-29,9631.0,9920.0,9631.0,9904.0,204407.0
2022-05-05,9951.0,10020.0,9872.0,9987.0,120074.0
2022-05-06,10014.0,10195.0,9979.0,10107.0,219328.0
2022-05-09,10100.0,10129.0,9969.0,10005.0,208555.0
2022-05-10,9943.0,9943.0,9650.0,9666.0,256264.0
2022-05-11,9686.0,9885.0,9630.0,9867.0,181566.0
2022-05-12,9876.0,10047.0,9779.0,10033.0,223933.0
2022-05-13,10033.0,10178.0,9977.0,10150.0,200479.0
2022-05-16,10210.0,10248.0,10008.0,10040.0,152416.0
2022-05-17,10090.0,10178.0,10026.0,10126.0,135729.0
2022-05-18,10126.0,10227.0,10039.0,10103.0,178710.0
2022-05-19,10140.0,10145.0,9982.0,10111.0,162138.0
2022-05-20,10048.0,10164.0,9905.0,10037.0,194983.0
2022-05-23,10045.0,10154.0,9978.0,10003.0,154445.0
2022-05-24,10080.0,10080.0,9901.0,9915.0,128673.0
2022-05-25,9929.0,10116.0,9908.0,10009.0,218118.0
2022-05-26,10033.0,10298.0,10004.0,10296.0,256333.0
2022-05-27,10333.0,10450.0,10294.0,10372.0,215299.0
2022-05-30,10300.0,10488.0,10300.0,10355.0,203164.0
2022-05-31,10380.0,10574.0,10330.0,10543.0,224708.0
2022-06-01,10547.0,10610.0,10379.0,10494.0,232759.0
2022-06-02,10520.0,10572.0,10415.0,10564.0,192704.0
2022-06-06,10750.0,11036.0,10652.0,11016.0,202798.0
2022-06-07,11014.0,11031.0,10852.0,10927.0,189278.0
2022-06-08,10900.0,11289.0,10835.0,11262.0,284617.0
2022-06-09,11298.0,11515.0,11206.0,11231.0,330965.0
2022-06-10,11250.0,11463.0,11223.0,11396.0,328361.0
2022-06-13,11326.0,11386.0,10971.0,11014.0,324515.0
2022-06-14,11001.0,11065.0,10883.0,10968.0,264166.0
2022-06-15,11001.0,11091.0,10813.0,10840.0,247404.0
2022-06-16,10830.0,10919.0,10734.0,10736.0,217970.0
2022-06-17,10720.0,10731.0,10445.0,10536.0,301116.0
2022-06-20,10536.0,10593.0,10305.0,10324.0,273197.0
2022-06-21,10354.0,10532.0,10305.0,10411.0,174513.0
2022-06-22,10412.0,10476.0,10253.0,10272.0,157957.0
2022-06-23,10223.0,10428.0,10180.0,10241.0,107392.0
2022-06-24,10234.0,10259.0,9808.0,9840.0,311732.0
2022-06-27,9960.0,10178.0,9787.0,10056.0,300003.0
2022-06-28,10056.0,10222.0,10040.0,10169.0,188617.0
2022-06-29,10169.0,10212.0,9914.0,9962.0,236188.0
2022-06-30,10128.0,10128.0,9902.0,10055.0,202789.0
2022-07-01,10055.0,10145.0,9840.0,9840.0,233282.0
2022-07-04,9918.0,10150.0,9805.0,10099.0,211185.0
2022-07-05,10112.0,10196.0,9970.0,9984.0,198326.0
2022-07-06,9938.0,9941.0,9458.0,9703.0,357069.0
2022-07-07,9760.0,9760.0,9423.0,9456.0,237612.0
2022-07-08,9524.0,9687.0,9508.0,9600.0,223960.0
2022-07-11,9597.0,9655.0,9436.0,9579.0,237522.0
2022-07-12,9490.0,9544.0,9161.0,9203.0,291341.0
2022-07-13,9142.0,9243.0,9020.0,9192.0,232521.0
2022-07-14,9125.0,9125.0,8817.0,8831.0,297835.0
2022-07-15,8831.0,8977.0,8681.0,8778.0,263830.0
2022-07-18,8851.0,9266.0,8750.0,9247.0,272899.0
2022-07-19,9210.0,9265.0,9031.0,9085.0,208045.0
2022-07-20,9047.0,9198.0,8932.0,9066.0,178987.0
2022-07-21,9065.0,9150.0,8870.0,8874.0,147778.0
2022-07-22,8700.0,8960.0,8694.0,8850.0,114823.0
2022-07-25,8455.0,8640.0,8155.0,8156.0,346145.0
2022-07-26,8258.0,8748.0,8196.0,8706.0,335068.0
2022-07-27,8700.0,8732.0,8530.0,8642.0,239658.0
2022-07-28,8667.0,8997.0,8663.0,8991.0,296629.0
2022-07-29,9000.0,9026.0,8674.0,8728.0,277937.0
2022-08-01,8800.0,9050.0,8770.0,8859.0,320815.0
2022-08-02,8730.0,8756.0,8516.0,8642.0,293753.0
2022-08-03,8642.0,8823.0,8633.0,8678.0,258669.0
2022-08-04,8823.0,8830.0,8409.0,8440.0,263000.0
2022-08-05,8446.0,8485.0,8215.0,8275.0,260824.0
2022-08-08,8210.0,8397.0,8069.0,8386.0,300457.0
2022-08-09,8240.0,8557.0,8240.0,8509.0,235550.0
2022-08-10,8598.0,8611.0,8335.0,8381.0,230733.0
2022-08-11,8453.0,8552.0,8366.0,8492.0,197543.0
2022-08-12,8534.0,8586.0,8431.0,8502.0,203513.0
2022-08-15,8452.0,8533.0,8256.0,8291.0,294587.0
2022-08-16,8180.0,8200.0,7920.0,7960.0,283588.0
2022-08-17,8008.0,8042.0,7835.0,7839.0,224055.0
2022-08-18,7808.0,7887.0,7663.0,7680.0,240139.0
2022-08-19,7755.0,8087.0,7745.0,8075.0,334489.0
2022-08-22,8063.0,8373.0,8037.0,8308.0,223793.0
2022-08-23,8322.0,8368.0,8180.0,8313.0,136617.0
2022-08-24,8123.0,8315.0,8108.0,8270.0,335004.0
2022-08-25,8223.0,8260.0,8088.0,8204.0,341051.0
2022-08-26,8121.0,8365.0,8121.0,8193.0,346291.0
2022-08-29,8150.0,8320.0,8115.0,8311.0,300864.0
2022-08-30,8335.0,8572.0,8318.0,8525.0,392338.0
2022-08-31,8486.0,8637.0,8456.0,8566.0,338797.0
2022-09-01,8490.0,8675.0,8480.0,8666.0,337133.0
2022-09-02,8650.0,8725.0,8432.0,8556.0,492270.0
2022-09-05,8580.0,8791.0,8510.0,8768.0,401665.0
2022-09-06,8800.0,8836.0,8642.0,8779.0,308527.0
2022-09-07,8769.0,8908.0,8606.0,8638.0,498113.0
2022-09-08,8660.0,8809.0,8538.0,8765.0,387299.0
2022-09-09,8765.0,8968.0,8700.0,8967.0,333598.0
2022-09-13,9079.0,9278.0,9015.0,9079.0,268094.0
2022-09-14,9025.0,9137.0,8873.0,9005.0,329882.0
2022-09-15,9016.0,9029.0,8810.0,8820.0,295577.0
2022-09-16,8799.0,8953.0,8706.0,8915.0,333137.0
2022-09-19,8870.0,9075.0,8870.0,8970.0,316003.0
2022-09-20,8915.0,9400.0,8902.0,9143.0,390459.0
2022-09-21,9145.0,9172.0,8926.0,9155.0,319200.0
2022-09-22,9134.0,9211.0,9006.0,9061.0,287241.0
2022-09-23,9083.0,9180.0,9008.0,9066.0,277947.0
2022-09-26,9007.0,9033.0,8766.0,8772.0,231481.0
2022-09-27,8580.0,8648.0,8405.0,8508.0,316778.0
2022-09-28,8509.0,8583.0,8366.0,8430.0,292529.0
2022-09-29,8477.0,8645.0,8425.0,8572.0,276431.0
2022-09-30,8520.0,8565.0,8438.0,8560.0,237957.0
2022-10-10,8815.0,8948.0,8746.0,8845.0,224455.0
2022-10-11,8840.0,8857.0,8481.0,8503.0,302934.0
2022-10-12,8460.0,8575.0,8330.0,8403.0,292645.0
2022-10-13,8403.0,8444.0,8225.0,8275.0,335963.0
2022-10-14,8216.0,8410.0,8216.0,8375.0,248921.0
2022-10-17,8300.0,8490.0,8258.0,8409.0,323809.0
2022-10-18,8400.0,8480.0,8249.0,8347.0,310654.0
2022-10-19,8357.0,8364.0,8046.0,8133.0,323518.0
2022-10-20,8150.0,8470.0,8149.0,8451.0,380761.0
2022-10-21,8420.0,8520.0,8360.0,8433.0,274631.0
2022-10-24,8420.0,8562.0,8364.0,8408.0,277692.0
2022-10-25,8368.0,8442.0,8273.0,8359.0,263291.0
2022-10-26,8369.0,8396.0,8142.0,8153.0,220036.0
2022-10-27,8205.0,8234.0,8040.0,8059.0,161310.0
2022-10-28,7770.0,7888.0,7733.0,7855.0,290286.0
2022-10-31,7880.0,7880.0,7580.0,7643.0,323198.0
2022-11-01,7636.0,7912.0,7598.0,7833.0,351120.0
2022-11-02,7856.0,7869.0,7680.0,7768.0,350722.0
2022-11-03,7752.0,7796.0,7638.0,7685.0,296744.0
2022-11-04,7640.0,7922.0,7552.0,7907.0,402545.0
2022-11-07,7920.0,7994.0,7706.0,7818.0,277715.0
2022-11-08,7783.0,7887.0,7691.0,7766.0,243826.0
2022-11-09,7790.0,7875.0,7730.0,7788.0,262677.0
2022-11-10,7718.0,7843.0,7665.0,7783.0,298255.0
2022-11-11,7800.0,8188.0,7786.0,8156.0,459247.0
2022-11-14,8178.0,8235.0,8124.0,8194.0,251845.0
2022-11-15,8194.0,8320.0,8159.0,8181.0,312087.0
2022-11-16,8200.0,8230.0,8120.0,8193.0,204427.0
2022-11-17,8210.0,8348.0,8144.0,8269.0,368090.0
2022-11-18,8246.0,8380.0,8232.0,8281.0,286948.0
2022-11-21,8238.0,8350.0,8092.0,8184.0,302123.0
2022-11-22,8184.0,8203.0,8038.0,8050.0,211425.0
2022-11-23,8120.0,8120.0,8010.0,8036.0,121898.0
2022-11-24,7880.0,8006.0,7792.0,7951.0,325251.0
2022-11-25,7956.0,7957.0,7716.0,7773.0,345451.0
2022-11-28,7803.0,7841.0,7571.0,7610.0,321809.0
2022-11-29,7610.0,7744.0,7550.0,7674.0,246620.0
2022-11-30,7656.0,7719.0,7573.0,7691.0,263590.0
2022-12-01,7758.0,7964.0,7735.0,7917.0,332010.0
2022-12-02,7932.0,8155.0,7901.0,8110.0,356638.0
2022-12-05,8110.0,8192.0,8034.0,8110.0,251204.0
2022-12-06,8140.0,8170.0,8008.0,8077.0,222799.0
2022-12-07,8040.0,8092.0,7830.0,7873.0,303325.0
2022-12-08,7910.0,7986.0,7823.0,7979.0,229742.0
2022-12-09,8022.0,8254.0,7991.0,8201.0,361982.0
2022-12-12,8151.0,8316.0,8135.0,8153.0,258076.0
2022-12-13,8130.0,8232.0,8090.0,8191.0,198825.0
2022-12-14,8173.0,8266.0,8130.0,8245.0,195469.0
2022-12-15,8244.0,8349.0,8174.0,8246.0,213330.0
2022-12-16,8271.0,8365.0,8146.0,8221.0,248042.0
2022-12-19,8155.0,8205.0,8015.0,8050.0,215098.0
2022-12-20,8098.0,8123.0,7999.0,8061.0,185943.0
2022-12-21,8026.0,8217.0,8026.0,8207.0,126164.0
2022-12-22,8280.0,8402.0,8223.0,8319.0,268840.0
2022-12-23,8341.0,8351.0,8195.0,8268.0,242944.0
2022-12-26,8281.0,8422.0,8270.0,8338.0,246613.0
2022-12-27,8339.0,8430.0,8314.0,8412.0,177378.0
2022-12-28,8412.0,8417.0,8284.0,8351.0,212855.0
2022-12-29,8330.0,8345.0,8216.0,8311.0,218089.0
2022-12-30,8286.0,8479.0,8266.0,8455.0,229616.0
2023-01-03,8450.0,8544.0,8391.0,8531.0,144051.0
2023-01-04,8530.0,8577.0,8355.0,8375.0,227886.0
2023-01-05,8368.0,8368.0,8216.0,8238.0,208441.0
2023-01-06,8276.0,8420.0,8158.0,8406.0,259974.0
2023-01-09,8343.0,8409.0,8210.0,8294.0,186921.0
2023-01-10,8337.0,8354.0,8178.0,8194.0,183432.0
2023-01-11,8228.0,8490.0,8151.0,8468.0,282066.0
2023-01-12,8500.0,8689.0,8441.0,8660.0,226603.0
2023-01-13,8708.0,8784.0,8655.0,8719.0,201512.0
2023-01-16,8719.0,8762.0,8661.0,8706.0,160686.0
2023-01-17,8706.0,8795.0,8621.0,8707.0,177019.0
2023-01-18,8716.0,8877.0,8675.0,8846.0,128858.0
2023-01-19,8888.0,8909.0,8764.0,8812.0,175111.0
2023-01-20,8830.0,8992.0,8825.0,8978.0,155306.0
2023-01-30,8978.0,9068.0,8785.0,8810.0,179839.0
2023-01-31,8830.0,8830.0,8632.0,8699.0,216548.0
2023-02-01,8700.0,8817.0,8689.0,8717.0,183468.0
2023-02-02,8717.0,8735.0,8561.0,8595.0,223564.0
2023-02-03,8568.0,8583.0,8428.0,8521.0,205937.0
2023-02-06,8511.0,8533.0,8304.0,8357.0,219761.0
2023-02-07,8365.0,8468.0,8343.0,8404.0,158069.0
2023-02-08,8402.0,8476.0,8350.0,8384.0,155249.0
2023-02-09,8390.0,8434.0,8336.0,8367.0,158554.0
2023-02-10,8367.0,8439.0,8250.0,8435.0,257110.0
2023-02-13,8501.0,8510.0,8340.0,8342.0,200094.0
2023-02-14,8345.0,8405.0,8310.0,8349.0,147366.0
2023-02-15,8361.0,8368.0,8275.0,8323.0,161476.0
2023-02-16,8354.0,8486.0,8331.0,8439.0,190912.0
2023-02-17,8392.0,8450.0,8345.0,8348.0,129131.0
2023-02-20,8316.0,8480.0,8260.0,8472.0,176172.0
2023-02-21,8512.0,8614.0,8487.0,8579.0,131546.0
2023-02-22,8570.0,8629.0,8529.0,8563.0,79172.0
2023-02-23,8624.0,8624.0,8521.0,8559.0,135033.0
2023-02-24,8578.0,8682.0,8535.0,8569.0,207680.0
2023-02-27,8569.0,8645.0,8500.0,8502.0,192302.0
2023-02-28,8554.0,8554.0,8421.0,8511.0,194323.0
2023-03-01,8550.0,8584.0,8455.0,8557.0,177261.0
2023-03-02,8550.0,8595.0,8514.0,8569.0,143742.0
2023-03-03,8517.0,8649.0,8440.0,8620.0,274920.0
2023-03-06,8615.0,8615.0,8462.0,8527.0,241062.0
2023-03-07,8512.0,8647.0,8491.0,8566.0,182612.0
2023-03-08,8550.0,8636.0,8512.0,8544.0,205061.0
2023-03-09,8563.0,8583.0,8449.0,8507.0,190753.0
2023-03-10,8530.0,8538.0,8352.0,8364.0,215868.0
2023-03-13,8412.0,8564.0,8379.0,8526.0,225216.0
2023-03-14,8400.0,8459.0,8327.0,8335.0,220197.0
2023-03-15,8377.0,8388.0,8295.0,8365.0,176666.0
2023-03-16,8300.0,8319.0,8083.0,8103.0,179566.0
2023-03-17,8130.0,8299.0,8049.0,8247.0,177919.0
2023-03-20,8223.0,8357.0,8212.0,8295.0,144601.0
2023-03-21,8234.0,8318.0,8210.0,8270.0,186988.0
2023-03-22,8320.0,8345.0,8268.0,8291.0,157904.0
2023-03-23,8301.0,8349.0,8271.0,8298.0,164215.0
2023-03-24,8275.0,8335.0,8209.0,8316.0,216050.0
2023-03-27,8280.0,8400.0,8243.0,8394.0,198180.0
2023-03-28,8406.0,8498.0,8405.0,8465.0,186681.0
2023-03-29,8443.0,8490.0,8426.0,8482.0,143843.0
2023-03-30,8496.0,8530.0,8401.0,8459.0,163295.0
2023-03-31,8469.0,8558.0,8465.0,8518.0,149922.0
2023-04-03,8507.0,8765.0,8495.0,8679.0,212104.0
2023-04-04,8657.0,8750.0,8622.0,8747.0,164609.0
2023-04-06,8695.0,8717.0,8565.0,8662.0,131265.0
2023-04-07,8662.0,8705.0,8630.0,8671.0,125114.0
2023-04-10,8663.0,8748.0,8602.0,8622.0,171962.0
2023-04-11,8620.0,8693.0,8591.0,8625.0,149493.0
2023-04-12,8590.0,8696.0,8573.0,8693.0,166781.0
2023-04-13,8710.0,8735.0,8592.0,8601.0,175820.0
2023-04-14,8601.0,8674.0,8560.0,8623.0,170197.0
2023-04-17,8650.0,8775.0,8623.0,8697.0,230077.0
2023-04-18,8668.0,8682.0,8572.0,8631.0,177327.0
2023-04-19,8631.0,8695.0,8550.0,8567.0,157933.0
2023-04-20,8561.0,8585.0,8455.0,8528.0,212249.0
2023-04-21,8540.0,8584.0,8453.0,8462.0,192814.0
2023-04-24,8493.0,8512.0,8380.0,8384.0,178123.0
2023-04-25,8428.0,8480.0,8371.0,8390.0,164099.0
2023-04-26,8368.0,8373.0,8280.0,8320.0,168483.0
2023-04-27,8290.0,8343.0,8228.0,8230.0,167652.0
2023-04-28,8230.0,8280.0,8208.0,8251.0,126212.0
2023-05-04,8050.0,8080.0,7943.0,8029.0,170746.0
2023-05-05,8030.0,8044.0,7950.0,8019.0,164091.0
2023-05-08,8050.0,8225.0,8050.0,8212.0,202196.0
2023-05-09,8225.0,8231.0,8108.0,8113.0,140956.0
2023-05-10,8140.0,8200.0,8076.0,8145.0,169307.0
2023-05-11,8160.0,8166.0,8005.0,8023.0,203437.0
2023-05-12,7974.0,8040.0,7850.0,7855.0,202223.0
2023-05-15,7886.0,7910.0,7708.0,7809.0,177293.0
2023-05-16,7879.0,7909.0,7704.0,7735.0,176192.0
2023-05-17,7735.0,7805.0,7642.0,7789.0,186071.0
2023-05-18,7808.0,7897.0,7792.0,7888.0,182159.0
2023-05-19,7888.0,7935.0,7744.0,7816.0,179058.0
2023-05-22,7765.0,7803.0,7543.0,7615.0,286965.0
2023-05-23,7668.0,7681.0,7378.0,7455.0,443908.0
2023-05-24,7482.0,7565.0,7460.0,7502.0,264006.0
2023-05-25,7505.0,7600.0,7385.0,7563.0,352616.0
2023-05-26,7521.0,7730.0,7465.0,7709.0,401870.0
2023-05-29,7720.0,7820.0,7703.0,7765.0,287471.0
2023-05-30,7734.0,7798.0,7685.0,7741.0,209274.0
2023-05-31,7711.0,7745.0,7580.0,7706.0,298897.0
2023-06-01,7640.0,7778.0,7631.0,7692.0,270543.0
2023-06-02,7677.0,7835.0,7542.0,7770.0,431188.0
2023-06-05,7792.0,7850.0,7681.0,7719.0,253599.0
2023-06-06,7762.0,7762.0,7585.0,7642.0,281580.0
2023-06-07,7630.0,7732.0,7600.0,7612.0,224007.0
2023-06-08,7640.0,7672.0,7415.0,7436.0,373798.0
2023-06-09,7463.0,7542.0,7395.0,7500.0,334272.0
2023-06-12,7500.0,7527.0,7256.0,7278.0,329059.0
2023-06-13,7230.0,7266.0,7094.0,7251.0,395252.0
2023-06-14,7300.0,7425.0,7181.0,7355.0,338831.0
2023-06-15,7111.0,7139.0,6980.0,7052.0,316835.0
2023-06-16,7080.0,7261.0,7062.0,7256.0,358390.0
2023-06-19,7256.0,7295.0,7093.0,7126.0,363590.0
2023-06-20,7177.0,7238.0,7107.0,7157.0,298811.0
2023-06-21,7131.0,7318.0,7120.0,7260.0,337442.0
2023-06-26,7180.0,7200.0,7028.0,7067.0,265346.0
2023-06-27,7090.0,7117.0,6981.0,7058.0,310244.0
2023-06-28,6996.0,7080.0,6991.0,7036.0,237657.0
2023-06-29,7038.0,7186.0,7014.0,7117.0,334443.0
2023-06-30,7083.0,7213.0,7081.0,7173.0,263306.0
2023-07-03,7175.0,7349.0,7175.0,7277.0,308926.0
2023-07-04,7296.0,7325.0,7218.0,7317.0,292563.0
2023-07-05,7342.0,7396.0,7310.0,7351.0,312447.0
2023-07-06,7350.0,7370.0,7286.0,7340.0,268853.0
2023-07-07,7340.0,7525.0,7320.0,7450.0,427252.0
2023-07-10,7450.0,7552.0,7426.0,7499.0,257739.0
2023-07-11,7500.0,7594.0,7480.0,7526.0,226472.0
2023-07-12,7538.0,7584.0,7513.0,7560.0,239761.0
2023-07-13,7580.0,7765.0,7578.0,7759.0,300635.0
2023-07-14,7732.0,7954.0,7715.0,7868.0,391012.0
2023-07-17,7902.0,7905.0,7760.0,7835.0,295778.0
2023-07-18,7871.0,7978.0,7764.0,7937.0,257744.0
2023-07-19,7930.0,8074.0,7914.0,7956.0,257181.0
2023-07-20,7900.0,7957.0,7801.0,7887.0,376820.0
2023-07-21,7909.0,8055.0,7909.0,8021.0,466067.0
2023-07-24,8048.0,8088.0,7882.0,7890.0,313442.0
2023-07-25,7940.0,8049.0,7842.0,8027.0,372430.0
2023-07-26,8030.0,8188.0,8003.0,8159.0,393427.0
2023-07-27,8055.0,8138.0,7983.0,8054.0,376983.0
2023-07-28,8080.0,8226.0,8022.0,8212.0,376406.0
2023-07-31,8238.0,8410.0,8238.0,8327.0,464631.0
2023-08-01,8388.0,8464.0,8303.0,8326.0,397550.0
2023-08-02,8310.0,8493.0,8262.0,8399.0,399755.0
2023-08-03,8427.0,8430.0,8198.0,8236.0,427444.0
2023-08-04,8300.0,8439.0,8268.0,8343.0,379413.0
2023-08-07,8376.0,8376.0,8181.0,8300.0,414606.0
2023-08-08,8286.0,8354.0,8174.0,8301.0,423179.0
2023-08-09,8220.0,8394.0,8220.0,8354.0,338599.0
2023-08-10,8380.0,8546.0,8363.0,8494.0,391315.0
2023-08-11,8490.0,8497.0,8381.0,8442.0,313009.0
2023-08-14,8464.0,8508.0,8246.0,8280.0,333506.0
2023-08-15,8280.0,8326.0,8221.0,8305.0,269920.0
2023-08-16,8248.0,8349.0,8242.0,8317.0,215577.0
2023-08-17,8350.0,8388.0,8213.0,8386.0,287649.0
2023-08-18,8410.0,8694.0,8410.0,8492.0,394767.0
2023-08-21,8310.0,8573.0,8310.0,8553.0,389218.0
2023-08-22,8553.0,8590.0,8355.0,8460.0,345055.0
2023-08-23,8485.0,8606.0,8461.0,8543.0,379263.0
2023-08-24,8512.0,8576.0,8437.0,8467.0,379899.0
2023-08-25,8460.0,8476.0,8352.0,8392.0,413172.0
2023-08-28,8424.0,8458.0,8314.0,8347.0,394246.0
2023-08-29,8333.0,8450.0,8323.0,8372.0,406694.0
2023-08-30,8390.0,8575.0,8358.0,8534.0,406644.0
2023-08-31,8534.0,8543.0,8427.0,8458.0,321087.0
2023-09-01,8506.0,8747.0,8500.0,8722.0,400866.0
2023-09-04,8750.0,8850.0,8710.0,8762.0,342795.0
2023-09-05,8762.0,8880.0,8762.0,8827.0,259414.0
2023-09-06,8850.0,9330.0,8778.0,9270.0,639018.0
2023-09-07,9290.0,9405.0,9179.0,9268.0,909327.0
2023-09-08,9292.0,9325.0,9083.0,9133.0,609855.0
2023-09-11,9200.0,9365.0,9145.0,9262.0,508168.0
2023-09-12,9255.0,9666.0,9233.0,9566.0,834884.0
2023-09-13,9680.0,9820.0,9590.0,9811.0,858787.0
2023-09-14,9860.0,9998.0,9757.0,9817.0,1305396.0
2023-09-15,9890.0,9900.0,9611.0,9729.0,980300.0
2023-09-18,9720.0,9720.0,9353.0,9467.0,742072.0
2023-09-19,9491.0,9575.0,9392.0,9464.0,448396.0
2023-09-20,9488.0,9554.0,9142.0,9186.0,547983.0
2023-09-21,9175.0,9193.0,8919.0,8926.0,412106.0
2023-09-22,8960.0,9175.0,8941.0,9104.0,350145.0
2023-09-25,9077.0,9167.0,8775.0,8826.0,723192.0
2023-09-26,8796.0,8847.0,8674.0,8690.0,561241.0
2023-09-27,8696.0,8855.0,8696.0,8809.0,500150.0
2023-09-28,8855.0,9045.0,8825.0,8846.0,484855.0
2023-10-09,8588.0,8624.0,8475.0,8602.0,275583.0
2023-10-10,8616.0,8637.0,8361.0,8391.0,448985.0
2023-10-11,8414.0,8498.0,8333.0,8469.0,396397.0
2023-10-12,8421.0,8436.0,8235.0,8401.0,500015.0
2023-10-13,8470.0,8556.0,8355.0,8458.0,593425.0
2023-10-16,8600.0,8686.0,8506.0,8609.0,496234.0
2023-10-17,8615.0,8643.0,8415.0,8515.0,435868.0
2023-10-18,8515.0,8671.0,8496.0,8615.0,435191.0
2023-10-19,8625.0,8686.0,8478.0,8619.0,503239.0
2023-10-20,8619.0,8765.0,8544.0,8576.0,532975.0
2023-10-23,8576.0,8626.0,8433.0,8593.0,504315.0
2023-10-24,8621.0,8662.0,8483.0,8572.0,379450.0
2023-10-25,8545.0,8570.0,8412.0,8461.0,298094.0
2023-10-26,8430.0,8484.0,8340.0,8418.0,424855.0
2023-10-27,8301.0,8587.0,8300.0,8559.0,547580.0
2023-10-30,8559.0,8756.0,8548.0,8720.0,562861.0
2023-10-31,8699.0,8800.0,8573.0,8795.0,626272.0
2023-11-01,8780.0,8836.0,8715.0,8767.0,549992.0
2023-11-02,8818.0,8825.0,8628.0,8668.0,464034.0
2023-11-03,8630.0,8750.0,8604.0,8679.0,514544.0
2023-11-06,8700.0,8704.0,8512.0,8644.0,518251.0
2023-11-07,8655.0,8709.0,8479.0,8499.0,524394.0
2023-11-08,8480.0,8517.0,8351.0,8439.0,469732.0
2023-11-09,8370.0,8475.0,8313.0,8440.0,485134.0
2023-11-10,8450.0,8507.0,8364.0,8471.0,497650.0
2023-11-13,8490.0,8493.0,8274.0,8376.0,446413.0
2023-11-14,8400.0,8456.0,8345.0,8417.0,302833.0
2023-11-15,8400.0,8735.0,8394.0,8665.0,667127.0
2023-11-16,8633.0,8704.0,8562.0,8697.0,373557.0
2023-11-17,8688.0,8888.0,8659.0,8703.0,612614.0
2023-11-20,8751.0,8784.0,8620.0,8711.0,348545.0
2023-11-21,8738.0,8744.0,8486.0,8499.0,291787.0
2023-11-22,8469.0,8544.0,8405.0,8450.0,383441.0
2023-11-23,8397.0,8449.0,8277.0,8425.0,487385.0
2023-11-24,8428.0,8465.0,8315.0,8358.0,435239.0
2023-11-27,8370.0,8446.0,8190.0,8238.0,485871.0
2023-11-28,8246.0,8278.0,8028.0,8044.0,589193.0
2023-11-29,8052.0,8145.0,8013.0,8046.0,481126.0
2023-11-30,8088.0,8176.0,8023.0,8153.0,466448.0
2023-12-01,8150.0,8193.0,7905.0,7954.0,497856.0
2023-12-04,7950.0,8011.0,7819.0,7841.0,495470.0
2023-12-05,7841.0,7898.0,7756.0,7882.0,465640.0
2023-12-06,7852.0,8035.0,7823.0,8033.0,440693.0
2023-12-07,8000.0,8029.0,7825.0,7977.0,445188.0
2023-12-08,7998.0,8137.0,7974.0,8097.0,344159.0
2023-12-11,8098.0,8148.0,8010.0,8103.0,291209.0
2023-12-12,8100.0,8177.0,7975.0,8141.0,356942.0
2023-12-13,8109.0,8163.0,7931.0,7956.0,385258.0
2023-12-14,7974.0,8255.0,7974.0,8090.0,459489.0
2023-12-15,8118.0,8165.0,8045.0,8124.0,262318.0
2023-12-18,8124.0,8232.0,8073.0,8226.0,240478.0
2023-12-19,8246.0,8290.0,8191.0,8240.0,293772.0
2023-12-20,8240.0,8489.0,8212.0,8473.0,484763.0
2023-12-21,8500.0,8617.0,8462.0,8584.0,514504.0
2023-12-22,8530.0,8628.0,8441.0,8520.0,493313.0
2023-12-25,8521.0,8675.0,8466.0,8553.0,475998.0
2023-12-26,8575.0,8624.0,8525.0,8540.0,351617.0
2023-12-27,8570.0,8654.0,8543.0,8578.0,420688.0
2023-12-28,8578.0,8582.0,8420.0,8456.0,418680.0
2023-12-29,8440.0,8485.0,8371.0,8484.0,353870.0
2024-01-02,8480.0,8630.0,8437.0,8618.0,251123.0
2024-01-03,8630.0,8665.0,8476.0,8543.0,290594.0
2024-01-04,8543.0,8599.0,8448.0,8468.0,307274.0
2024-01-05,8450.0,8468.0,8306.0,8366.0,332520.0
2024-01-08,8414.0,8502.0,8276.0,8279.0,404256.0
2024-01-09,8266.0,8328.0,8227.0,8257.0,298350.0
2024-01-10,8326.0,8445.0,8267.0,8418.0,356902.0
2024-01-11,8399.0,8475.0,8292.0,8469.0,399298.0
2024-01-12,8480.0,8534.0,8420.0,8477.0,320780.0
2024-01-15,8515.0,8515.0,8370.0,8466.0,293847.0
2024-01-16,8447.0,8803.0,8433.0,8796.0,566799.0
2024-01-17,8820.0,8825.0,8629.0,8640.0,368417.0
2024-01-18,8600.0,8719.0,8597.0,8673.0,285436.0
2024-01-19,8656.0,8767.0,8647.0,8726.0,273903.0
2024-01-22,8730.0,8888.0,8702.0,8768.0,261626.0
2024-01-23,8801.0,8898.0,8736.0,8894.0,376857.0
2024-01-24,8886.0,8948.0,8850.0,8916.0,445651.0
2024-01-25,8915.0,8937.0,8794.0,8795.0,412334.0
2024-01-26,8792.0,9000.0,8765.0,8767.0,633953.0
2024-01-29,8777.0,8886.0,8743.0,8784.0,456465.0
2024-01-30,8796.0,8938.0,8760.0,8892.0,478177.0
2024-01-31,8878.0,8879.0,8698.0,8796.0,560884.0
2024-02-01,8787.0,8865.0,8755.0,8826.0,453721.0
2024-02-02,8824.0,8830.0,8621.0,8649.0,562622.0
2024-02-05,8613.0,8845.0,8613.0,8795.0,434820.0
2024-02-06,8766.0,8914.0,8711.0,8906.0,462416.0
2024-02-07,8918.0,9117.0,8918.0,9091.0,544351.0
2024-02-08,9099.0,9196.0,9030.0,9093.0,345812.0
2024-02-19,9330.0,9387.0,9218.0,9273.0,255067.0
2024-02-20,9294.0,9296.0,9130.0,9145.0,296695.0
2024-02-21,9080.0,9192.0,9025.0,9123.0,303448.0
2024-02-22,9110.0,9234.0,9101.0,9177.0,284196.0
2024-02-23,9160.0,9178.0,9062.0,9067.0,275292.0
2024-02-26,9048.0,9124.0,9023.0,9036.0,177345.0
2024-02-27,9055.0,9143.0,9013.0,9141.0,309860.0
2024-02-28,9151.0,9197.0,9007.0,9018.0,387429.0
2024-02-29,9000.0,9078.0,8961.0,9050.0,338404.0
2024-03-01,9050.0,9089.0,8990.0,9044.0,338316.0
2024-03-04,9098.0,9174.0,9058.0,9097.0,371841.0
2024-03-05,9097.0,9170.0,9025.0,9166.0,344140.0
2024-03-06,9169.0,9235.0,9115.0,9182.0,488515.0
2024-03-07,9170.0,9195.0,9080.0,9130.0,415153.0
2024-03-08,9148.0,9255.0,9135.0,9226.0,352889.0
2024-03-11,9190.0,9358.0,9190.0,9351.0,396375.0
2024-03-12,9352.0,9375.0,9251.0,9299.0,292590.0
2024-03-13,9320.0,9348.0,9273.0,9319.0,226191.0
2024-03-14,9350.0,9499.0,9313.0,9492.0,350220.0
2024-03-15,9496.0,9577.0,9428.0,9428.0,335797.0
2024-03-18,9419.0,9470.0,9352.0,9401.0,243147.0
2024-03-19,9390.0,9420.0,9305.0,9314.0,360047.0
2024-03-20,9314.0,9328.0,9243.0,9251.0,335366.0
2024-03-21,9125.0,9246.0,9104.0,9217.0,437753.0
2024-03-22,9194.0,9253.0,9140.0,9188.0,366462.0
2024-03-25,9207.0,9288.0,9155.0,9218.0,426395.0
2024-03-26,9205.0,9365.0,9205.0,9296.0,419950.0
2024-03-27,9300.0,9379.0,9241.0,9265.0,436359.0
2024-03-28,9240.0,9340.0,9190.0,9289.0,521687.0
2024-03-29,9337.0,9378.0,9259.0,9346.0,430557.0
2024-04-01,9360.0,9498.0,9355.0,9397.0,465997.0
2024-04-02,9370.0,9468.0,9366.0,9442.0,316592.0
2024-04-03,9470.0,9500.0,9425.0,9481.0,307591.0
2024-04-08,9535.0,9579.0,9447.0,9510.0,334059.0
2024-04-09,9543.0,9646.0,9520.0,9596.0,373188.0
2024-04-10,9568.0,9589.0,9411.0,9432.0,379728.0
2024-04-11,9435.0,9459.0,9382.0,9416.0,248747.0
2024-04-12,9400.0,9453.0,9376.0,9430.0,256652.0
2024-04-15,9451.0,9575.0,9451.0,9528.0,305025.0
2024-04-16,9546.0,9674.0,9490.0,9612.0,360026.0
2024-04-17,9572.0,9648.0,9561.0,9594.0,253059.0
2024-04-18,9567.0,9665.0,9526.0,9646.0,284763.0
2024-04-19,9652.0,9780.0,9580.0,9652.0,353146.0
2024-04-22,9605.0,9685.0,9528.0,9531.0,215494.0
2024-04-23,9460.0,9525.0,9405.0,9415.0,303103.0
2024-04-24,9386.0,9535.0,9386.0,9498.0,295516.0
2024-04-25,9498.0,9548.0,9455.0,9499.0,268926.0
2024-04-26,9500.0,9539.0,9440.0,9495.0,316618.0
2024-04-29,9520.0,9530.0,9326.0,9359.0,418441.0
2024-04-30,9383.0,9418.0,9333.0,9387.0,260542.0
2024-05-06,9287.0,9412.0,9276.0,9411.0,222349.0
2024-05-07,9410.0,9446.0,9338.0,9397.0,284524.0
2024-05-08,9397.0,9397.0,9291.0,9295.0,269341.0
2024-05-09,9285.0,9349.0,9215.0,9216.0,341362.0
2024-05-10,9233.0,9293.0,9185.0,9278.0,310581.0
2024-05-13,9265.0,9269.0,9076.0,9187.0,460265.0
2024-05-14,9247.0,9247.0,9141.0,9144.0,242090.0
2024-05-15,9133.0,9175.0,9089.0,9146.0,228766.0
2024-05-16,9126.0,9280.0,9121.0,9274.0,270446.0
2024-05-17,9279.0,9314.0,9222.0,9306.0,229656.0
2024-05-20,9311.0,9575.0,9311.0,9572.0,321647.0
2024-05-21,9585.0,9691.0,9530.0,9612.0,267828.0
2024-05-22,9612.0,9646.0,9465.0,9488.0,186193.0
2024-05-23,9444.0,9485.0,9353.0,9392.0,293491.0
2024-05-24,9418.0,9503.0,9385.0,9444.0,260715.0
2024-05-27,9452.0,9620.0,9425.0,9618.0,329566.0
2024-05-28,9650.0,9705.0,9561.0,9576.0,336751.0
2024-05-29,9600.0,9696.0,9567.0,9663.0,289157.0
2024-05-30,9675.0,9720.0,9588.0,9663.0,364386.0
2024-05-31,9653.0,9773.0,9634.0,9730.0,398454.0
2024-06-03,9768.0,9819.0,9550.0,9587.0,503473.0
2024-06-04,9587.0,9624.0,9514.0,9570.0,318290.0
2024-06-05,9538.0,9546.0,9336.0,9337.0,391210.0
2024-06-06,9366.0,9429.0,9353.0,9383.0,237243.0
2024-06-07,9374.0,9493.0,9370.0,9424.0,273674.0
2024-06-11,9493.0,9548.0,9446.0,9515.0,229291.0
2024-06-12,9498.0,9628.0,9463.0,9610.0,295453.0
2024-06-13,9630.0,9645.0,9411.0,9426.0,301301.0
2024-06-14,9426.0,9445.0,9353.0,9365.0,252110.0
2024-06-17,9385.0,9399.0,9305.0,9320.0,300054.0
2024-06-18,9355.0,9386.0,9276.0,9281.0,232782.0
2024-06-19,9285.0,9373.0,9213.0,9223.0,239601.0
2024-06-20,9242.0,9310.0,9207.0,9250.0,186512.0
2024-06-21,9236.0,9283.0,9203.0,9217.0,178425.0
2024-06-24,9192.0,9262.0,9133.0,9212.0,141126.0
2024-06-25,9182.0,9303.0,9127.0,9281.0,336379.0
2024-06-26,9295.0,9326.0,9171.0,9222.0,330635.0
2024-06-27,9222.0,9295.0,9152.0,9224.0,346810.0
2024-06-28,9250.0,9478.0,9250.0,9472.0,546663.0
2024-07-01,9481.0,9481.0,9372.0,9441.0,265881.0
2024-07-02,9412.0,9478.0,9385.0,9447.0,214977.0
2024-07-03,9451.0,9489.0,9374.0,9442.0,266553.0
2024-07-04,9422.0,9488.0,9392.0,9450.0,313492.0
2024-07-05,9450.0,9535.0,9343.0,9348.0,429347.0
2024-07-08,9348.0,9479.0,9342.0,9378.0,321993.0
2024-07-09,9380.0,9502.0,9328.0,9398.0,447135.0
2024-07-10,9388.0,9388.0,9232.0,9282.0,362293.0
2024-07-11,9309.0,9443.0,9300.0,9416.0,343570.0
2024-07-12,9416.0,9420.0,9253.0,9271.0,339445.0
2024-07-15,9276.0,9315.0,9223.0,9244.0,221007.0
2024-07-16,9248.0,9276.0,9197.0,9221.0,206007.0
2024-07-17,9194.0,9278.0,9187.0,9229.0,154484.0
2024-07-18,9250.0,9296.0,9210.0,9287.0,160428.0
2024-07-19,9275.0,9276.0,9203.0,9225.0,129634.0
2024-07-22,9139.0,9139.0,9014.0,9031.0,287348.0
2024-07-23,9000.0,9071.0,8984.0,9032.0,208004.0
2024-07-24,9000.0,9015.0,8831.0,8947.0,520032.0
2024-07-25,8969.0,8969.0,8841.0,8852.0,290421.0
2024-07-26,8822.0,9012.0,8804.0,8944.0,344390.0
2024-07-29,8929.0,8965.0,8867.0,8931.0,275320.0
2024-07-30,8948.0,8984.0,8900.0,8940.0,315236.0
2024-07-31,8975.0,9189.0,8925.0,9183.0,541553.0
2024-08-01,9208.0,9359.0,9180.0,9322.0,442742.0
2024-08-02,9322.0,9325.0,9228.0,9299.0,296179.0
2024-08-05,9240.0,9287.0,9089.0,9107.0,387330.0
2024-08-06,9078.0,9229.0,9070.0,9132.0,327133.0
2024-08-07,9110.0,9195.0,9080.0,9101.0,287570.0
2024-08-08,9160.0,9182.0,9110.0,9130.0,254267.0
2024-08-09,9146.0,9260.0,9063.0,9228.0,373368.0
2024-08-12,9225.0,9289.0,9178.0,9285.0,226632.0
2024-08-13,9286.0,9383.0,9267.0,9361.0,211300.0
2024-08-14,9327.0,9354.0,9240.0,9254.0,213341.0
2024-08-15,9254.0,9300.0,9150.0,9204.0,237540.0
2024-08-16,9228.0,9375.0,9224.0,9277.0,201205.0
2024-08-19,9250.0,9314.0,9171.0,9175.0,205664.0
2024-08-20,9200.0,9243.0,9121.0,9213.0,184593.0
2024-08-21,9060.0,9069.0,8970.0,9051.0,252435.0
2024-08-22,9065.0,9174.0,8925.0,8940.0,425241.0
2024-08-23,8949.0,9075.0,8936.0,9054.0,338091.0
2024-08-26,9088.0,9217.0,9040.0,9197.0,337279.0
2024-08-27,9230.0,9250.0,9137.0,9185.0,257074.0
2024-08-28,9170.0,9182.0,9116.0,9152.0,213549.0
2024-08-29,9135.0,9237.0,9135.0,9199.0,273197.0
2024-08-30,9225.0,9334.0,9201.0,9315.0,333849.0
