指标名称,中国:社会融资规模:新增人民币贷款:当月值,中国:社会融资规模:新增未贴现银行承兑汇票:当月值,中国:社会融资规模存量:人民币贷款,中国:金融机构:新增人民币贷款:居民户:中长期:当月值,中国:金融机构:新增人民币贷款:居民户:短期:当月值,中国:金融机构:新增人民币贷款:非银行业金融机构:当月值,中国:金融机构:新增人民币贷款:当月值,中国:金融机构:各项贷款余额:人民币:同比,中国:金融机构:新增人民币贷款:居民户:当月值,中国:金融机构:新增人民币存款:居民户:当月值,中国:金融机构:新增人民币存款:当月值,中国:金融机构:新增人民币存款:非金融企业:当月值,中国:金融机构:各项存款余额:人民币:同比
1978-12-31,,,,,,,,11.2,,,,,6.9
1979-12-31,,,,,,,,10.2,,,,,18.0
1980-12-31,,,,,,,,19.0,,,,,24.0
1981-12-31,,,,,,,,15.1,,,,,24.1
1982-12-31,,,,,,,,10.8,,,,,16.8
1983-12-31,,,,,,,,12.8,,,,,17.7
1984-12-31,,,,,,,,33.1,,,,,29.5
1985-12-31,,,,,,,,30.6,,,,,22.1
1986-12-31,,,,,,,,31.4,,,,,30.1
1987-12-31,,,,,,,,20.5,,,,,24.6
1988-12-31,,,,,,,,21.9,,,,,19.2
1989-12-31,,,,,,,,19.1,,,,,21.6
1990-12-31,,,,,,,,22.9,,,,,30.2
1991-12-31,,,,,,,,20.6,,,,,28.9
1992-06-30,,,,,,,,23.2,,,,,30.5
1992-07-31,,,,,,,,24.0,,,,,31.2
1992-08-31,,,,,,,,24.1,,,,,31.7
1992-09-30,,,,,,,,21.5,,,,,28.1
1992-10-31,,,,,,,,21.2,,,,,27.6
1992-11-30,,,,,,,,21.1,,,,,25.9
1992-12-31,,,,,,,,21.9,,,,,28.8
1993-01-31,,,,,,,,21.5,,,,,28.3
1993-02-28,,,,,,,,22.5,,,,,27.2
1993-03-31,,,,,,,,20.4,,,,,25.1
1993-04-30,,,,,,,,20.1,,,,,23.2
1993-05-31,,,,,,,,19.4,,,,,21.7
1993-06-30,,,,,,,,18.2,,,,,20.2
1993-07-31,,,,,,,,17.2,,,,,17.5
1993-08-31,,,,,,,,16.8,,,,,15.8
1993-09-30,,,,,,,,18.6,,,,,18.0
1993-10-31,,,,,,,,19.5,,,,,19.6
1993-11-30,,,,,,,,21.9,,,,,22.9
1993-12-31,,,,,,,,28.0,,,,,28.1
1994-01-31,,,,,,,,23.2,,,,,19.7
1994-02-28,,,,,,,,22.1,,,,,21.0
1994-03-31,,,,,,,,23.8,,,,,24.3
1994-04-30,,,,,,,,23.8,,,,,25.0
1994-05-31,,,,,,,,24.9,,,,,28.0
1994-06-30,,,,,,,,25.7,,,,,31.3
1994-07-31,,,,,,,,26.8,,,,,34.8
1994-08-31,,,,,,,,27.1,,,,,37.1
1994-09-30,,,,,,,,26.2,,,,,37.3
1994-10-31,,,,,,,,25.4,,,,,35.9
1994-11-30,,,,,,,,22.0,,,,,33.5
1994-12-31,,,,,,,,21.3,,,,,36.6
1995-01-31,,,,,,,,24.7,,,,,40.5
1995-02-28,,,,,,,,21.6,,,,,37.3
1995-03-31,,,,,,,,23.7,,,,,34.8
1995-04-30,,,,,,,,20.2,,,,,35.6
1995-05-31,,,,,,,,19.2,,,,,34.2
1995-06-30,,,,,,,,17.8,,,,,33.0
1995-07-31,,,,,,,,17.5,,,,,31.2
1995-08-31,,,,,,,,17.5,,,,,29.9
1995-09-30,,,,,,,,21.8,,,,,30.8
1995-10-31,,,,,,,,22.0,,,,,30.5
1995-11-30,,,,,,,,23.1,,,,,30.2
1995-12-31,,,,,,,,26.4,,,,,33.0
1996-01-31,,,,,,,,36.1,,,,,48.7
1996-02-29,,,,,,,,40.4,,,,,49.7
1996-03-31,,,,,,,,38.1,,,,,51.4
1996-04-30,,,,,,,,42.1,,,,,51.9
1996-05-31,,,,,,,,42.3,,,,,50.7
1996-06-30,,,,,,,,44.1,,,,,50.6
1996-07-31,,,,,,,,44.2,,,,,51.2
1996-08-31,,,,,,,,44.2,,,,,51.6
1996-09-30,,,,,,,,39.1,,,,,50.1
1996-10-31,,,,,,,,38.7,,,,,50.0
1996-11-30,,,,,,,,37.6,,,,,48.9
1996-12-31,,,,,,,,21.0,,,,,27.3
1997-01-31,,,,,,,,27.5,,,,,25.7
1997-02-28,,,,,,,,27.3,,,,,26.6
1997-03-31,,,,,,,,27.1,,,,,25.7
1997-04-30,,,,,,,,25.9,,,,,23.5
1997-05-31,,,,,,,,25.7,,,,,22.1
1997-06-30,,,,,,,,25.3,,,,,22.1
1997-07-31,,,,,,,,24.5,,,,,20.6
1997-08-31,,,,,,,,24.0,,,,,19.6
1997-09-30,,,,,,,,23.9,,,,,20.2
1997-10-31,,,,,,,,23.1,,,,,19.1
1997-11-30,,,,,,,,22.9,,,,,18.8
1997-12-31,,,,,,,,22.5,,,,,20.1
1998-01-31,,,,,,,,16.1,,,,,18.3
1998-02-28,,,,,,,,15.4,,,,,17.9
1998-03-31,,,,,,,,15.1,,,,,16.5
1998-04-30,,,,,,,,15.2,,,,,15.2
1998-05-31,,,,,,,,15.2,,,,,16.7
1998-06-30,,,,,,,,15.6,,,,,15.2
1998-07-31,,,,,,,,15.8,,,,,16.4
1998-08-31,,,,,,,,16.4,,,,,15.7
1998-09-30,,,,,,,,17.1,,,,,17.3
1998-10-31,,,,,,,,16.9,,,,,17.5
1998-11-30,,,,,,,,17.1,,,,,18.2
1998-12-31,,,,,,,,15.5,,,,,16.1
1999-01-31,,,,,,,,15.6,,,,,18.7
1999-02-28,,,,,,,,16.0,,,,,17.0
1999-03-31,,,,,,,,15.7,,,,,18.1
1999-04-30,,,,,,,,15.5,,,,,18.7
1999-05-31,,,,,,,,15.1,,,,,17.8
1999-06-30,,,,,,,,15.0,,,,,18.3
1999-07-31,,,,,,,,14.6,,,,,16.2
1999-08-31,,,,,,,,13.9,,,,,16.3
1999-09-30,,,,,,,,13.0,,,,,14.8
1999-10-31,,,,,,,,12.5,,,,,13.8
1999-11-30,,,,,,,,12.3,,,,,13.7
1999-12-31,,,,,,,,12.5,,,,,13.7
2000-01-31,,,,,,,,12.8,,,,,12.3
2000-02-29,,,,,,,,12.7,,,,,13.1
2000-03-31,,,,,,,,13.4,,,,,13.0
2000-04-30,,,,,,,,13.8,,,,,13.1
2000-05-31,,,,,,,,13.9,,,,,13.0
2000-06-30,,,,,,,,13.8,,,,,14.3
2000-07-31,,,,,,,,14.1,,,,,13.9
2000-08-31,,,,,,,,14.0,,,,,13.8
2000-09-30,,,,,,,,14.1,,,,,13.8
2000-10-31,,,,,,,,14.5,,,,,13.3
2000-11-30,,,,,,,,14.7,,,,,13.6
2000-12-31,,,,,,,,13.4,,,,,13.8
2001-01-31,,,,,,,1285.0,14.3,,,1488.0,,16.0
2001-02-28,,,,,,,739.0,14.5,,,,,14.1
2001-03-31,,,,,,,1045.0,13.9,,,,,14.7
2001-04-30,,,,,,,1021.0,13.7,,,,,15.5
2001-05-31,,,,,,,1223.0,14.1,,,,,13.7
2001-06-30,,,,,,,1839.0,13.7,,,,,15.1
2001-07-31,,,,,,,541.0,13.2,,,,,14.1
2001-08-31,,,,,,,519.0,12.6,,,,,16.1
2001-09-30,,,,,,,1359.0,12.3,,,,,15.9
2001-10-31,,,,,,,16.0,11.4,,,,,16.8
2001-11-30,,,,,,,1101.0,10.9,,,,,15.1
2001-12-31,,,,,,,2312.0,11.6,,,,,16.0
2002-01-31,240.0,-755.0,,,,,240.0,10.9,,,139.0,,14.7
2002-02-28,530.0,-402.0,,,,,529.0,10.6,,,966.0,,15.0
2002-03-31,2554.0,315.0,,,,,2555.0,11.9,,,,,14.1
2002-04-30,937.0,51.0,,,,,935.9999999999999,11.6,,,,,14.9
2002-05-31,1110.0,426.0,,,,,1110.0,11.4,,,,,17.4
2002-06-30,2929.0,-589.0,,,,,2930.0,12.2,,,,,16.5
2002-07-31,620.0,36.0,,,,,620.0,12.2,,,,,18.7
2002-08-31,1736.0,-233.0,,,,,1736.0,13.3,,,,,17.8
2002-09-30,2885.0,296.0,,,,,2878.0,14.2,,,,,19.1
2002-10-31,722.0,-61.0,,,,,722.0,15.4,,,783.0,,18.8
2002-11-30,1539.0,107.0,,,,,1539.0000000000002,15.7,,,2142.0,,20.1
2002-12-31,2673.0,113.0,,,,,2206.0,15.8,,,2540.0,,18.9
2003-01-31,3266.0,-113.0,,,,,3267.0,18.88,,,,,20.91
2003-02-28,1091.0,-277.0,,,,,1250.0,19.35,,,,,22.33
2003-03-31,3725.0,-41.0,,,,,3564.9999999999995,19.9,,,,,23.8
2003-04-30,1945.0,280.0,,,,,1945.0,20.65,,,,,22.59
2003-05-31,2534.0,121.0,,,,,2534.0,21.66,,,,,23.29
2003-06-30,5250.0,13.0,,,,,5439.0,23.1,,,,,23.3
2003-07-31,1062.0,-34.0,,,,,871.9999999999999,23.38,,,,,23.14
2003-08-31,2808.0,-5.0,,,,,2808.0,23.9,,,,,22.3
2003-09-30,3035.0,432.0,,,,,3320.0,23.5,,,,,22.5
2003-10-31,616.0,378.0,,,,,616.0,23.28,,,,,22.6
2003-11-30,1025.0,355.0,,,,,1025.0,22.6,,,,,22.26
2003-12-31,1295.0,902.0,,,,,1343.0,21.1,,,,,21.7
2004-01-31,2540.0,-851.0,,,,,2629.0,20.12,,,,,21.25
2004-02-29,2085.0,-2174.0,,,,,1995.9999999999998,20.7,,,,,21.54
2004-03-31,3726.0,2316.0,,,,,3726.0,20.1,,,6379.0,,21.0
2004-04-30,1995.0,331.0,,,,,1995.0,19.9,,,,,20.44
2004-05-31,1132.0,-263.0,,,,,1132.0,18.6,,,2688.0,,19.1
2004-06-30,2821.0,-119.0,,,,,2822.0,16.3,,,,,18.2
2004-07-31,-19.0,329.0,,,,,-19.0,15.5,,,522.0,,17.7
2004-08-31,1157.0,-3.0,,,,,1157.0,14.1,,,2280.0,,17.6
2004-09-30,2502.0,134.0,,,,,2502.0,13.6,,,2198.0,,15.8
2004-10-31,256.0,105.0,,,,,256.0,13.3,,,1453.0,,15.9
2004-11-30,1495.0,-151.0,,,,,1495.0,13.5,,,3306.0,,16.3
2004-12-31,2983.0,58.0,,,,,2949.0,14.5,,,1241.0,,16.0
2005-01-31,2810.0,-190.0,,,,,2809.0,14.2,808.0,,2117.0,,16.7
2005-02-28,959.0,-251.0,,,,,959.0,13.4,184.0,5654.0,3384.0,,15.9
2005-03-31,3607.0,69.0,,,,,3607.0000000000005,13.0,637.0,,6499.0,,15.9
2005-04-30,1420.0,177.0,,,,,1420.0,12.5,439.0,,3309.0,,16.4
2005-05-31,1089.0,92.0,,,,,1078.0,12.4,249.0,,3953.0,,16.8
2005-06-30,4653.0,-323.0,,,,,4653.0,13.3,385.0,,6292.0,,17.2
2005-07-31,-314.0,172.0,,,,,-321.0,13.1,128.0,,1582.0,,17.6
2005-08-31,1897.0,50.0,,,,,1897.0,13.4,208.0,,4364.0,,18.3
2005-09-30,3453.0,2126.0,,,,,3453.0,13.8,239.0,1858.0,4782.0,,19.1
2005-10-31,264.0,-2141.0,,,,,264.0,13.8,39.0,,1583.0,,19.0
2005-11-30,2251.0,-208.0,,,,,2251.0,14.1,,,4039.0,,19.1
2005-12-31,1454.0,450.0,,,,,1385.0,12.98,,,1658.0,,18.95
2006-01-31,5674.0,-208.0,,,,,5658.0,13.8,,,,,17.0
2006-02-28,1491.0,-221.0,,,,,1491.0,14.1,,,,,19.7
2006-03-31,5402.0,1176.0,,,,,5402.0,14.7,829.0,1665.0,7861.0,,19.6
2006-04-30,3163.0,-752.0,,,,,3172.0000000000005,15.5,,,,,19.8
2006-05-31,2094.0,886.0,,,,,2094.0,16.0,,,,,19.6
2006-06-30,3655.0,-420.0,,,,,3947.0,15.24,823.0,1542.0,4108.0,,18.36
2006-07-31,1634.0,100.0,,,,,1718.0,16.3,,,,,18.2
2006-08-31,1900.0,253.0,,,,,1875.0,16.1,,,,,17.8
2006-09-30,2201.0,415.0,,,,,2201.0,15.23,684.0,1789.0,3872.0,,17.15
2006-10-31,169.0,128.0,,,,,170.0,15.2,,,,,17.0
2006-11-30,1935.0,-179.0,,,,,1935.0,14.8,,,,,17.2
2006-12-31,2204.0,322.0,,,,,2142.0,15.07,,,1073.0,,16.82
2007-01-31,5663.0,913.0,,,,,5676.0,16.0,1375.0,217.0,4645.0,,16.8
2007-02-28,4138.0,-1573.0,,480.0,388.0,,4138.0,17.2,868.0,9112.0,5271.0,,16.0
2007-03-31,4417.0,1143.0,,,,,4417.0,16.25,1078.0,1671.0,8804.0,,15.94
2007-04-30,4220.0,1006.0,,588.0,648.0,,4220.0,16.5,1236.0,-1674.0,4440.0,,15.7
2007-05-31,2473.0,346.0,,503.0,391.0,,2473.0,16.52,894.0,-2784.0,1581.0,,14.63
2007-06-30,4515.0,1025.0,,,,,4515.0,16.48,1289.0,1678.0,9041.0,,15.99
2007-07-31,2314.0,-351.0,,879.0,224.0,,2314.0,16.63,1102.0,-91.0,1585.0,,15.97
2007-08-31,3029.0,2113.0,,1003.0,280.0,,3029.0,17.02,1283.0,-418.0,6462.0,,16.52
2007-09-30,2835.0,588.0,,,,,2835.0,17.13,1474.0,-141.0,5565.0,,16.84
2007-10-31,1361.0,398.0,,655.0,27.0,,1361.0,17.66,682.0,-5062.0,-4498.0,,14.94
2007-11-30,874.0,-212.0,,705.0,-174.0,,874.0000000000001,17.03,531.0,2628.0,7023.0,,15.3
2007-12-31,485.0,1306.0,,,,,485.00000000000006,16.1,-13.0,6113.0,3864.0,,16.07
2008-01-31,8058.0,219.0,,864.0,491.0,,8036.0,16.74,1355.0,1684.0,2244.0,,15.12
2008-02-29,2434.0,-297.0,,93.0,8.0,,2434.0,15.73,101.0,9712.0,13351.0,,17.22
2008-03-31,2834.0,1582.0,,348.0,590.0,,2834.0,14.78,938.0,3582.0,10766.0,,17.35
2008-04-30,4690.0,279.0,,283.0,441.0,,4639.0,14.7,724.0,992.0,6509.0,,17.69
2008-05-31,3185.0,1110.0,,423.0,270.0,,3185.0000000000005,14.86,693.0,2369.0,8826.0,,19.64
2008-06-30,3324.0,1713.0,,516.0,276.0,,3324.0,14.12,791.0,3731.0,7715.0,,18.85
2008-07-31,3818.0,-723.0,,375.0,115.0,,3818.0,14.58,490.0,2465.0,4682.0,,19.6
2008-08-31,2715.0,648.0,,273.0,231.0,,2715.0,14.29,504.0,3404.0,6501.0,,19.28
2008-09-30,3745.0,206.0,,300.0,313.0,,3745.0,14.48,614.0,4561.0,4769.0,,18.79
2008-10-31,1819.0,-1469.0,,21.0,19.0,,1818.9999999999998,14.58,40.0,3155.0,3390.0,,21.1
2008-11-30,4775.0,-717.0,,,,,4769.0,16.03,208.0,3827.0,4038.0,,19.94
2008-12-31,7645.0,-1486.0,,,,,7718.000000000001,18.76,552.0,6818.0,3834.0,,19.73
2009-01-31,16177.0,-2232.0,,593.0,621.0,,16200.0,21.33,1214.0,15300.0,15100.0,759.0,22.98
2009-02-28,10715.0,-305.0,,137.0,303.0,,10700.0,24.17,439.0,4562.0,16500.0,9954.0,23.01
2009-03-31,18920.0,972.0,,1145.0,1423.0,,18900.0,29.78,2570.0,5738.0,24500.0,17287.0,25.73
2009-04-30,5918.0,-3247.0,,983.0,489.0,,5918.0,29.72,1472.0,1117.0,10300.0,6306.0,26.21
2009-05-31,6669.0,5035.0,,1008.0,868.0,,6645.0,30.6,1876.0,1886.0,13300.0,5711.0,26.67
2009-06-30,15304.0,613.0,,2089.0,948.0,,15300.000000000002,34.44,3036.0,3116.0,20000.0,12917.0,29.02
2009-07-31,3691.0,295.0,,1887.0,478.0,,3559.0,33.9,2365.0,-192.0,3993.0,-450.0,28.54
2009-08-31,4104.0,-103.0,,1806.0,707.0,,4104.0,34.11,2513.0,-800.0,3274.0,1343.0,27.43
2009-09-30,5167.0,1310.0,,2052.0,835.0,,5167.0,34.16,2915.0,7273.0,9992.0,2173.0,28.35
2009-10-31,2530.0,217.0,,1386.0,190.0,,2530.0,34.19,1576.0,-2507.0,2897.0,700.0,28.05
2009-11-30,2948.0,1178.0,,2012.0,365.0,,2948.0,33.79,2377.0,533.0,5824.0,3154.0,28.19
2009-12-31,3800.0,874.0,,1902.0,343.0,,3798.0,31.74,2247.0,6774.0,5020.0,5746.0,28.21
2010-01-31,13934.0,3449.0,,3433.0,1069.0,,13900.000000000002,29.31,4502.0,2415.0,15100.0,6108.0,27.26
2010-02-28,6999.0,1425.0,,1530.0,464.0,,7001.0,27.23,1994.0,15637.0,9589.0,-4092.0,24.97
2010-03-31,5107.0,4208.0,,1498.0,1208.0,,5107.0,21.81,2706.0,2148.0,15700.0,11384.0,22.11
2010-04-30,7740.0,2309.0,,2303.0,952.0,,7740.0,21.96,3255.0,-419.0,11800.0,8235.0,21.95
2010-05-31,6493.0,1213.0,,1919.0,714.0,,6394.0,21.5,2633.0,700.0,10800.0,4872.0,21.0
2010-06-30,6027.0,1105.0,,1417.0,922.0,,6034.0,18.2,2310.0,7119.0,13300.0,2893.0,19.0
2010-07-31,5327.0,900.0,,1260.0,460.0,,5328.0,18.4,1720.0,-425.0,1609.0,-1845.0,18.5
2010-08-31,5446.0,3381.0,,1114.0,896.0,,5452.0,18.6,2010.0,1940.0,10800.0,4965.0,19.6
2010-09-30,6004.0,1679.0,,1526.0,982.0,,5955.0,18.5,2470.0,10385.0,14491.0,3680.0,20.0
2010-10-31,5877.0,306.0,,1189.0,467.0,,5877.0,19.3,1656.0,-7003.0,1769.0,4168.0,19.8
2010-11-30,5689.0,1796.0,,1371.0,525.0,,5640.0,19.8,1896.0,1332.0,5924.0,5737.0,19.6
2010-12-31,4807.0,1576.0,,1040.0,409.0,,4807.0,19.9,1548.0,9871.0,9449.0,6995.0,20.2
2011-01-31,10263.0,3157.0,,1943.0,1363.0,,10400.0,18.5,3306.0,14200.0,-203.0,-12700.0,17.3
2011-02-28,5377.0,-1176.0,,1052.0,6.0,,5356.0,17.7,1058.0,2401.0,13100.0,4416.0,17.6
2011-03-31,6794.0,5631.0,,1729.0,1464.0,,6794.0,17.9,3193.0,10099.0,26800.0,12128.0,19.0
2011-04-30,7430.0,2332.0,,1421.0,1049.0,,7396.0,17.5,2470.0,-4678.0,3377.0,3519.0,17.3
2011-05-31,5516.0,1695.0,,1263.0,912.0,,5516.0,17.1,2175.0,713.0,11100.0,4697.0,17.1
2011-06-30,6339.0,1630.0,,1180.0,1171.0,,6339.000000000001,16.9,2398.0,10065.0,19100.0,4340.0,17.6
2011-07-31,4916.0,-1726.0,,1221.0,541.0,,4926.0,16.6,1762.0,-6656.0,-6687.0,-4057.0,16.3
2011-08-31,5484.0,1652.0,,1010.0,878.0,,5485.0,16.4,1888.0,265.0,6962.0,3710.0,15.5
2011-09-30,4693.0,-3361.0,,881.0,887.0,,4700.0,15.9,1750.0,9891.0,7303.0,-3053.0,14.2
2011-10-31,5868.0,-1186.0,,976.0,331.0,,5868.0,15.8,1307.0,-7272.0,-2010.0,860.0,13.6
2011-11-30,5629.0,-227.0,,1136.0,299.0,,5622.0,15.6,1435.0,2103.0,3247.0,3731.0,13.1
2011-12-31,6406.0,1851.0,,788.0,618.0,,6405.0,15.8,1458.0,16069.0,14300.0,8009.0,13.5
2012-01-31,7381.0,-214.0,,1160.0,367.0,,7381.000000000001,15.0,1527.0,16800.0,-8000.0,-23700.0,12.4
2012-02-29,7107.0,-284.0,,325.0,328.0,,7107.000000000001,15.2,653.0,1644.0,16000.0,8941.0,12.6
2012-03-31,10114.0,2821.0,,929.0,1886.0,,10114.0,15.7,2815.0,12956.0,29500.0,14052.0,12.5
2012-04-30,6818.0,279.0,,628.0,793.0,,6818.0,15.4,1421.0,-6379.0,-4656.0,-2968.0,11.4
2012-05-31,7932.0,380.0,,999.0,1138.0,,7931.999999999999,15.7,2137.0,2262.0,12200.0,5515.0,11.4
2012-06-30,9198.0,3113.0,,1193.0,1532.0,,9198.0,16.0,2747.0,14817.0,28600.0,9360.0,12.3
2012-07-31,5401.0,218.0,,1180.0,660.0,,5401.0,16.0,1840.0,-5340.0,-5006.0,-3969.0,12.6
2012-08-31,7039.0,-846.0,,1657.0,1168.0,,7039.000000000001,16.1,2825.0,1030.0,5044.0,1965.0,12.2
2012-09-30,6226.0,2155.0,,1591.0,1736.0,,6225.999999999999,16.3,3335.0,11110.0,16500.0,4804.0,13.3
2012-10-31,5054.0,729.0,,1151.0,305.0,,5054.0,15.9,1456.0,-6639.0,-2799.0,-1158.0,13.3
2012-11-30,5220.0,-489.0,,1515.0,893.0,,5220.0,15.7,2408.0,2516.0,4739.0,3256.0,13.4
2012-12-31,4546.0,2637.0,,972.0,1094.0,,4546.0,15.0,2036.0,12323.0,15800.0,11402.0,13.3
2013-01-31,10721.0,5798.0,,2683.0,2031.0,,10721.0,15.4,4714.0,7499.0,11100.0,1179.0,16.0
2013-02-28,6200.0,-1823.0,,1383.0,-170.0,,6199.999999999999,15.0,1213.0,17700.0,7737.0,-9391.0,14.6
2013-03-31,10625.0,2731.0,,1718.0,2106.0,,10625.0,14.9,3824.0,11801.0,42200.0,24312.0,15.6
2013-04-30,7923.0,2218.0,,2311.0,1406.0,,7923.0,14.9,3717.0,-9341.0,-1001.0,3107.0,16.2
2013-05-31,6694.0,-1141.0,,2292.0,1531.0,,6694.000000000001,14.5,3823.0,2768.0,14800.0,3853.0,16.2
2013-06-30,8628.0,-2615.0,,1913.0,1554.0,,8628.0,14.2,3409.0,10873.0,16000.0,140.0,14.3
2013-07-31,6997.0,-1777.0,,1951.0,1116.0,,6997.000000000001,14.3,3067.0,-3935.0,-2573.0,-5925.0,14.6
2013-08-31,7128.0,3049.0,,1908.0,1479.0,,7128.0,14.1,3387.0,862.0,8052.0,3441.0,14.9
2013-09-30,7870.0,-79.0,,1841.0,1647.0,,7870.0,14.3,3546.0,11673.0,16300.0,3084.0,14.6
2013-10-31,5060.0,-345.0,,1535.0,514.0,,5060.0,14.2,2049.0,-8967.0,-4027.0,-2068.0,14.5
2013-11-30,6246.0,60.0,,1818.0,797.0,,6246.0,14.2,2615.0,940.0,5472.0,3877.0,14.5
2013-12-31,4824.0,1679.0,,1147.0,589.0,,4824.0,14.1,1736.0,13027.0,11500.0,9391.0,13.8
2014-01-31,13190.0,4902.0,,3121.0,1798.0,,13190.000000000002,14.3,4919.0,18100.0,-9402.0,-24400.0,11.3
2014-02-28,6448.0,-1419.0,,1238.0,-746.0,,6447.999999999999,14.2,492.0,891.0,19900.0,9736.0,12.5
2014-03-31,10497.0,2252.0,,1928.0,1954.0,,10497.0,13.9,3882.0,13909.0,36700.0,17863.0,11.4
2014-04-30,7745.0,789.0,,1901.0,906.0,,7745.0,13.7,2807.0,-12300.0,-6546.0,1715.0,10.9
2014-05-31,8708.0,-94.0,,2021.0,1104.0,,8708.0,13.9,3125.0,1690.0,13700.0,5479.0,10.6
2014-06-30,10793.0,1445.0,,1991.0,1585.0,,10793.0,14.0,3575.0,18210.0,37900.0,14707.0,12.6
2014-07-31,3852.0,-4157.0,,1803.0,259.0,,3852.0,13.4,2062.0,-10800.0,-19800.0,-13500.0,10.9
2014-08-31,7025.0,-1116.0,,1890.0,839.0,,7025.0,13.3,2729.0,-2305.0,1080.0,341.0,10.1
2014-09-30,8572.0,-1410.0,,1707.0,1290.0,,8572.0,13.2,3009.0,9405.0,9243.0,-1041.0,9.3
2014-10-31,5483.0,-2411.0,,1195.0,390.0,,5483.0,13.2,1585.0,-5395.0,-1866.0,-4482.0,9.5
2014-11-30,8527.0,-668.0,,1830.0,656.0,,8527.0,13.4,2486.0,649.0,6711.0,4352.0,9.6
2014-12-31,6973.0,601.0,,1675.0,565.0,,6972.999999999999,13.6,2229.0,9346.0,7229.0,8930.0,9.1
2015-01-31,14708.0,1946.0,,3294.0,968.0,-144.0,14707.0,13.9,4261.0,4830.0,17000.0,3037.0,13.7
2015-02-28,11437.0,-592.0,,1864.0,255.0,-1147.0,10200.0,14.3,2119.0,25500.0,-806.0,-17200.0,10.9
2015-03-31,9920.0,-910.0,85.09,1670.0,841.0,1923.0,11800.0,14.0,2512.0,5970.0,25600.0,10154.0,10.1
2015-04-30,8045.0,-74.0,,1568.0,1356.0,-931.0,7079.0,14.1,2923.0,-10500.0,8711.0,3969.0,9.7
2015-05-31,8510.0,961.0,,2063.0,1047.0,318.0,9008.0,14.0,3110.0,-4413.0,32300.0,10300.0,10.9
2015-06-30,13240.0,-1028.0,88.07,2941.0,1704.0,-464.0,12806.0,13.4,4575.0,9413.0,28095.0,10540.0,10.7
2015-07-31,5890.0,-3317.0,,2789.0,-36.0,8864.0,14800.0,15.5,2752.0,-596.0,21700.0,-2136.0,13.4
2015-08-31,7756.0,-1577.0,,2855.0,675.0,-546.0,8096.0,15.4,3530.0,1865.0,532.0,6673.0,13.0
2015-09-30,10417.0,-1279.0,90.4756,3256.0,948.0,156.0,10500.0,15.4,4218.0,7631.0,-3192.0,2063.0,12.6
2015-10-31,5574.0,-3697.0,,1998.0,-327.0,-395.0,5136.0,15.4,1671.0,-5921.0,5785.0,276.0,12.7
2015-11-30,8873.0,-2545.0,,3278.0,567.0,-1671.0,7089.0,14.9,3844.0,938.0,14300.0,10400.0,13.1
2015-12-31,8323.0,1546.0,92.7526,2924.0,201.0,-2196.0,5978.0,14.3,3185.0,9283.0,-370.0,14724.0,12.4
2016-01-31,25370.0,1327.0,95.29,4783.0,1292.0,-406.0,25100.0,15.3,6075.0,8894.0,20400.0,7059.0,12.5
2016-02-29,8105.0,-3705.0,96.1,1820.0,-1885.0,-722.0,7266.000000000001,14.7,-65.0,20000.0,8467.0,-14800.0,13.3
2016-03-31,13176.0,173.0,97.42,4397.0,2063.0,468.0,13700.0,14.7,6390.0,5806.0,25200.0,23341.0,13.0
2016-04-30,5642.0,-2776.0,97.98,4280.0,-64.0,-128.0,5556.0,14.4,4217.0,-9296.0,8323.0,2175.0,12.9
2016-05-31,9374.0,-5067.0,98.92,5281.0,478.0,416.0,9855.0,14.4,5759.0,543.0,18300.0,5415.0,11.5
2016-06-30,13141.0,-2720.0,100.23,5639.0,1376.0,618.0,13799.999999999998,14.3,7124.0,9453.0,24600.0,12510.0,10.9
2016-07-31,4550.0,-5118.0,100.69,4773.0,-197.0,55.0,4636.0,12.9,4575.0,-2242.0,5071.0,-3062.0,9.5
2016-08-31,7969.0,-376.0,101.48,5286.0,1469.0,1463.0,9487.0,13.0,6755.0,4132.0,17800.0,13800.0,10.8
2016-09-30,12628.0,-2230.0,102.75,5741.0,715.0,-652.0,12200.0,13.0,6370.0,9510.0,-6.0,4162.0,11.1
2016-10-31,6010.0,-1801.0,103.35,4891.0,-561.0,332.0,6513.0,13.1,4331.0,-4680.0,12100.0,2083.0,11.5
2016-11-30,8463.0,1171.0,104.19,5692.0,1104.0,-938.0,7946.0,13.1,6796.0,3271.0,6875.0,8356.0,10.8
2016-12-31,9943.0,1589.0,105.19,4217.0,704.0,486.0,10400.0,13.5,4973.0,6209.0,1635.0,11461.0,11.0
2017-01-31,23132.85478,6129.934553,107.499343,6293.0,1229.0,-2799.0,20300.0,12.6,7521.0,31300.0,14800.0,-17300.0,10.4
2017-02-28,10317.318248,-1718.585542,108.531074,3804.0,-802.0,1327.0,11700.0,13.0,3002.0,1013.0,23100.0,6645.0,11.4
2017-03-31,11586.056281,2390.244367,109.68968,4503.0,3443.0,-1341.0,10200.0,12.4,7977.0,7287.0,12700.0,12922.0,10.3
2017-04-30,10805.688056,344.516231,110.770249,4441.0,1269.0,140.0,11000.0,12.9,5710.0,-12200.0,2631.0,452.0,9.8
2017-05-31,11780.358958,-1245.015233,111.948285,4326.0,1780.0,-626.0,11100.0,12.9,6106.0,1249.0,11100.0,1072.0,9.2
2017-06-30,14474.354311,-229.602558,113.39572,4833.0,2608.0,812.0,15400.000000000002,12.9,7384.0,10751.0,26400.0,10709.0,9.2
2017-07-31,9151.560003,-2037.173842,114.310876,4544.0,1071.0,-851.0,8255.0,13.2,5616.0,-7515.0,8160.0,-3697.0,9.4
2017-08-31,11466.15297,242.330709,115.457492,4470.0,2165.0,-513.0,10900.0,13.2,6635.0,2590.0,13600.0,6069.0,9.0
2017-09-30,11884.843722,783.660139,116.645976,4786.0,2537.0,888.0,12700.0,13.1,7349.0,10325.0,4332.0,3428.0,9.3
2017-10-31,6635.249415,12.107514,117.309501,3710.0,791.0,-4.0,6632.0,13.0,4501.0,-8052.0,10600.0,126.0,9.1
2017-11-30,11428.461319,15.03244,118.452347,4178.0,2028.0,-169.0,11200.0,13.3,6205.0,1455.0,15700.0,7181.0,9.6
2017-12-31,5769.490608,676.46332,119.029296,3112.0,181.0,-47.0,5844.0,12.7,3294.0,7797.0,-7929.0,13293.0,9.0
2018-01-31,26850.254631,1437.346253,121.701013,5910.0,3106.0,1862.0,28999.999999999996,13.2,9016.0,8676.0,38600.0,221.0,10.5
2018-02-28,10199.485838,105.734783,122.720962,3220.0,-469.0,-1795.0,8393.0,12.8,2751.0,28700.0,-3011.0,-24000.0,8.6
2018-03-31,11424.568351,-322.592982,123.863418,3770.0,2032.0,-208.0,11200.0,12.8,5733.0,5324.0,15100.0,11679.0,8.7
2018-04-30,10987.350539,1453.61029,124.962154,3543.0,1741.0,685.0,11800.0,12.7,5284.0,-13200.0,5352.0,5456.0,8.9
2018-05-31,11396.18357,-1740.634308,126.101772,3923.0,2220.0,142.0,11500.0,12.6,6143.0,2166.0,13000.0,139.0,8.9
2018-06-30,16787.341877,-3649.232167,127.780506,4634.0,2370.0,1648.0,18400.0,12.7,7073.0,10934.0,21000.0,9475.0,8.4
2018-07-31,12861.152048,-2743.787695,129.066621,4576.0,1768.0,1582.0,14499.999999999998,13.2,6344.0,-2932.0,10300.0,-6188.0,8.5
2018-08-31,13139.998715,-778.735152,130.380621,4415.0,2598.0,-439.0,12800.0,13.2,7012.0,3463.0,10900.0,6139.0,8.3
2018-09-30,14340.999238,-547.566034,131.814721,4309.0,3134.0,-603.0,13799.999999999998,13.2,7544.0,13269.0,8902.0,3104.0,8.5
2018-10-31,7141.282611,-453.294239,132.528849,3730.0,1907.0,-268.0,6970.0,13.1,5636.0,-3347.0,3535.0,-6004.0,8.1
2018-11-30,12302.328936,-126.920928,133.759082,4391.0,2169.0,277.0,12500.000000000002,13.1,6560.0,7406.0,9507.0,7335.0,7.6
2018-12-31,9281.464384,1023.144729,134.687229,3079.0,1524.0,1518.0,10800.0,13.5,4504.0,11541.0,916.0,14244.0,8.2
2019-01-31,35668.359532,3786.72836,138.255344,6969.0,2930.0,-3386.0,32300.0,13.4,9898.0,38600.0,32700.0,-3911.0,7.6
2019-02-28,7640.641862,-3103.48641,139.019408,2226.0,-2932.0,1221.0,8858.0,13.4,-706.0,13300.0,13100.0,-12000.0,8.6
2019-03-31,19584.395529,1365.392959,140.977848,4605.0,4294.0,-2714.0,16900.0,13.7,8908.0,8800.0,17200.0,19239.0,8.7
2019-04-30,8732.827504,-357.038829,141.85113,4165.0,1093.0,1417.0,10200.0,13.5,5258.0,-6248.0,2606.0,-1738.0,8.5
2019-05-31,11855.458761,-768.421012,143.036676,4677.0,1948.0,58.0,11800.0,13.4,6625.0,2417.0,12200.0,1181.0,8.4
2019-06-30,16736.899827,-1310.96511,144.710366,4858.0,2667.0,-161.0,16600.0,13.0,7617.0,11331.0,22700.0,15629.0,8.4
2019-07-31,8086.072901,-4562.430516,145.518974,4417.0,695.0,2328.0,10600.0,12.6,5112.0,-1032.0,6420.0,-13900.0,8.1
2019-08-31,13045.181985,156.907582,146.823492,4540.0,1998.0,-945.0,12100.0,12.4,6538.0,2714.0,18000.0,5792.0,8.4
2019-09-30,17612.440695,-430.955524,148.584736,4943.0,2707.0,-659.0,16900.0,12.5,7550.0,15418.0,7193.0,4908.0,8.3
2019-10-31,5469.638534,-1053.482856,149.1317,3587.0,623.0,1123.0,6613.000000000001,12.4,4210.0,-6012.0,2372.0,-6993.0,8.2
2019-11-30,13633.173244,569.587619,150.495017,4689.0,2142.0,274.0,13900.000000000002,12.4,6831.0,2466.0,13100.0,8656.0,8.4
2019-12-31,10769.815772,951.400791,151.571999,4824.0,1635.0,511.0,11400.0,12.3,6459.0,15246.0,5995.0,16037.0,8.7
2020-01-31,34924.0,1403.0,155.06,7491.0,-1149.0,-1567.0,33400.0,12.1,6341.0,42400.0,28800.0,-16100.0,8.3
2020-02-29,7202.0,-3961.0,155.78,371.0,-4504.0,1786.0,9057.0,12.1,-4133.0,-1200.0,10200.0,2840.0,8.1
2020-03-31,30390.0,2818.0,158.82,4738.0,5144.0,-1948.0,28500.000000000004,12.7,9865.0,23500.0,41600.0,31860.0,9.3
2020-04-30,16239.0,577.0,160.45,4389.0,2280.0,404.0,17000.0,13.1,6669.0,-7996.0,12700.0,11700.0,9.9
2020-05-31,15502.0,836.0,162.0,4662.0,2381.0,-660.0,14800.0,13.2,7043.0,4819.0,23100.0,8054.0,10.4
2020-06-30,19029.0,2190.0,163.9,6349.0,3400.0,-790.0,18100.0,13.2,9815.0,21777.0,29000.0,14446.0,10.6
2020-07-31,10221.0,-1130.0,164.92,6067.0,1510.0,-270.0,9927.0,13.0,7578.0,-7195.0,803.0,-15500.0,10.3
2020-08-31,14201.0,1441.0,166.34,5571.0,2844.0,-1474.0,12800.0,13.0,8415.0,3973.0,19400.0,7491.0,10.3
2020-09-30,19171.0,1503.0,168.26,6362.0,3394.0,-201.0,19000.0,13.0,9607.0,19422.0,15800.0,10109.0,10.7
2020-10-31,6663.0,-1089.0,168.92,4059.0,272.0,382.0,6898.000000000001,12.9,4331.0,-9569.0,-3971.0,-8642.0,10.3
2020-11-30,15309.0,-625.0,170.45,5049.0,2486.0,-1042.0,14300.0,12.8,7534.0,6334.0,21000.0,8483.0,10.7
2020-12-31,11458.0,-2216.0,171.6,4392.0,1142.0,674.0,12600.0,12.8,5635.0,16735.0,-2093.0,10959.0,10.2
2021-01-31,38182.0,4902.0,175.41,9448.0,3278.0,-1992.0,35800.0,12.7,12700.0,14800.0,35700.0,9484.0,10.4
2021-02-28,13413.0,639.0,176.76,4113.0,-2691.0,180.0,13600.0,12.9,1421.0,32600.0,11500.0,-24200.0,10.4
2021-03-31,27511.0,-2296.0,179.51,6239.0,5242.0,-270.0,27300.0,12.6,11479.0,19400.0,36300.0,17290.0,9.9
2021-04-30,12840.0,-2152.0,180.79,4918.0,365.0,1532.0,14700.0,12.3,5283.0,-15700.0,-7252.0,-3556.0,8.9
2021-05-31,14294.0,-926.0,182.22,4426.0,1806.0,624.0,15000.0,12.2,6232.0,1072.0,25600.0,-1240.0,8.9
2021-06-30,23182.0,-221.0,184.54,5156.0,3500.0,-1906.0,21200.0,12.3,8685.0,22328.0,38600.0,24722.0,9.2
2021-07-31,8391.0,-2316.0,185.38,3974.0,85.0,1774.0,10800.0,12.3,4059.0,-13600.0,-11300.0,-13100.0,8.6
2021-08-31,12713.0,127.0,186.65,4259.0,1496.0,-681.0,12200.0,12.1,5755.0,3338.0,13700.0,5608.0,8.3
2021-09-30,17755.0,14.0,188.42,4667.0,3219.0,-880.0,16600.0,11.9,7886.0,20662.0,23300.0,5192.0,8.6
2021-10-31,7752.0,-886.0,189.2,4221.0,426.0,583.0,8262.0,11.9,4647.0,-12100.0,7649.0,-5721.0,9.1
2021-11-30,13021.0,-383.0,190.5,5821.0,1517.0,-364.0,12700.0,11.7,7337.0,7308.0,11400.0,9451.0,8.6
2021-12-31,10350.0,-1419.0,191.54,3558.0,157.0,553.0,11300.0,11.6,3716.0,18892.0,11600.0,13670.0,9.3
2022-01-31,41988.0,4733.0,195.71,7424.0,1006.0,-1417.0,39800.0,11.5,8430.0,54100.0,38300.0,-14000.0,9.2
2022-02-28,9084.0,-4228.0,196.62,-459.0,-2911.0,1790.0,12300.0,11.4,-3369.0,-2923.0,25400.0,1389.0,9.8
2022-03-31,32291.0,287.0,199.85,3735.0,3848.0,-454.0,31300.000000000004,11.4,7539.0,27023.0,44900.0,26511.0,10.0
2022-04-30,3616.0,-2557.0,200.21,-313.72,-1855.87,1379.0,6454.0,10.9,-2170.0,-7032.0,909.0,-1210.0,10.4
2022-05-31,18230.0,-1068.0,202.03,1047.0,1840.0,461.0,18900.0,11.0,2888.0,7393.0,30400.0,11000.0,10.5
2022-06-30,30540.0,1066.0,205.09,4166.72,4281.87,-1656.0,28100.0,11.2,8482.0,24739.0,48300.0,29310.0,10.8
2022-07-31,4088.0,-2744.0,205.5,1486.0,-269.0,1476.0,6790.0,11.0,1217.0,-3380.0,447.0,-10400.0,11.4
2022-08-31,13344.0,3486.0,206.83,2658.0,1922.0,-425.0,12500.000000000002,10.9,4580.0,8286.0,12800.0,9551.0,11.3
2022-09-30,25686.0,132.0,209.4,3456.0,3038.0,-930.0,24700.0,11.2,6503.0,23894.0,26300.0,7649.0,11.3
2022-10-31,4431.0,-2156.0,209.84,332.0,-512.0,1140.0,6152.0,11.1,-180.0,-5103.0,-1844.0,-11700.0,10.8
2022-11-30,11448.0,191.0,210.99,2103.0,525.0,-99.0,12100.0,11.0,2627.0,22500.0,29500.0,1976.0,11.6
2022-12-31,14401.0,-554.0,212.43,1865.0,-113.0,-11.0,14000.0,11.1,1753.0,28903.0,7242.0,824.0,11.3
2023-01-31,49314.0,2963.0,218.19,2231.0,341.0,-585.0,49000.0,11.3,2572.0,62000.0,68700.0,-7155.0,12.4
2023-02-28,18184.0,-69.0,220.01,863.0,1218.0,173.0,18100.0,11.6,2081.0,7926.0,28100.0,12900.0,12.4
2023-03-31,39487.0,1792.0,223.96,6348.0,6094.0,-379.0,38900.0,11.8,12447.0,29074.0,57100.0,26055.0,12.7
2023-04-30,4431.0,-1345.0,224.4,-1156.0,-1255.0,2134.0,7188.000000000001,11.8,-2411.0,-12000.0,-4609.0,-1408.0,12.4
2023-05-31,12219.0,-1795.0,225.62,1684.0,1988.0,604.0,13600.0,11.4,3672.0,5364.0,14600.0,-1393.0,11.6
2023-06-30,32413.0,-691.0,228.86,4630.0,4914.0,-1962.0,30500.0,11.3,9639.0,26736.0,37100.0,20601.0,11.0
2023-07-31,364.0,-1963.0,228.9,-672.0,-1335.0,2170.0,3459.0,11.1,-2007.0,-8093.0,-11200.0,-15300.0,10.5
2023-08-31,13412.0,1129.0,230.24,1602.0,2320.0,-358.0,13600.0,11.1,3922.0,7877.0,12600.0,8890.0,10.5
2023-09-30,25369.0,2397.0,232.78,5470.0,3215.0,-1844.0,23100.0,10.9,8585.0,25316.0,22400.0,2010.0,10.2
2023-10-31,4837.0,-2536.0,233.26,707.0,-1053.0,2088.0,7384.0,10.9,-346.0,-6369.0,6446.0,-8652.0,10.5
2023-11-30,11120.0,202.0,234.37,2331.0,594.0,-207.0,10900.0,10.8,2925.0,9089.0,25300.0,2487.0,10.2
2023-12-31,11092.0,-1865.0,235.48,1462.0,759.0,94.0,11700.0,10.6,2221.0,19780.0,868.0,3165.0,10.0
2024-01-31,48401.0,5636.0,240.32,6272.0,3528.0,249.0,49200.0,10.4,9801.0,25300.0,54800.0,11400.0,9.2
2024-02-29,9773.0,-3686.0,241.29,-1038.0,-4868.0,4045.0,14499.999999999998,10.1,-5907.0,32000.0,9600.0,-29900.0,8.4
2024-03-31,32920.0,3552.0,244.59,4516.0,4908.0,-1958.0,30900.0,9.6,9406.0,28300.0,48000.0,20725.0,7.9
2024-04-30,3349.0,-4490.0,244.92,-1666.0,-3518.0,2607.0,7300.000000000001,9.6,-5166.0,-18500.0,-39200.0,-18725.0,6.6
2024-05-31,8197.0,-1331.0,245.74,514.0,243.0,363.0,9500.0,9.3,757.0,4200.0,16800.0,-8000.0,6.7
2024-06-30,21927.0,-2045.0,247.93,3202.0,2471.0,-1417.0,21300.0,8.8,5709.0,21400.0,24600.0,10000.0,6.1
2024-07-31,-808.0,-1075.0,247.85,100.0,-2156.0,2057.0,2600.0,8.7,-2100.0,-3300.0,-8000.0,-17800.0,6.3
2024-08-31,10411.0,651.0,248.89,1200.0,716.0,-1355.0,9000.0,8.5,1900.0,7100.0,22200.0,3500.0,6.6

数据来源：Wind









































































































































































































































































































































































































































































































































































































































































































































































































































































































































































































































































































































































































































































































































































































































































































































































































































































































































































































































































































































































































































































































































































































































































































































































































































































































































































































































































































































































































































































































































































































































































































































































































































































































































































































































































































































































































































































































































































































































































































































































































































































































































































































































































































































































































































































































































































































































































































































































































































































































































































































































































































































































































































































































































































































































