,LH.DCE_open,LH.DCE_high,LH.DCE_low,LH.DCE_close,LH.DCE_volume
2012-01-04,,,,,
2012-01-05,,,,,
2012-01-06,,,,,
2012-01-09,,,,,
2012-01-10,,,,,
2012-01-11,,,,,
2012-01-12,,,,,
2012-01-13,,,,,
2012-01-16,,,,,
2012-01-17,,,,,
2012-01-18,,,,,
2012-01-19,,,,,
2012-01-20,,,,,
2012-01-30,,,,,
2012-01-31,,,,,
2012-02-01,,,,,
2012-02-02,,,,,
2012-02-03,,,,,
2012-02-06,,,,,
2012-02-07,,,,,
2012-02-08,,,,,
2012-02-09,,,,,
2012-02-10,,,,,
2012-02-13,,,,,
2012-02-14,,,,,
2012-02-15,,,,,
2012-02-16,,,,,
2012-02-17,,,,,
2012-02-20,,,,,
2012-02-21,,,,,
2012-02-22,,,,,
2012-02-23,,,,,
2012-02-24,,,,,
2012-02-27,,,,,
2012-02-28,,,,,
2012-02-29,,,,,
2012-03-01,,,,,
2012-03-02,,,,,
2012-03-05,,,,,
2012-03-06,,,,,
2012-03-07,,,,,
2012-03-08,,,,,
2012-03-09,,,,,
2012-03-12,,,,,
2012-03-13,,,,,
2012-03-14,,,,,
2012-03-15,,,,,
2012-03-16,,,,,
2012-03-19,,,,,
2012-03-20,,,,,
2012-03-21,,,,,
2012-03-22,,,,,
2012-03-23,,,,,
2012-03-26,,,,,
2012-03-27,,,,,
2012-03-28,,,,,
2012-03-29,,,,,
2012-03-30,,,,,
2012-04-05,,,,,
2012-04-06,,,,,
2012-04-09,,,,,
2012-04-10,,,,,
2012-04-11,,,,,
2012-04-12,,,,,
2012-04-13,,,,,
2012-04-16,,,,,
2012-04-17,,,,,
2012-04-18,,,,,
2012-04-19,,,,,
2012-04-20,,,,,
2012-04-23,,,,,
2012-04-24,,,,,
2012-04-25,,,,,
2012-04-26,,,,,
2012-04-27,,,,,
2012-05-02,,,,,
2012-05-03,,,,,
2012-05-04,,,,,
2012-05-07,,,,,
2012-05-08,,,,,
2012-05-09,,,,,
2012-05-10,,,,,
2012-05-11,,,,,
2012-05-14,,,,,
2012-05-15,,,,,
2012-05-16,,,,,
2012-05-17,,,,,
2012-05-18,,,,,
2012-05-21,,,,,
2012-05-22,,,,,
2012-05-23,,,,,
2012-05-24,,,,,
2012-05-25,,,,,
2012-05-28,,,,,
2012-05-29,,,,,
2012-05-30,,,,,
2012-05-31,,,,,
2012-06-01,,,,,
2012-06-04,,,,,
2012-06-05,,,,,
2012-06-06,,,,,
2012-06-07,,,,,
2012-06-08,,,,,
2012-06-11,,,,,
2012-06-12,,,,,
2012-06-13,,,,,
2012-06-14,,,,,
2012-06-15,,,,,
2012-06-18,,,,,
2012-06-19,,,,,
2012-06-20,,,,,
2012-06-21,,,,,
2012-06-25,,,,,
2012-06-26,,,,,
2012-06-27,,,,,
2012-06-28,,,,,
2012-06-29,,,,,
2012-07-02,,,,,
2012-07-03,,,,,
2012-07-04,,,,,
2012-07-05,,,,,
2012-07-06,,,,,
2012-07-09,,,,,
2012-07-10,,,,,
2012-07-11,,,,,
2012-07-12,,,,,
2012-07-13,,,,,
2012-07-16,,,,,
2012-07-17,,,,,
2012-07-18,,,,,
2012-07-19,,,,,
2012-07-20,,,,,
2012-07-23,,,,,
2012-07-24,,,,,
2012-07-25,,,,,
2012-07-26,,,,,
2012-07-27,,,,,
2012-07-30,,,,,
2012-07-31,,,,,
2012-08-01,,,,,
2012-08-02,,,,,
2012-08-03,,,,,
2012-08-06,,,,,
2012-08-07,,,,,
2012-08-08,,,,,
2012-08-09,,,,,
2012-08-10,,,,,
2012-08-13,,,,,
2012-08-14,,,,,
2012-08-15,,,,,
2012-08-16,,,,,
2012-08-17,,,,,
2012-08-20,,,,,
2012-08-21,,,,,
2012-08-22,,,,,
2012-08-23,,,,,
2012-08-24,,,,,
2012-08-27,,,,,
2012-08-28,,,,,
2012-08-29,,,,,
2012-08-30,,,,,
2012-08-31,,,,,
2012-09-03,,,,,
2012-09-04,,,,,
2012-09-05,,,,,
2012-09-06,,,,,
2012-09-07,,,,,
2012-09-10,,,,,
2012-09-11,,,,,
2012-09-12,,,,,
2012-09-13,,,,,
2012-09-14,,,,,
2012-09-17,,,,,
2012-09-18,,,,,
2012-09-19,,,,,
2012-09-20,,,,,
2012-09-21,,,,,
2012-09-24,,,,,
2012-09-25,,,,,
2012-09-26,,,,,
2012-09-27,,,,,
2012-09-28,,,,,
2012-10-08,,,,,
2012-10-09,,,,,
2012-10-10,,,,,
2012-10-11,,,,,
2012-10-12,,,,,
2012-10-15,,,,,
2012-10-16,,,,,
2012-10-17,,,,,
2012-10-18,,,,,
2012-10-19,,,,,
2012-10-22,,,,,
2012-10-23,,,,,
2012-10-24,,,,,
2012-10-25,,,,,
2012-10-26,,,,,
2012-10-29,,,,,
2012-10-30,,,,,
2012-10-31,,,,,
2012-11-01,,,,,
2012-11-02,,,,,
2012-11-05,,,,,
2012-11-06,,,,,
2012-11-07,,,,,
2012-11-08,,,,,
2012-11-09,,,,,
2012-11-12,,,,,
2012-11-13,,,,,
2012-11-14,,,,,
2012-11-15,,,,,
2012-11-16,,,,,
2012-11-19,,,,,
2012-11-20,,,,,
2012-11-21,,,,,
2012-11-22,,,,,
2012-11-23,,,,,
2012-11-26,,,,,
2012-11-27,,,,,
2012-11-28,,,,,
2012-11-29,,,,,
2012-11-30,,,,,
2012-12-03,,,,,
2012-12-04,,,,,
2012-12-05,,,,,
2012-12-06,,,,,
2012-12-07,,,,,
2012-12-10,,,,,
2012-12-11,,,,,
2012-12-12,,,,,
2012-12-13,,,,,
2012-12-14,,,,,
2012-12-17,,,,,
2012-12-18,,,,,
2012-12-19,,,,,
2012-12-20,,,,,
2012-12-21,,,,,
2012-12-24,,,,,
2012-12-25,,,,,
2012-12-26,,,,,
2012-12-27,,,,,
2012-12-28,,,,,
2012-12-31,,,,,
2013-01-04,,,,,
2013-01-07,,,,,
2013-01-08,,,,,
2013-01-09,,,,,
2013-01-10,,,,,
2013-01-11,,,,,
2013-01-14,,,,,
2013-01-15,,,,,
2013-01-16,,,,,
2013-01-17,,,,,
2013-01-18,,,,,
2013-01-21,,,,,
2013-01-22,,,,,
2013-01-23,,,,,
2013-01-24,,,,,
2013-01-25,,,,,
2013-01-28,,,,,
2013-01-29,,,,,
2013-01-30,,,,,
2013-01-31,,,,,
2013-02-01,,,,,
2013-02-04,,,,,
2013-02-05,,,,,
2013-02-06,,,,,
2013-02-07,,,,,
2013-02-08,,,,,
2013-02-18,,,,,
2013-02-19,,,,,
2013-02-20,,,,,
2013-02-21,,,,,
2013-02-22,,,,,
2013-02-25,,,,,
2013-02-26,,,,,
2013-02-27,,,,,
2013-02-28,,,,,
2013-03-01,,,,,
2013-03-04,,,,,
2013-03-05,,,,,
2013-03-06,,,,,
2013-03-07,,,,,
2013-03-08,,,,,
2013-03-11,,,,,
2013-03-12,,,,,
2013-03-13,,,,,
2013-03-14,,,,,
2013-03-15,,,,,
2013-03-18,,,,,
2013-03-19,,,,,
2013-03-20,,,,,
2013-03-21,,,,,
2013-03-22,,,,,
2013-03-25,,,,,
2013-03-26,,,,,
2013-03-27,,,,,
2013-03-28,,,,,
2013-03-29,,,,,
2013-04-01,,,,,
2013-04-02,,,,,
2013-04-03,,,,,
2013-04-08,,,,,
2013-04-09,,,,,
2013-04-10,,,,,
2013-04-11,,,,,
2013-04-12,,,,,
2013-04-15,,,,,
2013-04-16,,,,,
2013-04-17,,,,,
2013-04-18,,,,,
2013-04-19,,,,,
2013-04-22,,,,,
2013-04-23,,,,,
2013-04-24,,,,,
2013-04-25,,,,,
2013-04-26,,,,,
2013-05-02,,,,,
2013-05-03,,,,,
2013-05-06,,,,,
2013-05-07,,,,,
2013-05-08,,,,,
2013-05-09,,,,,
2013-05-10,,,,,
2013-05-13,,,,,
2013-05-14,,,,,
2013-05-15,,,,,
2013-05-16,,,,,
2013-05-17,,,,,
2013-05-20,,,,,
2013-05-21,,,,,
2013-05-22,,,,,
2013-05-23,,,,,
2013-05-24,,,,,
2013-05-27,,,,,
2013-05-28,,,,,
2013-05-29,,,,,
2013-05-30,,,,,
2013-05-31,,,,,
2013-06-03,,,,,
2013-06-04,,,,,
2013-06-05,,,,,
2013-06-06,,,,,
2013-06-07,,,,,
2013-06-13,,,,,
2013-06-14,,,,,
2013-06-17,,,,,
2013-06-18,,,,,
2013-06-19,,,,,
2013-06-20,,,,,
2013-06-21,,,,,
2013-06-24,,,,,
2013-06-25,,,,,
2013-06-26,,,,,
2013-06-27,,,,,
2013-06-28,,,,,
2013-07-01,,,,,
2013-07-02,,,,,
2013-07-03,,,,,
2013-07-04,,,,,
2013-07-05,,,,,
2013-07-08,,,,,
2013-07-09,,,,,
2013-07-10,,,,,
2013-07-11,,,,,
2013-07-12,,,,,
2013-07-15,,,,,
2013-07-16,,,,,
2013-07-17,,,,,
2013-07-18,,,,,
2013-07-19,,,,,
2013-07-22,,,,,
2013-07-23,,,,,
2013-07-24,,,,,
2013-07-25,,,,,
2013-07-26,,,,,
2013-07-29,,,,,
2013-07-30,,,,,
2013-07-31,,,,,
2013-08-01,,,,,
2013-08-02,,,,,
2013-08-05,,,,,
2013-08-06,,,,,
2013-08-07,,,,,
2013-08-08,,,,,
2013-08-09,,,,,
2013-08-12,,,,,
2013-08-13,,,,,
2013-08-14,,,,,
2013-08-15,,,,,
2013-08-16,,,,,
2013-08-19,,,,,
2013-08-20,,,,,
2013-08-21,,,,,
2013-08-22,,,,,
2013-08-23,,,,,
2013-08-26,,,,,
2013-08-27,,,,,
2013-08-28,,,,,
2013-08-29,,,,,
2013-08-30,,,,,
2013-09-02,,,,,
2013-09-03,,,,,
2013-09-04,,,,,
2013-09-05,,,,,
2013-09-06,,,,,
2013-09-09,,,,,
2013-09-10,,,,,
2013-09-11,,,,,
2013-09-12,,,,,
2013-09-13,,,,,
2013-09-16,,,,,
2013-09-17,,,,,
2013-09-18,,,,,
2013-09-23,,,,,
2013-09-24,,,,,
2013-09-25,,,,,
2013-09-26,,,,,
2013-09-27,,,,,
2013-09-30,,,,,
2013-10-08,,,,,
2013-10-09,,,,,
2013-10-10,,,,,
2013-10-11,,,,,
2013-10-14,,,,,
2013-10-15,,,,,
2013-10-16,,,,,
2013-10-17,,,,,
2013-10-18,,,,,
2013-10-21,,,,,
2013-10-22,,,,,
2013-10-23,,,,,
2013-10-24,,,,,
2013-10-25,,,,,
2013-10-28,,,,,
2013-10-29,,,,,
2013-10-30,,,,,
2013-10-31,,,,,
2013-11-01,,,,,
2013-11-04,,,,,
2013-11-05,,,,,
2013-11-06,,,,,
2013-11-07,,,,,
2013-11-08,,,,,
2013-11-11,,,,,
2013-11-12,,,,,
2013-11-13,,,,,
2013-11-14,,,,,
2013-11-15,,,,,
2013-11-18,,,,,
2013-11-19,,,,,
2013-11-20,,,,,
2013-11-21,,,,,
2013-11-22,,,,,
2013-11-25,,,,,
2013-11-26,,,,,
2013-11-27,,,,,
2013-11-28,,,,,
2013-11-29,,,,,
2013-12-02,,,,,
2013-12-03,,,,,
2013-12-04,,,,,
2013-12-05,,,,,
2013-12-06,,,,,
2013-12-09,,,,,
2013-12-10,,,,,
2013-12-11,,,,,
2013-12-12,,,,,
2013-12-13,,,,,
2013-12-16,,,,,
2013-12-17,,,,,
2013-12-18,,,,,
2013-12-19,,,,,
2013-12-20,,,,,
2013-12-23,,,,,
2013-12-24,,,,,
2013-12-25,,,,,
2013-12-26,,,,,
2013-12-27,,,,,
2013-12-30,,,,,
2013-12-31,,,,,
2014-01-02,,,,,
2014-01-03,,,,,
2014-01-06,,,,,
2014-01-07,,,,,
2014-01-08,,,,,
2014-01-09,,,,,
2014-01-10,,,,,
2014-01-13,,,,,
2014-01-14,,,,,
2014-01-15,,,,,
2014-01-16,,,,,
2014-01-17,,,,,
2014-01-20,,,,,
2014-01-21,,,,,
2014-01-22,,,,,
2014-01-23,,,,,
2014-01-24,,,,,
2014-01-27,,,,,
2014-01-28,,,,,
2014-01-29,,,,,
2014-01-30,,,,,
2014-02-07,,,,,
2014-02-10,,,,,
2014-02-11,,,,,
2014-02-12,,,,,
2014-02-13,,,,,
2014-02-14,,,,,
2014-02-17,,,,,
2014-02-18,,,,,
2014-02-19,,,,,
2014-02-20,,,,,
2014-02-21,,,,,
2014-02-24,,,,,
2014-02-25,,,,,
2014-02-26,,,,,
2014-02-27,,,,,
2014-02-28,,,,,
2014-03-03,,,,,
2014-03-04,,,,,
2014-03-05,,,,,
2014-03-06,,,,,
2014-03-07,,,,,
2014-03-10,,,,,
2014-03-11,,,,,
2014-03-12,,,,,
2014-03-13,,,,,
2014-03-14,,,,,
2014-03-17,,,,,
2014-03-18,,,,,
2014-03-19,,,,,
2014-03-20,,,,,
2014-03-21,,,,,
2014-03-24,,,,,
2014-03-25,,,,,
2014-03-26,,,,,
2014-03-27,,,,,
2014-03-28,,,,,
2014-03-31,,,,,
2014-04-01,,,,,
2014-04-02,,,,,
2014-04-03,,,,,
2014-04-04,,,,,
2014-04-08,,,,,
2014-04-09,,,,,
2014-04-10,,,,,
2014-04-11,,,,,
2014-04-14,,,,,
2014-04-15,,,,,
2014-04-16,,,,,
2014-04-17,,,,,
2014-04-18,,,,,
2014-04-21,,,,,
2014-04-22,,,,,
2014-04-23,,,,,
2014-04-24,,,,,
2014-04-25,,,,,
2014-04-28,,,,,
2014-04-29,,,,,
2014-04-30,,,,,
2014-05-05,,,,,
2014-05-06,,,,,
2014-05-07,,,,,
2014-05-08,,,,,
2014-05-09,,,,,
2014-05-12,,,,,
2014-05-13,,,,,
2014-05-14,,,,,
2014-05-15,,,,,
2014-05-16,,,,,
2014-05-19,,,,,
2014-05-20,,,,,
2014-05-21,,,,,
2014-05-22,,,,,
2014-05-23,,,,,
2014-05-26,,,,,
2014-05-27,,,,,
2014-05-28,,,,,
2014-05-29,,,,,
2014-05-30,,,,,
2014-06-03,,,,,
2014-06-04,,,,,
2014-06-05,,,,,
2014-06-06,,,,,
2014-06-09,,,,,
2014-06-10,,,,,
2014-06-11,,,,,
2014-06-12,,,,,
2014-06-13,,,,,
2014-06-16,,,,,
2014-06-17,,,,,
2014-06-18,,,,,
2014-06-19,,,,,
2014-06-20,,,,,
2014-06-23,,,,,
2014-06-24,,,,,
2014-06-25,,,,,
2014-06-26,,,,,
2014-06-27,,,,,
2014-06-30,,,,,
2014-07-01,,,,,
2014-07-02,,,,,
2014-07-03,,,,,
2014-07-04,,,,,
2014-07-07,,,,,
2014-07-08,,,,,
2014-07-09,,,,,
2014-07-10,,,,,
2014-07-11,,,,,
2014-07-14,,,,,
2014-07-15,,,,,
2014-07-16,,,,,
2014-07-17,,,,,
2014-07-18,,,,,
2014-07-21,,,,,
2014-07-22,,,,,
2014-07-23,,,,,
2014-07-24,,,,,
2014-07-25,,,,,
2014-07-28,,,,,
2014-07-29,,,,,
2014-07-30,,,,,
2014-07-31,,,,,
2014-08-01,,,,,
2014-08-04,,,,,
2014-08-05,,,,,
2014-08-06,,,,,
2014-08-07,,,,,
2014-08-08,,,,,
2014-08-11,,,,,
2014-08-12,,,,,
2014-08-13,,,,,
2014-08-14,,,,,
2014-08-15,,,,,
2014-08-18,,,,,
2014-08-19,,,,,
2014-08-20,,,,,
2014-08-21,,,,,
2014-08-22,,,,,
2014-08-25,,,,,
2014-08-26,,,,,
2014-08-27,,,,,
2014-08-28,,,,,
2014-08-29,,,,,
2014-09-01,,,,,
2014-09-02,,,,,
2014-09-03,,,,,
2014-09-04,,,,,
2014-09-05,,,,,
2014-09-09,,,,,
2014-09-10,,,,,
2014-09-11,,,,,
2014-09-12,,,,,
2014-09-15,,,,,
2014-09-16,,,,,
2014-09-17,,,,,
2014-09-18,,,,,
2014-09-19,,,,,
2014-09-22,,,,,
2014-09-23,,,,,
2014-09-24,,,,,
2014-09-25,,,,,
2014-09-26,,,,,
2014-09-29,,,,,
2014-09-30,,,,,
2014-10-08,,,,,
2014-10-09,,,,,
2014-10-10,,,,,
2014-10-13,,,,,
2014-10-14,,,,,
2014-10-15,,,,,
2014-10-16,,,,,
2014-10-17,,,,,
2014-10-20,,,,,
2014-10-21,,,,,
2014-10-22,,,,,
2014-10-23,,,,,
2014-10-24,,,,,
2014-10-27,,,,,
2014-10-28,,,,,
2014-10-29,,,,,
2014-10-30,,,,,
2014-10-31,,,,,
2014-11-03,,,,,
2014-11-04,,,,,
2014-11-05,,,,,
2014-11-06,,,,,
2014-11-07,,,,,
2014-11-10,,,,,
2014-11-11,,,,,
2014-11-12,,,,,
2014-11-13,,,,,
2014-11-14,,,,,
2014-11-17,,,,,
2014-11-18,,,,,
2014-11-19,,,,,
2014-11-20,,,,,
2014-11-21,,,,,
2014-11-24,,,,,
2014-11-25,,,,,
2014-11-26,,,,,
2014-11-27,,,,,
2014-11-28,,,,,
2014-12-01,,,,,
2014-12-02,,,,,
2014-12-03,,,,,
2014-12-04,,,,,
2014-12-05,,,,,
2014-12-08,,,,,
2014-12-09,,,,,
2014-12-10,,,,,
2014-12-11,,,,,
2014-12-12,,,,,
2014-12-15,,,,,
2014-12-16,,,,,
2014-12-17,,,,,
2014-12-18,,,,,
2014-12-19,,,,,
2014-12-22,,,,,
2014-12-23,,,,,
2014-12-24,,,,,
2014-12-25,,,,,
2014-12-26,,,,,
2014-12-29,,,,,
2014-12-30,,,,,
2014-12-31,,,,,
2015-01-05,,,,,
2015-01-06,,,,,
2015-01-07,,,,,
2015-01-08,,,,,
2015-01-09,,,,,
2015-01-12,,,,,
2015-01-13,,,,,
2015-01-14,,,,,
2015-01-15,,,,,
2015-01-16,,,,,
2015-01-19,,,,,
2015-01-20,,,,,
2015-01-21,,,,,
2015-01-22,,,,,
2015-01-23,,,,,
2015-01-26,,,,,
2015-01-27,,,,,
2015-01-28,,,,,
2015-01-29,,,,,
2015-01-30,,,,,
2015-02-02,,,,,
2015-02-03,,,,,
2015-02-04,,,,,
2015-02-05,,,,,
2015-02-06,,,,,
2015-02-09,,,,,
2015-02-10,,,,,
2015-02-11,,,,,
2015-02-12,,,,,
2015-02-13,,,,,
2015-02-16,,,,,
2015-02-17,,,,,
2015-02-25,,,,,
2015-02-26,,,,,
2015-02-27,,,,,
2015-03-02,,,,,
2015-03-03,,,,,
2015-03-04,,,,,
2015-03-05,,,,,
2015-03-06,,,,,
2015-03-09,,,,,
2015-03-10,,,,,
2015-03-11,,,,,
2015-03-12,,,,,
2015-03-13,,,,,
2015-03-16,,,,,
2015-03-17,,,,,
2015-03-18,,,,,
2015-03-19,,,,,
2015-03-20,,,,,
2015-03-23,,,,,
2015-03-24,,,,,
2015-03-25,,,,,
2015-03-26,,,,,
2015-03-27,,,,,
2015-03-30,,,,,
2015-03-31,,,,,
2015-04-01,,,,,
2015-04-02,,,,,
2015-04-03,,,,,
2015-04-07,,,,,
2015-04-08,,,,,
2015-04-09,,,,,
2015-04-10,,,,,
2015-04-13,,,,,
2015-04-14,,,,,
2015-04-15,,,,,
2015-04-16,,,,,
2015-04-17,,,,,
2015-04-20,,,,,
2015-04-21,,,,,
2015-04-22,,,,,
2015-04-23,,,,,
2015-04-24,,,,,
2015-04-27,,,,,
2015-04-28,,,,,
2015-04-29,,,,,
2015-04-30,,,,,
2015-05-04,,,,,
2015-05-05,,,,,
2015-05-06,,,,,
2015-05-07,,,,,
2015-05-08,,,,,
2015-05-11,,,,,
2015-05-12,,,,,
2015-05-13,,,,,
2015-05-14,,,,,
2015-05-15,,,,,
2015-05-18,,,,,
2015-05-19,,,,,
2015-05-20,,,,,
2015-05-21,,,,,
2015-05-22,,,,,
2015-05-25,,,,,
2015-05-26,,,,,
2015-05-27,,,,,
2015-05-28,,,,,
2015-05-29,,,,,
2015-06-01,,,,,
2015-06-02,,,,,
2015-06-03,,,,,
2015-06-04,,,,,
2015-06-05,,,,,
2015-06-08,,,,,
2015-06-09,,,,,
2015-06-10,,,,,
2015-06-11,,,,,
2015-06-12,,,,,
2015-06-15,,,,,
2015-06-16,,,,,
2015-06-17,,,,,
2015-06-18,,,,,
2015-06-19,,,,,
2015-06-23,,,,,
2015-06-24,,,,,
2015-06-25,,,,,
2015-06-26,,,,,
2015-06-29,,,,,
2015-06-30,,,,,
2015-07-01,,,,,
2015-07-02,,,,,
2015-07-03,,,,,
2015-07-06,,,,,
2015-07-07,,,,,
2015-07-08,,,,,
2015-07-09,,,,,
2015-07-10,,,,,
2015-07-13,,,,,
2015-07-14,,,,,
2015-07-15,,,,,
2015-07-16,,,,,
2015-07-17,,,,,
2015-07-20,,,,,
2015-07-21,,,,,
2015-07-22,,,,,
2015-07-23,,,,,
2015-07-24,,,,,
2015-07-27,,,,,
2015-07-28,,,,,
2015-07-29,,,,,
2015-07-30,,,,,
2015-07-31,,,,,
2015-08-03,,,,,
2015-08-04,,,,,
2015-08-05,,,,,
2015-08-06,,,,,
2015-08-07,,,,,
2015-08-10,,,,,
2015-08-11,,,,,
2015-08-12,,,,,
2015-08-13,,,,,
2015-08-14,,,,,
2015-08-17,,,,,
2015-08-18,,,,,
2015-08-19,,,,,
2015-08-20,,,,,
2015-08-21,,,,,
2015-08-24,,,,,
2015-08-25,,,,,
2015-08-26,,,,,
2015-08-27,,,,,
2015-08-28,,,,,
2015-08-31,,,,,
2015-09-01,,,,,
2015-09-02,,,,,
2015-09-07,,,,,
2015-09-08,,,,,
2015-09-09,,,,,
2015-09-10,,,,,
2015-09-11,,,,,
2015-09-14,,,,,
2015-09-15,,,,,
2015-09-16,,,,,
2015-09-17,,,,,
2015-09-18,,,,,
2015-09-21,,,,,
2015-09-22,,,,,
2015-09-23,,,,,
2015-09-24,,,,,
2015-09-25,,,,,
2015-09-28,,,,,
2015-09-29,,,,,
2015-09-30,,,,,
2015-10-08,,,,,
2015-10-09,,,,,
2015-10-12,,,,,
2015-10-13,,,,,
2015-10-14,,,,,
2015-10-15,,,,,
2015-10-16,,,,,
2015-10-19,,,,,
2015-10-20,,,,,
2015-10-21,,,,,
2015-10-22,,,,,
2015-10-23,,,,,
2015-10-26,,,,,
2015-10-27,,,,,
2015-10-28,,,,,
2015-10-29,,,,,
2015-10-30,,,,,
2015-11-02,,,,,
2015-11-03,,,,,
2015-11-04,,,,,
2015-11-05,,,,,
2015-11-06,,,,,
2015-11-09,,,,,
2015-11-10,,,,,
2015-11-11,,,,,
2015-11-12,,,,,
2015-11-13,,,,,
2015-11-16,,,,,
2015-11-17,,,,,
2015-11-18,,,,,
2015-11-19,,,,,
2015-11-20,,,,,
2015-11-23,,,,,
2015-11-24,,,,,
2015-11-25,,,,,
2015-11-26,,,,,
2015-11-27,,,,,
2015-11-30,,,,,
2015-12-01,,,,,
2015-12-02,,,,,
2015-12-03,,,,,
2015-12-04,,,,,
2015-12-07,,,,,
2015-12-08,,,,,
2015-12-09,,,,,
2015-12-10,,,,,
2015-12-11,,,,,
2015-12-14,,,,,
2015-12-15,,,,,
2015-12-16,,,,,
2015-12-17,,,,,
2015-12-18,,,,,
2015-12-21,,,,,
2015-12-22,,,,,
2015-12-23,,,,,
2015-12-24,,,,,
2015-12-25,,,,,
2015-12-28,,,,,
2015-12-29,,,,,
2015-12-30,,,,,
2015-12-31,,,,,
2016-01-04,,,,,
2016-01-05,,,,,
2016-01-06,,,,,
2016-01-07,,,,,
2016-01-08,,,,,
2016-01-11,,,,,
2016-01-12,,,,,
2016-01-13,,,,,
2016-01-14,,,,,
2016-01-15,,,,,
2016-01-18,,,,,
2016-01-19,,,,,
2016-01-20,,,,,
2016-01-21,,,,,
2016-01-22,,,,,
2016-01-25,,,,,
2016-01-26,,,,,
2016-01-27,,,,,
2016-01-28,,,,,
2016-01-29,,,,,
2016-02-01,,,,,
2016-02-02,,,,,
2016-02-03,,,,,
2016-02-04,,,,,
2016-02-05,,,,,
2016-02-15,,,,,
2016-02-16,,,,,
2016-02-17,,,,,
2016-02-18,,,,,
2016-02-19,,,,,
2016-02-22,,,,,
2016-02-23,,,,,
2016-02-24,,,,,
2016-02-25,,,,,
2016-02-26,,,,,
2016-02-29,,,,,
2016-03-01,,,,,
2016-03-02,,,,,
2016-03-03,,,,,
2016-03-04,,,,,
2016-03-07,,,,,
2016-03-08,,,,,
2016-03-09,,,,,
2016-03-10,,,,,
2016-03-11,,,,,
2016-03-14,,,,,
2016-03-15,,,,,
2016-03-16,,,,,
2016-03-17,,,,,
2016-03-18,,,,,
2016-03-21,,,,,
2016-03-22,,,,,
2016-03-23,,,,,
2016-03-24,,,,,
2016-03-25,,,,,
2016-03-28,,,,,
2016-03-29,,,,,
2016-03-30,,,,,
2016-03-31,,,,,
2016-04-01,,,,,
2016-04-05,,,,,
2016-04-06,,,,,
2016-04-07,,,,,
2016-04-08,,,,,
2016-04-11,,,,,
2016-04-12,,,,,
2016-04-13,,,,,
2016-04-14,,,,,
2016-04-15,,,,,
2016-04-18,,,,,
2016-04-19,,,,,
2016-04-20,,,,,
2016-04-21,,,,,
2016-04-22,,,,,
2016-04-25,,,,,
2016-04-26,,,,,
2016-04-27,,,,,
2016-04-28,,,,,
2016-04-29,,,,,
2016-05-03,,,,,
2016-05-04,,,,,
2016-05-05,,,,,
2016-05-06,,,,,
2016-05-09,,,,,
2016-05-10,,,,,
2016-05-11,,,,,
2016-05-12,,,,,
2016-05-13,,,,,
2016-05-16,,,,,
2016-05-17,,,,,
2016-05-18,,,,,
2016-05-19,,,,,
2016-05-20,,,,,
2016-05-23,,,,,
2016-05-24,,,,,
2016-05-25,,,,,
2016-05-26,,,,,
2016-05-27,,,,,
2016-05-30,,,,,
2016-05-31,,,,,
2016-06-01,,,,,
2016-06-02,,,,,
2016-06-03,,,,,
2016-06-06,,,,,
2016-06-07,,,,,
2016-06-08,,,,,
2016-06-13,,,,,
2016-06-14,,,,,
2016-06-15,,,,,
2016-06-16,,,,,
2016-06-17,,,,,
2016-06-20,,,,,
2016-06-21,,,,,
2016-06-22,,,,,
2016-06-23,,,,,
2016-06-24,,,,,
2016-06-27,,,,,
2016-06-28,,,,,
2016-06-29,,,,,
2016-06-30,,,,,
2016-07-01,,,,,
2016-07-04,,,,,
2016-07-05,,,,,
2016-07-06,,,,,
2016-07-07,,,,,
2016-07-08,,,,,
2016-07-11,,,,,
2016-07-12,,,,,
2016-07-13,,,,,
2016-07-14,,,,,
2016-07-15,,,,,
2016-07-18,,,,,
2016-07-19,,,,,
2016-07-20,,,,,
2016-07-21,,,,,
2016-07-22,,,,,
2016-07-25,,,,,
2016-07-26,,,,,
2016-07-27,,,,,
2016-07-28,,,,,
2016-07-29,,,,,
2016-08-01,,,,,
2016-08-02,,,,,
2016-08-03,,,,,
2016-08-04,,,,,
2016-08-05,,,,,
2016-08-08,,,,,
2016-08-09,,,,,
2016-08-10,,,,,
2016-08-11,,,,,
2016-08-12,,,,,
2016-08-15,,,,,
2016-08-16,,,,,
2016-08-17,,,,,
2016-08-18,,,,,
2016-08-19,,,,,
2016-08-22,,,,,
2016-08-23,,,,,
2016-08-24,,,,,
2016-08-25,,,,,
2016-08-26,,,,,
2016-08-29,,,,,
2016-08-30,,,,,
2016-08-31,,,,,
2016-09-01,,,,,
2016-09-02,,,,,
2016-09-05,,,,,
2016-09-06,,,,,
2016-09-07,,,,,
2016-09-08,,,,,
2016-09-09,,,,,
2016-09-12,,,,,
2016-09-13,,,,,
2016-09-14,,,,,
2016-09-19,,,,,
2016-09-20,,,,,
2016-09-21,,,,,
2016-09-22,,,,,
2016-09-23,,,,,
2016-09-26,,,,,
2016-09-27,,,,,
2016-09-28,,,,,
2016-09-29,,,,,
2016-09-30,,,,,
2016-10-10,,,,,
2016-10-11,,,,,
2016-10-12,,,,,
2016-10-13,,,,,
2016-10-14,,,,,
2016-10-17,,,,,
2016-10-18,,,,,
2016-10-19,,,,,
2016-10-20,,,,,
2016-10-21,,,,,
2016-10-24,,,,,
2016-10-25,,,,,
2016-10-26,,,,,
2016-10-27,,,,,
2016-10-28,,,,,
2016-10-31,,,,,
2016-11-01,,,,,
2016-11-02,,,,,
2016-11-03,,,,,
2016-11-04,,,,,
2016-11-07,,,,,
2016-11-08,,,,,
2016-11-09,,,,,
2016-11-10,,,,,
2016-11-11,,,,,
2016-11-14,,,,,
2016-11-15,,,,,
2016-11-16,,,,,
2016-11-17,,,,,
2016-11-18,,,,,
2016-11-21,,,,,
2016-11-22,,,,,
2016-11-23,,,,,
2016-11-24,,,,,
2016-11-25,,,,,
2016-11-28,,,,,
2016-11-29,,,,,
2016-11-30,,,,,
2016-12-01,,,,,
2016-12-02,,,,,
2016-12-05,,,,,
2016-12-06,,,,,
2016-12-07,,,,,
2016-12-08,,,,,
2016-12-09,,,,,
2016-12-12,,,,,
2016-12-13,,,,,
2016-12-14,,,,,
2016-12-15,,,,,
2016-12-16,,,,,
2016-12-19,,,,,
2016-12-20,,,,,
2016-12-21,,,,,
2016-12-22,,,,,
2016-12-23,,,,,
2016-12-26,,,,,
2016-12-27,,,,,
2016-12-28,,,,,
2016-12-29,,,,,
2016-12-30,,,,,
2017-01-03,,,,,
2017-01-04,,,,,
2017-01-05,,,,,
2017-01-06,,,,,
2017-01-09,,,,,
2017-01-10,,,,,
2017-01-11,,,,,
2017-01-12,,,,,
2017-01-13,,,,,
2017-01-16,,,,,
2017-01-17,,,,,
2017-01-18,,,,,
2017-01-19,,,,,
2017-01-20,,,,,
2017-01-23,,,,,
2017-01-24,,,,,
2017-01-25,,,,,
2017-01-26,,,,,
2017-02-03,,,,,
2017-02-06,,,,,
2017-02-07,,,,,
2017-02-08,,,,,
2017-02-09,,,,,
2017-02-10,,,,,
2017-02-13,,,,,
2017-02-14,,,,,
2017-02-15,,,,,
2017-02-16,,,,,
2017-02-17,,,,,
2017-02-20,,,,,
2017-02-21,,,,,
2017-02-22,,,,,
2017-02-23,,,,,
2017-02-24,,,,,
2017-02-27,,,,,
2017-02-28,,,,,
2017-03-01,,,,,
2017-03-02,,,,,
2017-03-03,,,,,
2017-03-06,,,,,
2017-03-07,,,,,
2017-03-08,,,,,
2017-03-09,,,,,
2017-03-10,,,,,
2017-03-13,,,,,
2017-03-14,,,,,
2017-03-15,,,,,
2017-03-16,,,,,
2017-03-17,,,,,
2017-03-20,,,,,
2017-03-21,,,,,
2017-03-22,,,,,
2017-03-23,,,,,
2017-03-24,,,,,
2017-03-27,,,,,
2017-03-28,,,,,
2017-03-29,,,,,
2017-03-30,,,,,
2017-03-31,,,,,
2017-04-05,,,,,
2017-04-06,,,,,
2017-04-07,,,,,
2017-04-10,,,,,
2017-04-11,,,,,
2017-04-12,,,,,
2017-04-13,,,,,
2017-04-14,,,,,
2017-04-17,,,,,
2017-04-18,,,,,
2017-04-19,,,,,
2017-04-20,,,,,
2017-04-21,,,,,
2017-04-24,,,,,
2017-04-25,,,,,
2017-04-26,,,,,
2017-04-27,,,,,
2017-04-28,,,,,
2017-05-02,,,,,
2017-05-03,,,,,
2017-05-04,,,,,
2017-05-05,,,,,
2017-05-08,,,,,
2017-05-09,,,,,
2017-05-10,,,,,
2017-05-11,,,,,
2017-05-12,,,,,
2017-05-15,,,,,
2017-05-16,,,,,
2017-05-17,,,,,
2017-05-18,,,,,
2017-05-19,,,,,
2017-05-22,,,,,
2017-05-23,,,,,
2017-05-24,,,,,
2017-05-25,,,,,
2017-05-26,,,,,
2017-05-31,,,,,
2017-06-01,,,,,
2017-06-02,,,,,
2017-06-05,,,,,
2017-06-06,,,,,
2017-06-07,,,,,
2017-06-08,,,,,
2017-06-09,,,,,
2017-06-12,,,,,
2017-06-13,,,,,
2017-06-14,,,,,
2017-06-15,,,,,
2017-06-16,,,,,
2017-06-19,,,,,
2017-06-20,,,,,
2017-06-21,,,,,
2017-06-22,,,,,
2017-06-23,,,,,
2017-06-26,,,,,
2017-06-27,,,,,
2017-06-28,,,,,
2017-06-29,,,,,
2017-06-30,,,,,
2017-07-03,,,,,
2017-07-04,,,,,
2017-07-05,,,,,
2017-07-06,,,,,
2017-07-07,,,,,
2017-07-10,,,,,
2017-07-11,,,,,
2017-07-12,,,,,
2017-07-13,,,,,
2017-07-14,,,,,
2017-07-17,,,,,
2017-07-18,,,,,
2017-07-19,,,,,
2017-07-20,,,,,
2017-07-21,,,,,
2017-07-24,,,,,
2017-07-25,,,,,
2017-07-26,,,,,
2017-07-27,,,,,
2017-07-28,,,,,
2017-07-31,,,,,
2017-08-01,,,,,
2017-08-02,,,,,
2017-08-03,,,,,
2017-08-04,,,,,
2017-08-07,,,,,
2017-08-08,,,,,
2017-08-09,,,,,
2017-08-10,,,,,
2017-08-11,,,,,
2017-08-14,,,,,
2017-08-15,,,,,
2017-08-16,,,,,
2017-08-17,,,,,
2017-08-18,,,,,
2017-08-21,,,,,
2017-08-22,,,,,
2017-08-23,,,,,
2017-08-24,,,,,
2017-08-25,,,,,
2017-08-28,,,,,
2017-08-29,,,,,
2017-08-30,,,,,
2017-08-31,,,,,
2017-09-01,,,,,
2017-09-04,,,,,
2017-09-05,,,,,
2017-09-06,,,,,
2017-09-07,,,,,
2017-09-08,,,,,
2017-09-11,,,,,
2017-09-12,,,,,
2017-09-13,,,,,
2017-09-14,,,,,
2017-09-15,,,,,
2017-09-18,,,,,
2017-09-19,,,,,
2017-09-20,,,,,
2017-09-21,,,,,
2017-09-22,,,,,
2017-09-25,,,,,
2017-09-26,,,,,
2017-09-27,,,,,
2017-09-28,,,,,
2017-09-29,,,,,
2017-10-09,,,,,
2017-10-10,,,,,
2017-10-11,,,,,
2017-10-12,,,,,
2017-10-13,,,,,
2017-10-16,,,,,
2017-10-17,,,,,
2017-10-18,,,,,
2017-10-19,,,,,
2017-10-20,,,,,
2017-10-23,,,,,
2017-10-24,,,,,
2017-10-25,,,,,
2017-10-26,,,,,
2017-10-27,,,,,
2017-10-30,,,,,
2017-10-31,,,,,
2017-11-01,,,,,
2017-11-02,,,,,
2017-11-03,,,,,
2017-11-06,,,,,
2017-11-07,,,,,
2017-11-08,,,,,
2017-11-09,,,,,
2017-11-10,,,,,
2017-11-13,,,,,
2017-11-14,,,,,
2017-11-15,,,,,
2017-11-16,,,,,
2017-11-17,,,,,
2017-11-20,,,,,
2017-11-21,,,,,
2017-11-22,,,,,
2017-11-23,,,,,
2017-11-24,,,,,
2017-11-27,,,,,
2017-11-28,,,,,
2017-11-29,,,,,
2017-11-30,,,,,
2017-12-01,,,,,
2017-12-04,,,,,
2017-12-05,,,,,
2017-12-06,,,,,
2017-12-07,,,,,
2017-12-08,,,,,
2017-12-11,,,,,
2017-12-12,,,,,
2017-12-13,,,,,
2017-12-14,,,,,
2017-12-15,,,,,
2017-12-18,,,,,
2017-12-19,,,,,
2017-12-20,,,,,
2017-12-21,,,,,
2017-12-22,,,,,
2017-12-25,,,,,
2017-12-26,,,,,
2017-12-27,,,,,
2017-12-28,,,,,
2017-12-29,,,,,
2018-01-02,,,,,
2018-01-03,,,,,
2018-01-04,,,,,
2018-01-05,,,,,
2018-01-08,,,,,
2018-01-09,,,,,
2018-01-10,,,,,
2018-01-11,,,,,
2018-01-12,,,,,
2018-01-15,,,,,
2018-01-16,,,,,
2018-01-17,,,,,
2018-01-18,,,,,
2018-01-19,,,,,
2018-01-22,,,,,
2018-01-23,,,,,
2018-01-24,,,,,
2018-01-25,,,,,
2018-01-26,,,,,
2018-01-29,,,,,
2018-01-30,,,,,
2018-01-31,,,,,
2018-02-01,,,,,
2018-02-02,,,,,
2018-02-05,,,,,
2018-02-06,,,,,
2018-02-07,,,,,
2018-02-08,,,,,
2018-02-09,,,,,
2018-02-12,,,,,
2018-02-13,,,,,
2018-02-14,,,,,
2018-02-22,,,,,
2018-02-23,,,,,
2018-02-26,,,,,
2018-02-27,,,,,
2018-02-28,,,,,
2018-03-01,,,,,
2018-03-02,,,,,
2018-03-05,,,,,
2018-03-06,,,,,
2018-03-07,,,,,
2018-03-08,,,,,
2018-03-09,,,,,
2018-03-12,,,,,
2018-03-13,,,,,
2018-03-14,,,,,
2018-03-15,,,,,
2018-03-16,,,,,
2018-03-19,,,,,
2018-03-20,,,,,
2018-03-21,,,,,
2018-03-22,,,,,
2018-03-23,,,,,
2018-03-26,,,,,
2018-03-27,,,,,
2018-03-28,,,,,
2018-03-29,,,,,
2018-03-30,,,,,
2018-04-02,,,,,
2018-04-03,,,,,
2018-04-04,,,,,
2018-04-09,,,,,
2018-04-10,,,,,
2018-04-11,,,,,
2018-04-12,,,,,
2018-04-13,,,,,
2018-04-16,,,,,
2018-04-17,,,,,
2018-04-18,,,,,
2018-04-19,,,,,
2018-04-20,,,,,
2018-04-23,,,,,
2018-04-24,,,,,
2018-04-25,,,,,
2018-04-26,,,,,
2018-04-27,,,,,
2018-05-02,,,,,
2018-05-03,,,,,
2018-05-04,,,,,
2018-05-07,,,,,
2018-05-08,,,,,
2018-05-09,,,,,
2018-05-10,,,,,
2018-05-11,,,,,
2018-05-14,,,,,
2018-05-15,,,,,
2018-05-16,,,,,
2018-05-17,,,,,
2018-05-18,,,,,
2018-05-21,,,,,
2018-05-22,,,,,
2018-05-23,,,,,
2018-05-24,,,,,
2018-05-25,,,,,
2018-05-28,,,,,
2018-05-29,,,,,
2018-05-30,,,,,
2018-05-31,,,,,
2018-06-01,,,,,
2018-06-04,,,,,
2018-06-05,,,,,
2018-06-06,,,,,
2018-06-07,,,,,
2018-06-08,,,,,
2018-06-11,,,,,
2018-06-12,,,,,
2018-06-13,,,,,
2018-06-14,,,,,
2018-06-15,,,,,
2018-06-19,,,,,
2018-06-20,,,,,
2018-06-21,,,,,
2018-06-22,,,,,
2018-06-25,,,,,
2018-06-26,,,,,
2018-06-27,,,,,
2018-06-28,,,,,
2018-06-29,,,,,
2018-07-02,,,,,
2018-07-03,,,,,
2018-07-04,,,,,
2018-07-05,,,,,
2018-07-06,,,,,
2018-07-09,,,,,
2018-07-10,,,,,
2018-07-11,,,,,
2018-07-12,,,,,
2018-07-13,,,,,
2018-07-16,,,,,
2018-07-17,,,,,
2018-07-18,,,,,
2018-07-19,,,,,
2018-07-20,,,,,
2018-07-23,,,,,
2018-07-24,,,,,
2018-07-25,,,,,
2018-07-26,,,,,
2018-07-27,,,,,
2018-07-30,,,,,
2018-07-31,,,,,
2018-08-01,,,,,
2018-08-02,,,,,
2018-08-03,,,,,
2018-08-06,,,,,
2018-08-07,,,,,
2018-08-08,,,,,
2018-08-09,,,,,
2018-08-10,,,,,
2018-08-13,,,,,
2018-08-14,,,,,
2018-08-15,,,,,
2018-08-16,,,,,
2018-08-17,,,,,
2018-08-20,,,,,
2018-08-21,,,,,
2018-08-22,,,,,
2018-08-23,,,,,
2018-08-24,,,,,
2018-08-27,,,,,
2018-08-28,,,,,
2018-08-29,,,,,
2018-08-30,,,,,
2018-08-31,,,,,
2018-09-03,,,,,
2018-09-04,,,,,
2018-09-05,,,,,
2018-09-06,,,,,
2018-09-07,,,,,
2018-09-10,,,,,
2018-09-11,,,,,
2018-09-12,,,,,
2018-09-13,,,,,
2018-09-14,,,,,
2018-09-17,,,,,
2018-09-18,,,,,
2018-09-19,,,,,
2018-09-20,,,,,
2018-09-21,,,,,
2018-09-25,,,,,
2018-09-26,,,,,
2018-09-27,,,,,
2018-09-28,,,,,
2018-10-08,,,,,
2018-10-09,,,,,
2018-10-10,,,,,
2018-10-11,,,,,
2018-10-12,,,,,
2018-10-15,,,,,
2018-10-16,,,,,
2018-10-17,,,,,
2018-10-18,,,,,
2018-10-19,,,,,
2018-10-22,,,,,
2018-10-23,,,,,
2018-10-24,,,,,
2018-10-25,,,,,
2018-10-26,,,,,
2018-10-29,,,,,
2018-10-30,,,,,
2018-10-31,,,,,
2018-11-01,,,,,
2018-11-02,,,,,
2018-11-05,,,,,
2018-11-06,,,,,
2018-11-07,,,,,
2018-11-08,,,,,
2018-11-09,,,,,
2018-11-12,,,,,
2018-11-13,,,,,
2018-11-14,,,,,
2018-11-15,,,,,
2018-11-16,,,,,
2018-11-19,,,,,
2018-11-20,,,,,
2018-11-21,,,,,
2018-11-22,,,,,
2018-11-23,,,,,
2018-11-26,,,,,
2018-11-27,,,,,
2018-11-28,,,,,
2018-11-29,,,,,
2018-11-30,,,,,
2018-12-03,,,,,
2018-12-04,,,,,
2018-12-05,,,,,
2018-12-06,,,,,
2018-12-07,,,,,
2018-12-10,,,,,
2018-12-11,,,,,
2018-12-12,,,,,
2018-12-13,,,,,
2018-12-14,,,,,
2018-12-17,,,,,
2018-12-18,,,,,
2018-12-19,,,,,
2018-12-20,,,,,
2018-12-21,,,,,
2018-12-24,,,,,
2018-12-25,,,,,
2018-12-26,,,,,
2018-12-27,,,,,
2018-12-28,,,,,
2019-01-02,,,,,
2019-01-03,,,,,
2019-01-04,,,,,
2019-01-07,,,,,
2019-01-08,,,,,
2019-01-09,,,,,
2019-01-10,,,,,
2019-01-11,,,,,
2019-01-14,,,,,
2019-01-15,,,,,
2019-01-16,,,,,
2019-01-17,,,,,
2019-01-18,,,,,
2019-01-21,,,,,
2019-01-22,,,,,
2019-01-23,,,,,
2019-01-24,,,,,
2019-01-25,,,,,
2019-01-28,,,,,
2019-01-29,,,,,
2019-01-30,,,,,
2019-01-31,,,,,
2019-02-01,,,,,
2019-02-11,,,,,
2019-02-12,,,,,
2019-02-13,,,,,
2019-02-14,,,,,
2019-02-15,,,,,
2019-02-18,,,,,
2019-02-19,,,,,
2019-02-20,,,,,
2019-02-21,,,,,
2019-02-22,,,,,
2019-02-25,,,,,
2019-02-26,,,,,
2019-02-27,,,,,
2019-02-28,,,,,
2019-03-01,,,,,
2019-03-04,,,,,
2019-03-05,,,,,
2019-03-06,,,,,
2019-03-07,,,,,
2019-03-08,,,,,
2019-03-11,,,,,
2019-03-12,,,,,
2019-03-13,,,,,
2019-03-14,,,,,
2019-03-15,,,,,
2019-03-18,,,,,
2019-03-19,,,,,
2019-03-20,,,,,
2019-03-21,,,,,
2019-03-22,,,,,
2019-03-25,,,,,
2019-03-26,,,,,
2019-03-27,,,,,
2019-03-28,,,,,
2019-03-29,,,,,
2019-04-01,,,,,
2019-04-02,,,,,
2019-04-03,,,,,
2019-04-04,,,,,
2019-04-08,,,,,
2019-04-09,,,,,
2019-04-10,,,,,
2019-04-11,,,,,
2019-04-12,,,,,
2019-04-15,,,,,
2019-04-16,,,,,
2019-04-17,,,,,
2019-04-18,,,,,
2019-04-19,,,,,
2019-04-22,,,,,
2019-04-23,,,,,
2019-04-24,,,,,
2019-04-25,,,,,
2019-04-26,,,,,
2019-04-29,,,,,
2019-04-30,,,,,
2019-05-06,,,,,
2019-05-07,,,,,
2019-05-08,,,,,
2019-05-09,,,,,
2019-05-10,,,,,
2019-05-13,,,,,
2019-05-14,,,,,
2019-05-15,,,,,
2019-05-16,,,,,
2019-05-17,,,,,
2019-05-20,,,,,
2019-05-21,,,,,
2019-05-22,,,,,
2019-05-23,,,,,
2019-05-24,,,,,
2019-05-27,,,,,
2019-05-28,,,,,
2019-05-29,,,,,
2019-05-30,,,,,
2019-05-31,,,,,
2019-06-03,,,,,
2019-06-04,,,,,
2019-06-05,,,,,
2019-06-06,,,,,
2019-06-10,,,,,
2019-06-11,,,,,
2019-06-12,,,,,
2019-06-13,,,,,
2019-06-14,,,,,
2019-06-17,,,,,
2019-06-18,,,,,
2019-06-19,,,,,
2019-06-20,,,,,
2019-06-21,,,,,
2019-06-24,,,,,
2019-06-25,,,,,
2019-06-26,,,,,
2019-06-27,,,,,
2019-06-28,,,,,
2019-07-01,,,,,
2019-07-02,,,,,
2019-07-03,,,,,
2019-07-04,,,,,
2019-07-05,,,,,
2019-07-08,,,,,
2019-07-09,,,,,
2019-07-10,,,,,
2019-07-11,,,,,
2019-07-12,,,,,
2019-07-15,,,,,
2019-07-16,,,,,
2019-07-17,,,,,
2019-07-18,,,,,
2019-07-19,,,,,
2019-07-22,,,,,
2019-07-23,,,,,
2019-07-24,,,,,
2019-07-25,,,,,
2019-07-26,,,,,
2019-07-29,,,,,
2019-07-30,,,,,
2019-07-31,,,,,
2019-08-01,,,,,
2019-08-02,,,,,
2019-08-05,,,,,
2019-08-06,,,,,
2019-08-07,,,,,
2019-08-08,,,,,
2019-08-09,,,,,
2019-08-12,,,,,
2019-08-13,,,,,
2019-08-14,,,,,
2019-08-15,,,,,
2019-08-16,,,,,
2019-08-19,,,,,
2019-08-20,,,,,
2019-08-21,,,,,
2019-08-22,,,,,
2019-08-23,,,,,
2019-08-26,,,,,
2019-08-27,,,,,
2019-08-28,,,,,
2019-08-29,,,,,
2019-08-30,,,,,
2019-09-02,,,,,
2019-09-03,,,,,
2019-09-04,,,,,
2019-09-05,,,,,
2019-09-06,,,,,
2019-09-09,,,,,
2019-09-10,,,,,
2019-09-11,,,,,
2019-09-12,,,,,
2019-09-16,,,,,
2019-09-17,,,,,
2019-09-18,,,,,
2019-09-19,,,,,
2019-09-20,,,,,
2019-09-23,,,,,
2019-09-24,,,,,
2019-09-25,,,,,
2019-09-26,,,,,
2019-09-27,,,,,
2019-09-30,,,,,
2019-10-08,,,,,
2019-10-09,,,,,
2019-10-10,,,,,
2019-10-11,,,,,
2019-10-14,,,,,
2019-10-15,,,,,
2019-10-16,,,,,
2019-10-17,,,,,
2019-10-18,,,,,
2019-10-21,,,,,
2019-10-22,,,,,
2019-10-23,,,,,
2019-10-24,,,,,
2019-10-25,,,,,
2019-10-28,,,,,
2019-10-29,,,,,
2019-10-30,,,,,
2019-10-31,,,,,
2019-11-01,,,,,
2019-11-04,,,,,
2019-11-05,,,,,
2019-11-06,,,,,
2019-11-07,,,,,
2019-11-08,,,,,
2019-11-11,,,,,
2019-11-12,,,,,
2019-11-13,,,,,
2019-11-14,,,,,
2019-11-15,,,,,
2019-11-18,,,,,
2019-11-19,,,,,
2019-11-20,,,,,
2019-11-21,,,,,
2019-11-22,,,,,
2019-11-25,,,,,
2019-11-26,,,,,
2019-11-27,,,,,
2019-11-28,,,,,
2019-11-29,,,,,
2019-12-02,,,,,
2019-12-03,,,,,
2019-12-04,,,,,
2019-12-05,,,,,
2019-12-06,,,,,
2019-12-09,,,,,
2019-12-10,,,,,
2019-12-11,,,,,
2019-12-12,,,,,
2019-12-13,,,,,
2019-12-16,,,,,
2019-12-17,,,,,
2019-12-18,,,,,
2019-12-19,,,,,
2019-12-20,,,,,
2019-12-23,,,,,
2019-12-24,,,,,
2019-12-25,,,,,
2019-12-26,,,,,
2019-12-27,,,,,
2019-12-30,,,,,
2019-12-31,,,,,
2020-01-02,,,,,
2020-01-03,,,,,
2020-01-06,,,,,
2020-01-07,,,,,
2020-01-08,,,,,
2020-01-09,,,,,
2020-01-10,,,,,
2020-01-13,,,,,
2020-01-14,,,,,
2020-01-15,,,,,
2020-01-16,,,,,
2020-01-17,,,,,
2020-01-20,,,,,
2020-01-21,,,,,
2020-01-22,,,,,
2020-01-23,,,,,
2020-02-03,,,,,
2020-02-04,,,,,
2020-02-05,,,,,
2020-02-06,,,,,
2020-02-07,,,,,
2020-02-10,,,,,
2020-02-11,,,,,
2020-02-12,,,,,
2020-02-13,,,,,
2020-02-14,,,,,
2020-02-17,,,,,
2020-02-18,,,,,
2020-02-19,,,,,
2020-02-20,,,,,
2020-02-21,,,,,
2020-02-24,,,,,
2020-02-25,,,,,
2020-02-26,,,,,
2020-02-27,,,,,
2020-02-28,,,,,
2020-03-02,,,,,
2020-03-03,,,,,
2020-03-04,,,,,
2020-03-05,,,,,
2020-03-06,,,,,
2020-03-09,,,,,
2020-03-10,,,,,
2020-03-11,,,,,
2020-03-12,,,,,
2020-03-13,,,,,
2020-03-16,,,,,
2020-03-17,,,,,
2020-03-18,,,,,
2020-03-19,,,,,
2020-03-20,,,,,
2020-03-23,,,,,
2020-03-24,,,,,
2020-03-25,,,,,
2020-03-26,,,,,
2020-03-27,,,,,
2020-03-30,,,,,
2020-03-31,,,,,
2020-04-01,,,,,
2020-04-02,,,,,
2020-04-03,,,,,
2020-04-07,,,,,
2020-04-08,,,,,
2020-04-09,,,,,
2020-04-10,,,,,
2020-04-13,,,,,
2020-04-14,,,,,
2020-04-15,,,,,
2020-04-16,,,,,
2020-04-17,,,,,
2020-04-20,,,,,
2020-04-21,,,,,
2020-04-22,,,,,
2020-04-23,,,,,
2020-04-24,,,,,
2020-04-27,,,,,
2020-04-28,,,,,
2020-04-29,,,,,
2020-04-30,,,,,
2020-05-06,,,,,
2020-05-07,,,,,
2020-05-08,,,,,
2020-05-11,,,,,
2020-05-12,,,,,
2020-05-13,,,,,
2020-05-14,,,,,
2020-05-15,,,,,
2020-05-18,,,,,
2020-05-19,,,,,
2020-05-20,,,,,
2020-05-21,,,,,
2020-05-22,,,,,
2020-05-25,,,,,
2020-05-26,,,,,
2020-05-27,,,,,
2020-05-28,,,,,
2020-05-29,,,,,
2020-06-01,,,,,
2020-06-02,,,,,
2020-06-03,,,,,
2020-06-04,,,,,
2020-06-05,,,,,
2020-06-08,,,,,
2020-06-09,,,,,
2020-06-10,,,,,
2020-06-11,,,,,
2020-06-12,,,,,
2020-06-15,,,,,
2020-06-16,,,,,
2020-06-17,,,,,
2020-06-18,,,,,
2020-06-19,,,,,
2020-06-22,,,,,
2020-06-23,,,,,
2020-06-24,,,,,
2020-06-29,,,,,
2020-06-30,,,,,
2020-07-01,,,,,
2020-07-02,,,,,
2020-07-03,,,,,
2020-07-06,,,,,
2020-07-07,,,,,
2020-07-08,,,,,
2020-07-09,,,,,
2020-07-10,,,,,
2020-07-13,,,,,
2020-07-14,,,,,
2020-07-15,,,,,
2020-07-16,,,,,
2020-07-17,,,,,
2020-07-20,,,,,
2020-07-21,,,,,
2020-07-22,,,,,
2020-07-23,,,,,
2020-07-24,,,,,
2020-07-27,,,,,
2020-07-28,,,,,
2020-07-29,,,,,
2020-07-30,,,,,
2020-07-31,,,,,
2020-08-03,,,,,
2020-08-04,,,,,
2020-08-05,,,,,
2020-08-06,,,,,
2020-08-07,,,,,
2020-08-10,,,,,
2020-08-11,,,,,
2020-08-12,,,,,
2020-08-13,,,,,
2020-08-14,,,,,
2020-08-17,,,,,
2020-08-18,,,,,
2020-08-19,,,,,
2020-08-20,,,,,
2020-08-21,,,,,
2020-08-24,,,,,
2020-08-25,,,,,
2020-08-26,,,,,
2020-08-27,,,,,
2020-08-28,,,,,
2020-08-31,,,,,
2020-09-01,,,,,
2020-09-02,,,,,
2020-09-03,,,,,
2020-09-04,,,,,
2020-09-07,,,,,
2020-09-08,,,,,
2020-09-09,,,,,
2020-09-10,,,,,
2020-09-11,,,,,
2020-09-14,,,,,
2020-09-15,,,,,
2020-09-16,,,,,
2020-09-17,,,,,
2020-09-18,,,,,
2020-09-21,,,,,
2020-09-22,,,,,
2020-09-23,,,,,
2020-09-24,,,,,
2020-09-25,,,,,
2020-09-28,,,,,
2020-09-29,,,,,
2020-09-30,,,,,
2020-10-09,,,,,
2020-10-12,,,,,
2020-10-13,,,,,
2020-10-14,,,,,
2020-10-15,,,,,
2020-10-16,,,,,
2020-10-19,,,,,
2020-10-20,,,,,
2020-10-21,,,,,
2020-10-22,,,,,
2020-10-23,,,,,
2020-10-26,,,,,
2020-10-27,,,,,
2020-10-28,,,,,
2020-10-29,,,,,
2020-10-30,,,,,
2020-11-02,,,,,
2020-11-03,,,,,
2020-11-04,,,,,
2020-11-05,,,,,
2020-11-06,,,,,
2020-11-09,,,,,
2020-11-10,,,,,
2020-11-11,,,,,
2020-11-12,,,,,
2020-11-13,,,,,
2020-11-16,,,,,
2020-11-17,,,,,
2020-11-18,,,,,
2020-11-19,,,,,
2020-11-20,,,,,
2020-11-23,,,,,
2020-11-24,,,,,
2020-11-25,,,,,
2020-11-26,,,,,
2020-11-27,,,,,
2020-11-30,,,,,
2020-12-01,,,,,
2020-12-02,,,,,
2020-12-03,,,,,
2020-12-04,,,,,
2020-12-07,,,,,
2020-12-08,,,,,
2020-12-09,,,,,
2020-12-10,,,,,
2020-12-11,,,,,
2020-12-14,,,,,
2020-12-15,,,,,
2020-12-16,,,,,
2020-12-17,,,,,
2020-12-18,,,,,
2020-12-21,,,,,
2020-12-22,,,,,
2020-12-23,,,,,
2020-12-24,,,,,
2020-12-25,,,,,
2020-12-28,,,,,
2020-12-29,,,,,
2020-12-30,,,,,
2020-12-31,,,,,
2021-01-04,,,,,
2021-01-05,,,,,
2021-01-06,,,,,
2021-01-07,,,,,
2021-01-08,29500.0,30680.0,26385.0,26810.0,91056.0
2021-01-11,26225.0,26720.0,26030.0,26030.0,23026.0
2021-01-12,25760.0,26210.0,25205.0,25560.0,39402.0
2021-01-13,25830.0,26350.0,25715.0,25870.0,16470.0
2021-01-14,25805.0,26155.0,24860.0,24890.0,24216.0
2021-01-15,25155.0,25155.0,24460.0,24725.0,20257.0
2021-01-18,24825.0,25780.0,24805.0,25140.0,19855.0
2021-01-19,25185.0,25390.0,24880.0,25025.0,8816.0
2021-01-20,25005.0,25090.0,24500.0,24910.0,7832.0
2021-01-21,24910.0,25185.0,24800.0,24870.0,6694.0
2021-01-22,24860.0,25045.0,24530.0,24565.0,8147.0
2021-01-25,24510.0,25300.0,24510.0,24930.0,10872.0
2021-01-26,25100.0,25770.0,24925.0,25555.0,17784.0
2021-01-27,25610.0,25645.0,25200.0,25275.0,8352.0
2021-01-28,25150.0,25535.0,25020.0,25190.0,8710.0
2021-01-29,25295.0,25620.0,25280.0,25570.0,8596.0
2021-02-01,25600.0,25970.0,25420.0,25685.0,6161.0
2021-02-02,25700.0,26040.0,25300.0,25380.0,11849.0
2021-02-03,25300.0,25555.0,25210.0,25315.0,7046.0
2021-02-04,25325.0,25485.0,25250.0,25445.0,4078.0
2021-02-05,25500.0,26175.0,25500.0,26170.0,8802.0
2021-02-08,26225.0,27400.0,26225.0,26900.0,13460.0
2021-02-09,26900.0,27110.0,26400.0,26845.0,6343.0
2021-02-10,26845.0,26870.0,26500.0,26705.0,4436.0
2021-02-18,27000.0,27100.0,26525.0,27000.0,5803.0
2021-02-19,27100.0,28390.0,27055.0,28330.0,16334.0
2021-02-22,28350.0,29430.0,28115.0,29380.0,15830.0
2021-02-23,29350.0,29380.0,28050.0,28980.0,16187.0
2021-02-24,29600.0,29805.0,28600.0,28900.0,10008.0
2021-02-25,29000.0,29140.0,28630.0,28915.0,7317.0
2021-02-26,28800.0,29325.0,28440.0,28970.0,8485.0
2021-03-01,29430.0,29435.0,28800.0,29185.0,5271.0
2021-03-02,29150.0,29250.0,28500.0,28750.0,6560.0
2021-03-03,28945.0,29000.0,28510.0,28785.0,3709.0
2021-03-04,28745.0,29115.0,28550.0,28845.0,3695.0
2021-03-05,28865.0,28880.0,27000.0,28400.0,8233.0
2021-03-08,28550.0,28900.0,28400.0,28545.0,3651.0
2021-03-09,28465.0,28615.0,27820.0,27900.0,4897.0
2021-03-10,27880.0,28300.0,27200.0,28050.0,9535.0
2021-03-11,28000.0,28755.0,27805.0,28595.0,5980.0
2021-03-12,28880.0,28885.0,28485.0,28750.0,3588.0
2021-03-15,28785.0,28995.0,28280.0,28405.0,4380.0
2021-03-16,28370.0,28695.0,28120.0,28450.0,2592.0
2021-03-17,28390.0,28760.0,28310.0,28610.0,2806.0
2021-03-18,28470.0,28630.0,28365.0,28470.0,2409.0
2021-03-19,28205.0,28600.0,28135.0,28505.0,2824.0
2021-03-22,28455.0,28470.0,27935.0,28250.0,3574.0
2021-03-23,28280.0,28325.0,27960.0,28135.0,1704.0
2021-03-24,28000.0,28190.0,27850.0,28000.0,1963.0
2021-03-25,27850.0,27980.0,27520.0,27520.0,3065.0
2021-03-26,27500.0,27570.0,27215.0,27215.0,3136.0
2021-03-29,27000.0,27030.0,26520.0,26555.0,5143.0
2021-03-30,26480.0,27230.0,26310.0,27030.0,4615.0
2021-03-31,26870.0,27130.0,26655.0,26985.0,3481.0
2021-04-01,27110.0,27995.0,26870.0,27940.0,6534.0
2021-04-02,27940.0,27940.0,27535.0,27660.0,3255.0
2021-04-06,27230.0,27495.0,27060.0,27120.0,2436.0
2021-04-07,27050.0,27120.0,26665.0,26810.0,3445.0
2021-04-08,26740.0,27320.0,26615.0,26920.0,2583.0
2021-04-09,26995.0,27070.0,26465.0,26610.0,3555.0
2021-04-12,26830.0,27345.0,26815.0,27095.0,4175.0
2021-04-13,27300.0,27640.0,27120.0,27605.0,3436.0
2021-04-14,27365.0,27700.0,27350.0,27425.0,2315.0
2021-04-15,27280.0,27495.0,27150.0,27190.0,2235.0
2021-04-16,27000.0,27150.0,26785.0,26920.0,3478.0
2021-04-19,26900.0,27245.0,26800.0,27180.0,2564.0
2021-04-20,27180.0,27480.0,27110.0,27110.0,1755.0
2021-04-21,26995.0,27180.0,26755.0,27170.0,1761.0
2021-04-22,27155.0,27330.0,27050.0,27195.0,1818.0
2021-04-23,27195.0,27990.0,27195.0,27720.0,6524.0
2021-04-26,27680.0,27680.0,27330.0,27370.0,3446.0
2021-04-27,27400.0,27440.0,26660.0,27035.0,2685.0
2021-04-28,26875.0,27355.0,26850.0,27250.0,2057.0
2021-04-29,27210.0,27385.0,27075.0,27320.0,1601.0
2021-04-30,27320.0,27480.0,27200.0,27290.0,1967.0
2021-05-06,27000.0,27160.0,26405.0,26700.0,5508.0
2021-05-07,26700.0,26945.0,26485.0,26900.0,2773.0
2021-05-10,26700.0,26750.0,24975.0,25005.0,10732.0
2021-05-11,24960.0,25180.0,24750.0,24950.0,5988.0
2021-05-12,25000.0,25500.0,25000.0,25255.0,5299.0
2021-05-13,25210.0,25250.0,24710.0,25020.0,4982.0
2021-05-14,25020.0,25130.0,24420.0,24970.0,6993.0
2021-05-17,24900.0,25000.0,24800.0,24940.0,2468.0
2021-05-18,24940.0,25090.0,24500.0,24585.0,5637.0
2021-05-19,24515.0,24515.0,23550.0,23550.0,9747.0
2021-05-20,23400.0,23870.0,23080.0,23565.0,7762.0
2021-05-21,23500.0,24200.0,23380.0,23890.0,7302.0
2021-05-24,23880.0,24050.0,23430.0,23940.0,5008.0
2021-05-25,24050.0,24300.0,23620.0,23895.0,5569.0
2021-05-26,23760.0,23760.0,23100.0,23120.0,7311.0
2021-05-27,23000.0,23000.0,22400.0,22445.0,9478.0
2021-05-28,22425.0,23395.0,22425.0,22485.0,6879.0
2021-05-31,22410.0,22695.0,22035.0,22245.0,8927.0
2021-06-01,22360.0,22520.0,22000.0,22025.0,7739.0
2021-06-02,21980.0,22190.0,21435.0,21525.0,10779.0
2021-06-03,21500.0,21500.0,20170.0,20640.0,21082.0
2021-06-04,20500.0,20500.0,19830.0,19870.0,20899.0
2021-06-07,19670.0,20355.0,19310.0,20025.0,28848.0
2021-06-08,20200.0,20395.0,19735.0,19770.0,17528.0
2021-06-09,19620.0,20670.0,19555.0,20215.0,33626.0
2021-06-10,20050.0,20440.0,19860.0,19935.0,16475.0
2021-06-11,19930.0,20150.0,19730.0,19795.0,12721.0
2021-06-15,19310.0,19495.0,18550.0,18810.0,23417.0
2021-06-16,18810.0,19270.0,18800.0,18970.0,18612.0
2021-06-17,18890.0,19150.0,18400.0,18465.0,22702.0
2021-06-18,18200.0,18415.0,17600.0,17600.0,30579.0
2021-06-21,17400.0,17490.0,16710.0,16735.0,39100.0
2021-06-22,16690.0,17280.0,16675.0,17040.0,45223.0
2021-06-23,17100.0,18165.0,17100.0,18160.0,52537.0
2021-06-24,18200.0,18350.0,17665.0,17840.0,43509.0
2021-06-25,17980.0,18940.0,17980.0,18925.0,46490.0
2021-06-28,19600.0,19800.0,18620.0,18925.0,54502.0
2021-06-29,18820.0,19285.0,18820.0,19240.0,28665.0
2021-06-30,19200.0,19480.0,19065.0,19370.0,24653.0
2021-07-01,19480.0,19615.0,18730.0,18890.0,34774.0
2021-07-02,18980.0,18980.0,18435.0,18580.0,29355.0
2021-07-05,18800.0,19105.0,18620.0,18745.0,24291.0
2021-07-06,18800.0,19045.0,18740.0,18985.0,15725.0
2021-07-07,18900.0,19100.0,18340.0,18625.0,24967.0
2021-07-08,18700.0,18950.0,18510.0,18865.0,17375.0
2021-07-09,19000.0,19200.0,18850.0,19165.0,13633.0
2021-07-12,19000.0,19000.0,18730.0,18760.0,16953.0
2021-07-13,18760.0,18825.0,18210.0,18270.0,20575.0
2021-07-14,18260.0,18385.0,17905.0,18210.0,23843.0
2021-07-15,18080.0,18275.0,17955.0,18120.0,13268.0
2021-07-16,18125.0,18480.0,18075.0,18400.0,12550.0
2021-07-19,18500.0,18895.0,18450.0,18785.0,16763.0
2021-07-20,18750.0,19070.0,18700.0,18840.0,16878.0
2021-07-21,18950.0,19050.0,18600.0,18740.0,12822.0
2021-07-22,18700.0,18700.0,18375.0,18375.0,11220.0
2021-07-23,18300.0,18485.0,18050.0,18295.0,13679.0
2021-07-26,18500.0,18600.0,18200.0,18460.0,13812.0
2021-07-27,18385.0,18520.0,18310.0,18390.0,7748.0
2021-07-28,18520.0,18520.0,18335.0,18430.0,5817.0
2021-07-29,18500.0,18750.0,18445.0,18600.0,10964.0
2021-07-30,18645.0,18900.0,18645.0,18765.0,11740.0
2021-08-02,18585.0,18600.0,17855.0,18160.0,14252.0
2021-08-03,18050.0,18255.0,17705.0,17785.0,16705.0
2021-08-04,17785.0,18030.0,17435.0,17440.0,18174.0
2021-08-05,17400.0,17520.0,17215.0,17400.0,12444.0
2021-08-06,17260.0,17600.0,17260.0,17550.0,11942.0
2021-08-09,17700.0,17930.0,17325.0,17365.0,10498.0
2021-08-10,17320.0,17450.0,17005.0,17025.0,11634.0
2021-08-11,16990.0,17150.0,16830.0,17085.0,11446.0
2021-08-12,17000.0,17195.0,16870.0,17055.0,11215.0
2021-08-13,17000.0,17080.0,16680.0,16720.0,10536.0
2021-08-16,16800.0,16880.0,16140.0,16160.0,14652.0
2021-08-17,16160.0,16260.0,15955.0,16075.0,12037.0
2021-08-18,16035.0,16225.0,15965.0,15995.0,7158.0
2021-08-19,17600.0,17600.0,17260.0,17360.0,16224.0
2021-08-20,17370.0,17945.0,17310.0,17775.0,21655.0
2021-08-23,17500.0,17580.0,16955.0,17000.0,23213.0
2021-08-24,17000.0,17055.0,16740.0,16895.0,20776.0
2021-08-25,16895.0,17065.0,16800.0,16985.0,18470.0
2021-08-26,16940.0,17250.0,16940.0,17140.0,16540.0
2021-08-27,17150.0,17250.0,17005.0,17175.0,11253.0
2021-08-30,17080.0,17080.0,16415.0,16430.0,24239.0
2021-08-31,16645.0,16940.0,16620.0,16760.0,21123.0
2021-09-01,16800.0,16900.0,16300.0,16565.0,24091.0
2021-09-02,16540.0,16675.0,16040.0,16085.0,22475.0
2021-09-03,16045.0,16300.0,15880.0,16090.0,28409.0
2021-09-06,16050.0,16180.0,15770.0,15965.0,18856.0
2021-09-07,16040.0,16160.0,15850.0,15910.0,14975.0
2021-09-08,15900.0,15980.0,15575.0,15585.0,17573.0
2021-09-09,15500.0,15500.0,14955.0,14995.0,29225.0
2021-09-10,14875.0,15245.0,14765.0,15070.0,35404.0
2021-09-13,15055.0,15055.0,14550.0,14575.0,33234.0
2021-09-14,14640.0,14695.0,14365.0,14385.0,31162.0
2021-09-15,14335.0,14480.0,14105.0,14110.0,28111.0
2021-09-16,14145.0,14845.0,13760.0,14580.0,74558.0
2021-09-17,14545.0,14750.0,14135.0,14175.0,46989.0
2021-09-22,13900.0,14060.0,13530.0,13685.0,34169.0
2021-09-23,13675.0,13870.0,13450.0,13600.0,41480.0
2021-09-24,13500.0,13785.0,13365.0,13670.0,43102.0
2021-09-27,13580.0,14400.0,13540.0,14360.0,57405.0
2021-09-28,14380.0,14565.0,13900.0,13920.0,48486.0
2021-09-29,13920.0,14100.0,13660.0,13870.0,40181.0
2021-09-30,13810.0,14125.0,13725.0,13880.0,33212.0
2021-10-08,14005.0,14335.0,13920.0,14225.0,38822.0
2021-10-11,14500.0,15285.0,14375.0,15285.0,58764.0
2021-10-12,15500.0,15780.0,15030.0,15290.0,69982.0
2021-10-13,15600.0,15970.0,14845.0,15410.0,72731.0
2021-10-14,15400.0,15480.0,14680.0,14685.0,48572.0
2021-10-15,14700.0,15230.0,14685.0,15175.0,44197.0
2021-10-18,15990.0,16220.0,15590.0,15845.0,50306.0
2021-10-19,15835.0,16455.0,15600.0,16375.0,50320.0
2021-10-20,16350.0,16600.0,15695.0,16225.0,45295.0
2021-10-21,16150.0,16480.0,15700.0,15815.0,49304.0
2021-10-22,15820.0,16350.0,15820.0,16325.0,43887.0
2021-10-25,17460.0,17470.0,16860.0,17185.0,69415.0
2021-10-26,17015.0,17330.0,16800.0,17320.0,37390.0
2021-10-27,17320.0,17620.0,17010.0,17495.0,43558.0
2021-10-28,17495.0,17670.0,16895.0,17385.0,51569.0
2021-10-29,17405.0,17530.0,16675.0,16705.0,51114.0
2021-11-01,16880.0,16885.0,15850.0,15885.0,47734.0
2021-11-02,15880.0,16320.0,15610.0,16205.0,50577.0
2021-11-03,16200.0,16450.0,16100.0,16245.0,36497.0
2021-11-04,16315.0,16750.0,16010.0,16705.0,40277.0
2021-11-05,16715.0,16830.0,16410.0,16675.0,37604.0
2021-11-08,16760.0,17020.0,16165.0,16245.0,39676.0
2021-11-09,16300.0,16385.0,15910.0,16155.0,34026.0
2021-11-10,16150.0,16320.0,15940.0,16200.0,26583.0
2021-11-11,16230.0,16230.0,15900.0,15915.0,24250.0
2021-11-12,15860.0,16255.0,15760.0,16250.0,30026.0
2021-11-15,16500.0,16830.0,16440.0,16725.0,31345.0
2021-11-16,16730.0,16850.0,16240.0,16280.0,30581.0
2021-11-17,16205.0,16300.0,16050.0,16095.0,21230.0
2021-11-18,16085.0,16300.0,16030.0,16240.0,18355.0
2021-11-19,16240.0,16490.0,16205.0,16490.0,17521.0
2021-11-22,16600.0,16625.0,16155.0,16200.0,23242.0
2021-11-23,16220.0,16450.0,16205.0,16315.0,17576.0
2021-11-24,16390.0,16570.0,16360.0,16560.0,18666.0
2021-11-25,16605.0,16850.0,16560.0,16820.0,22494.0
2021-11-26,16825.0,16950.0,16580.0,16725.0,20809.0
2021-11-29,16400.0,16400.0,16050.0,16080.0,28993.0
2021-11-30,16000.0,16255.0,15890.0,16105.0,18912.0
2021-12-01,16195.0,16320.0,16105.0,16215.0,12229.0
2021-12-02,16190.0,16190.0,15650.0,15685.0,21062.0
2021-12-03,15695.0,15840.0,15390.0,15455.0,19387.0
2021-12-06,15440.0,15590.0,15115.0,15220.0,21534.0
2021-12-07,15195.0,15340.0,14895.0,14965.0,18745.0
2021-12-08,14965.0,15040.0,14560.0,14680.0,18608.0
2021-12-09,14680.0,14960.0,14565.0,14775.0,17800.0
2021-12-10,14775.0,14950.0,14585.0,14870.0,17536.0
2021-12-13,14090.0,14475.0,13925.0,14410.0,23575.0
2021-12-14,14350.0,14550.0,14190.0,14260.0,20307.0
2021-12-15,14300.0,14420.0,14225.0,14300.0,14225.0
2021-12-16,14395.0,14450.0,14300.0,14350.0,12449.0
2021-12-17,14340.0,14480.0,14015.0,14190.0,21390.0
2021-12-20,14150.0,14215.0,14045.0,14045.0,14486.0
2021-12-21,14000.0,14320.0,13920.0,14220.0,16932.0
2021-12-22,14250.0,14300.0,14050.0,14075.0,11639.0
2021-12-23,14100.0,14520.0,14070.0,14500.0,24112.0
2021-12-24,14550.0,14760.0,14440.0,14580.0,24574.0
2021-12-27,14620.0,14860.0,14460.0,14490.0,22492.0
2021-12-28,14550.0,14675.0,14350.0,14605.0,20389.0
2021-12-29,14650.0,14660.0,14495.0,14535.0,9845.0
2021-12-30,14535.0,14600.0,14380.0,14445.0,15559.0
2021-12-31,14450.0,14555.0,14350.0,14450.0,12474.0
2022-01-04,14320.0,14425.0,14140.0,14165.0,18689.0
2022-01-05,14165.0,14360.0,14120.0,14245.0,18262.0
2022-01-06,14250.0,14310.0,14050.0,14075.0,16827.0
2022-01-07,14150.0,14180.0,13850.0,13915.0,18113.0
2022-01-10,13670.0,13785.0,13400.0,13510.0,28893.0
2022-01-11,13480.0,13740.0,13425.0,13665.0,20745.0
2022-01-12,13690.0,13900.0,13680.0,13755.0,21571.0
2022-01-13,13760.0,13845.0,13660.0,13710.0,14680.0
2022-01-14,13660.0,13870.0,13580.0,13760.0,14417.0
2022-01-17,13785.0,13975.0,13735.0,13790.0,16885.0
2022-01-18,13790.0,13955.0,13790.0,13890.0,14932.0
2022-01-19,13910.0,14045.0,13760.0,13785.0,14920.0
2022-01-20,13885.0,13935.0,13775.0,13830.0,12422.0
2022-01-21,13920.0,13965.0,13810.0,13850.0,12686.0
2022-01-24,13750.0,13750.0,13500.0,13505.0,21981.0
2022-01-25,13515.0,13600.0,13460.0,13535.0,13054.0
2022-01-26,13500.0,13585.0,13410.0,13465.0,11706.0
2022-01-27,13485.0,13565.0,13205.0,13240.0,18704.0
2022-01-28,13295.0,13500.0,13240.0,13425.0,17207.0
2022-02-07,13500.0,13950.0,13335.0,13705.0,17560.0
2022-02-08,14700.0,14965.0,14530.0,14790.0,26239.0
2022-02-09,14760.0,14885.0,14560.0,14575.0,24518.0
2022-02-10,14575.0,14700.0,14370.0,14630.0,27590.0
2022-02-11,14575.0,14850.0,14505.0,14715.0,28195.0
2022-02-14,14700.0,14805.0,14400.0,14485.0,20949.0
2022-02-15,14430.0,14485.0,14155.0,14175.0,28734.0
2022-02-16,14175.0,14425.0,14115.0,14355.0,21485.0
2022-02-17,14380.0,14480.0,14290.0,14340.0,18614.0
2022-02-18,14365.0,14400.0,14165.0,14190.0,20468.0
2022-02-21,14210.0,14320.0,13925.0,13950.0,23861.0
2022-02-22,13965.0,14015.0,13780.0,13835.0,28584.0
2022-02-23,13835.0,14115.0,13835.0,13950.0,25383.0
2022-02-24,13950.0,14200.0,13885.0,14195.0,27066.0
2022-02-25,14150.0,14330.0,14080.0,14260.0,24518.0
2022-02-28,14300.0,14500.0,14180.0,14275.0,25939.0
2022-03-01,14350.0,14450.0,14040.0,14080.0,28428.0
2022-03-02,14150.0,14285.0,14085.0,14135.0,22511.0
2022-03-03,14180.0,14185.0,13860.0,13870.0,25758.0
2022-03-04,13880.0,14000.0,13790.0,13890.0,22408.0
2022-03-07,13795.0,13795.0,13375.0,13385.0,35747.0
2022-03-08,13530.0,13545.0,13210.0,13290.0,31406.0
2022-03-09,13315.0,13580.0,13295.0,13420.0,30923.0
2022-03-10,13430.0,13620.0,13310.0,13320.0,33698.0
2022-03-11,13295.0,13390.0,13080.0,13130.0,33532.0
2022-03-14,13010.0,13110.0,12810.0,12840.0,30182.0
2022-03-15,12815.0,12960.0,12720.0,12810.0,31237.0
2022-03-16,12810.0,12910.0,12595.0,12625.0,30118.0
2022-03-17,12600.0,12660.0,12530.0,12630.0,22007.0
2022-03-18,12620.0,12830.0,12590.0,12650.0,31340.0
2022-03-21,12750.0,13170.0,12720.0,13115.0,40824.0
2022-03-22,13200.0,13235.0,12900.0,12935.0,35765.0
2022-03-23,12950.0,13010.0,12800.0,12805.0,25398.0
2022-03-24,12820.0,12945.0,12760.0,12850.0,23774.0
2022-03-25,12880.0,12935.0,12625.0,12705.0,28669.0
2022-03-28,12670.0,12730.0,12565.0,12645.0,21362.0
2022-03-29,12690.0,13060.0,12680.0,12990.0,41956.0
2022-03-30,13060.0,13060.0,12820.0,12895.0,27941.0
2022-03-31,12900.0,13160.0,12880.0,13005.0,33965.0
2022-04-01,13100.0,13200.0,12750.0,12955.0,28988.0
2022-04-06,12955.0,13000.0,12705.0,12745.0,16908.0
2022-04-07,12740.0,12825.0,12645.0,12775.0,14456.0
2022-04-08,12750.0,12850.0,12615.0,12675.0,15513.0
2022-04-11,12650.0,12750.0,12360.0,12525.0,19852.0
2022-04-12,12540.0,12780.0,12540.0,12695.0,17876.0
2022-04-13,12750.0,12790.0,12635.0,12750.0,12932.0
2022-04-14,12800.0,12850.0,12615.0,12695.0,12157.0
2022-04-15,12700.0,12765.0,12630.0,12660.0,13153.0
2022-04-18,12900.0,13580.0,12900.0,13400.0,29707.0
2022-04-19,18000.0,18320.0,17920.0,18030.0,39349.0
2022-04-20,18100.0,18440.0,17750.0,17855.0,41929.0
2022-04-21,17750.0,18080.0,17650.0,17800.0,27425.0
2022-04-22,17730.0,18080.0,17605.0,18030.0,30225.0
2022-04-25,18500.0,18680.0,18195.0,18430.0,35802.0
2022-04-26,18460.0,18475.0,18135.0,18330.0,22579.0
2022-04-27,18290.0,18650.0,18205.0,18575.0,26951.0
2022-04-28,18575.0,18615.0,18245.0,18420.0,25392.0
2022-04-29,18390.0,18700.0,18280.0,18555.0,26503.0
2022-05-05,18390.0,18625.0,18200.0,18395.0,25392.0
2022-05-06,18370.0,18495.0,18270.0,18485.0,15400.0
2022-05-09,18715.0,19240.0,18715.0,19155.0,38583.0
2022-05-10,19100.0,19135.0,18820.0,18955.0,24869.0
2022-05-11,18955.0,19380.0,18950.0,19320.0,25027.0
2022-05-12,19380.0,19480.0,19215.0,19335.0,21104.0
2022-05-13,19355.0,19795.0,19350.0,19720.0,27789.0
2022-05-16,19725.0,19850.0,19600.0,19790.0,19728.0
2022-05-17,19800.0,19915.0,18780.0,18820.0,56378.0
2022-05-18,18970.0,19135.0,18720.0,18980.0,29728.0
2022-05-19,19000.0,19280.0,18840.0,19065.0,26289.0
2022-05-20,19000.0,19180.0,18910.0,19065.0,16988.0
2022-05-23,19100.0,19280.0,19050.0,19095.0,15016.0
2022-05-24,19100.0,19165.0,18800.0,19065.0,18736.0
2022-05-25,19145.0,19235.0,19050.0,19125.0,12413.0
2022-05-26,19065.0,19130.0,18550.0,18670.0,22168.0
2022-05-27,18675.0,18825.0,18530.0,18735.0,19682.0
2022-05-30,18730.0,18945.0,18450.0,18875.0,21524.0
2022-05-31,18875.0,19100.0,18740.0,19080.0,21343.0
2022-06-01,19050.0,19085.0,18860.0,18950.0,12910.0
2022-06-02,18950.0,19080.0,18760.0,19020.0,16737.0
2022-06-06,19000.0,19335.0,18960.0,19250.0,17749.0
2022-06-07,19250.0,19300.0,18600.0,18695.0,24723.0
2022-06-08,18700.0,18855.0,18605.0,18700.0,17178.0
2022-06-09,18680.0,18825.0,18640.0,18725.0,11583.0
2022-06-10,18735.0,18795.0,18460.0,18700.0,21063.0
2022-06-13,19010.0,19300.0,19000.0,19195.0,28731.0
2022-06-14,19205.0,19465.0,19060.0,19425.0,22965.0
2022-06-15,19355.0,19500.0,19270.0,19390.0,16640.0
2022-06-16,19365.0,19390.0,19230.0,19330.0,12897.0
2022-06-17,19295.0,19650.0,19230.0,19585.0,22034.0
2022-06-20,19635.0,19835.0,19565.0,19760.0,20194.0
2022-06-21,19835.0,19970.0,19600.0,19725.0,19883.0
2022-06-22,19790.0,19955.0,19215.0,19370.0,33795.0
2022-06-23,19395.0,19850.0,19260.0,19770.0,24482.0
2022-06-24,19740.0,19795.0,19585.0,19675.0,16438.0
2022-06-27,19985.0,20845.0,19960.0,20650.0,40984.0
2022-06-28,20800.0,20970.0,20460.0,20515.0,31596.0
2022-06-29,20700.0,20780.0,20405.0,20660.0,23235.0
2022-06-30,20710.0,20950.0,20630.0,20830.0,18040.0
2022-07-01,20830.0,21380.0,20570.0,21375.0,33971.0
2022-07-04,21870.0,22755.0,21590.0,22695.0,71428.0
2022-07-05,22355.0,22680.0,21900.0,22215.0,52926.0
2022-07-06,21650.0,21860.0,20970.0,21220.0,59946.0
2022-07-07,21120.0,22135.0,21090.0,21995.0,47475.0
2022-07-08,22095.0,22995.0,22085.0,22940.0,52806.0
2022-07-11,22500.0,22860.0,21880.0,22705.0,52054.0
2022-07-12,22800.0,23290.0,22380.0,22665.0,47780.0
2022-07-13,22500.0,22915.0,22280.0,22685.0,30919.0
2022-07-14,22600.0,22785.0,22085.0,22300.0,40700.0
2022-07-15,22180.0,22180.0,21100.0,21160.0,42130.0
2022-07-18,21500.0,21815.0,21290.0,21715.0,30344.0
2022-07-19,21780.0,21890.0,21310.0,21550.0,22490.0
2022-07-20,21500.0,21500.0,20850.0,21105.0,31306.0
2022-07-21,21000.0,21160.0,20505.0,20555.0,28113.0
2022-07-22,20600.0,20990.0,20510.0,20970.0,23839.0
2022-07-25,20500.0,20500.0,20130.0,20200.0,24642.0
2022-07-26,20030.0,20550.0,19965.0,20270.0,20372.0
2022-07-27,20140.0,20755.0,20025.0,20685.0,21752.0
2022-07-28,20655.0,21215.0,20655.0,20925.0,22559.0
2022-07-29,21035.0,21390.0,20740.0,21000.0,20578.0
2022-08-01,21000.0,21220.0,20660.0,20810.0,17184.0
2022-08-02,20750.0,20970.0,20600.0,20810.0,11810.0
2022-08-03,20660.0,20785.0,20420.0,20530.0,11549.0
2022-08-04,20495.0,20595.0,20320.0,20505.0,8944.0
2022-08-05,20555.0,20685.0,20385.0,20480.0,7431.0
2022-08-08,22270.0,22450.0,21800.0,21800.0,20614.0
2022-08-09,21820.0,22140.0,21420.0,21950.0,22221.0
2022-08-10,21915.0,21915.0,21605.0,21745.0,11515.0
2022-08-11,21745.0,21955.0,21635.0,21730.0,11245.0
2022-08-12,21655.0,21890.0,21555.0,21790.0,12116.0
2022-08-15,21705.0,22370.0,21705.0,22235.0,18927.0
2022-08-16,22300.0,22660.0,22155.0,22565.0,18246.0
2022-08-17,22600.0,22750.0,22450.0,22515.0,16102.0
2022-08-18,22590.0,22685.0,22400.0,22555.0,10597.0
2022-08-19,22500.0,22880.0,22435.0,22785.0,17709.0
2022-08-22,22980.0,23350.0,22835.0,23305.0,22504.0
2022-08-23,23360.0,23500.0,23210.0,23360.0,16787.0
2022-08-24,23330.0,23480.0,23110.0,23265.0,16941.0
2022-08-25,23290.0,23720.0,23230.0,23710.0,19689.0
2022-08-26,23700.0,23810.0,23530.0,23810.0,15012.0
2022-08-29,23825.0,23970.0,22805.0,23590.0,28365.0
2022-08-30,23450.0,23600.0,23305.0,23585.0,17570.0
2022-08-31,23585.0,23660.0,23330.0,23340.0,15043.0
2022-09-01,23355.0,23490.0,23120.0,23285.0,16467.0
2022-09-02,23200.0,23360.0,22880.0,23025.0,19790.0
2022-09-05,23270.0,23645.0,23150.0,23380.0,20580.0
2022-09-06,23380.0,23475.0,23020.0,23030.0,14723.0
2022-09-07,23000.0,23375.0,22645.0,23350.0,20753.0
2022-09-08,23360.0,23395.0,22930.0,22940.0,16022.0
2022-09-09,23000.0,23150.0,22890.0,23090.0,12792.0
2022-09-13,23305.0,23540.0,23200.0,23315.0,16636.0
2022-09-14,23275.0,23475.0,23240.0,23370.0,10542.0
2022-09-15,23400.0,23440.0,23080.0,23290.0,14373.0
2022-09-16,23290.0,23580.0,23280.0,23395.0,19720.0
2022-09-19,23535.0,23620.0,23300.0,23400.0,14354.0
2022-09-20,23385.0,23450.0,22715.0,22745.0,25298.0
2022-09-21,22745.0,22910.0,22520.0,22625.0,17523.0
2022-09-22,22650.0,22855.0,22160.0,22165.0,23115.0
2022-09-23,22195.0,22380.0,22015.0,22305.0,21480.0
2022-09-26,22220.0,22250.0,21635.0,21795.0,20144.0
2022-09-27,21820.0,22445.0,21670.0,22410.0,22419.0
2022-09-28,22420.0,22480.0,22135.0,22400.0,14569.0
2022-09-29,22495.0,22500.0,22175.0,22350.0,11696.0
2022-09-30,22340.0,22620.0,22220.0,22590.0,14017.0
2022-10-10,23650.0,23950.0,23275.0,23765.0,28955.0
2022-10-11,23800.0,23835.0,23460.0,23785.0,18219.0
2022-10-12,23820.0,24150.0,23750.0,23935.0,25980.0
2022-10-13,24050.0,24060.0,23820.0,23975.0,11228.0
2022-10-14,24100.0,24300.0,23555.0,23880.0,24427.0
2022-10-17,23430.0,23830.0,23350.0,23780.0,21206.0
2022-10-18,23830.0,24050.0,23730.0,24045.0,17945.0
2022-10-19,24000.0,24020.0,23550.0,23590.0,23023.0
2022-10-20,23480.0,23680.0,23125.0,23350.0,20544.0
2022-10-21,23320.0,23500.0,23200.0,23435.0,14810.0
2022-10-24,23105.0,23205.0,22505.0,22520.0,27906.0
2022-10-25,22500.0,22995.0,22420.0,22980.0,23226.0
2022-10-26,22800.0,22895.0,22390.0,22410.0,22316.0
2022-10-27,22550.0,22625.0,22180.0,22370.0,18421.0
2022-10-28,22290.0,22330.0,21810.0,21910.0,22796.0
2022-10-31,22230.0,22460.0,21640.0,21870.0,30556.0
2022-11-01,21800.0,22000.0,21430.0,21655.0,26586.0
2022-11-02,21655.0,22340.0,21530.0,22290.0,26772.0
2022-11-03,22250.0,22270.0,21825.0,21975.0,19291.0
2022-11-04,21975.0,22495.0,21955.0,22200.0,25159.0
2022-11-07,22090.0,22300.0,21910.0,22275.0,15959.0
2022-11-08,22230.0,22230.0,21500.0,21500.0,29194.0
2022-11-09,21300.0,21420.0,21125.0,21215.0,26610.0
2022-11-10,21500.0,21680.0,21025.0,21155.0,23797.0
2022-11-11,21240.0,21670.0,21180.0,21540.0,25323.0
2022-11-14,21710.0,21740.0,21360.0,21590.0,19229.0
2022-11-15,21545.0,21800.0,21425.0,21790.0,17978.0
2022-11-16,21710.0,21790.0,21400.0,21755.0,24175.0
2022-11-17,21790.0,21900.0,21500.0,21605.0,16547.0
2022-11-18,21500.0,21720.0,21300.0,21365.0,16168.0
2022-11-21,21150.0,21270.0,20805.0,20900.0,21319.0
2022-11-22,20915.0,21055.0,20765.0,20895.0,14601.0
2022-11-23,20590.0,20675.0,20150.0,20195.0,29270.0
2022-11-24,20150.0,20395.0,20055.0,20305.0,21231.0
2022-11-25,20440.0,20485.0,20150.0,20305.0,18781.0
2022-11-28,20455.0,20770.0,20360.0,20645.0,23200.0
2022-11-29,20700.0,20740.0,20360.0,20515.0,16068.0
2022-11-30,20490.0,20570.0,20405.0,20485.0,10792.0
2022-12-01,20450.0,20845.0,20425.0,20795.0,16393.0
2022-12-02,20775.0,21435.0,20720.0,21365.0,21665.0
2022-12-05,21005.0,21260.0,20855.0,21055.0,17595.0
2022-12-06,20900.0,21065.0,20835.0,20990.0,10551.0
2022-12-07,20900.0,20900.0,20130.0,20155.0,23716.0
2022-12-08,19890.0,19900.0,19130.0,19160.0,27137.0
2022-12-09,19355.0,19470.0,18865.0,19000.0,25150.0
2022-12-12,17650.0,18155.0,17650.0,17895.0,26357.0
2022-12-13,18200.0,18300.0,17530.0,17745.0,23949.0
2022-12-14,17600.0,17905.0,17600.0,17860.0,12017.0
2022-12-15,16590.0,16775.0,16360.0,16640.0,20620.0
2022-12-16,16500.0,16545.0,15830.0,15895.0,34087.0
2022-12-19,15800.0,15980.0,15410.0,15470.0,35027.0
2022-12-20,15355.0,15880.0,15355.0,15735.0,32585.0
2022-12-21,15740.0,16055.0,15520.0,16000.0,35488.0
2022-12-22,16050.0,16470.0,15825.0,16420.0,35820.0
2022-12-23,16290.0,16430.0,15850.0,15900.0,34899.0
2022-12-26,16575.0,17000.0,16515.0,16930.0,41854.0
2022-12-27,16760.0,16885.0,16635.0,16810.0,27773.0
2022-12-28,16650.0,16910.0,16600.0,16765.0,19365.0
2022-12-29,16705.0,16720.0,16225.0,16300.0,28783.0
2022-12-30,16000.0,16365.0,15830.0,16145.0,23524.0
2023-01-03,15390.0,15815.0,15385.0,15615.0,27889.0
2023-01-04,15620.0,15850.0,15560.0,15720.0,21770.0
2023-01-05,15600.0,16045.0,15600.0,15890.0,24073.0
2023-01-06,15950.0,15980.0,15565.0,15780.0,24816.0
2023-01-09,15780.0,16065.0,15580.0,15760.0,21156.0
2023-01-10,15700.0,15850.0,15365.0,15400.0,25853.0
2023-01-11,15210.0,15400.0,14830.0,14870.0,37237.0
2023-01-12,14835.0,14995.0,14735.0,14795.0,27067.0
2023-01-13,14850.0,15115.0,14775.0,14820.0,27544.0
2023-01-16,15065.0,15250.0,15010.0,15180.0,26233.0
2023-01-17,15140.0,15285.0,14905.0,14975.0,24833.0
2023-01-18,15045.0,15115.0,14965.0,15050.0,17156.0
2023-01-19,15190.0,15190.0,14830.0,14970.0,18152.0
2023-01-20,14975.0,15395.0,14960.0,15255.0,25525.0
2023-01-30,14500.0,14650.0,14270.0,14415.0,28863.0
2023-01-31,14400.0,14600.0,14365.0,14555.0,23359.0
2023-02-01,14580.0,14670.0,14400.0,14495.0,15111.0
2023-02-02,14495.0,14655.0,14415.0,14460.0,17394.0
2023-02-03,14405.0,14415.0,14035.0,14070.0,21184.0
2023-02-06,14300.0,14600.0,14170.0,14540.0,23963.0
2023-02-07,14510.0,14635.0,14430.0,14450.0,16434.0
2023-02-08,14385.0,14505.0,14275.0,14325.0,12880.0
2023-02-09,14325.0,14520.0,14225.0,14420.0,14689.0
2023-02-10,14440.0,14545.0,14265.0,14385.0,13721.0
2023-02-13,16680.0,17000.0,16620.0,16980.0,25238.0
2023-02-14,16980.0,17095.0,16820.0,16880.0,19147.0
2023-02-15,17000.0,17030.0,16840.0,16975.0,13917.0
2023-02-16,16920.0,17245.0,16900.0,17215.0,20038.0
2023-02-17,17195.0,17515.0,17130.0,17510.0,25799.0
2023-02-20,17600.0,17605.0,17150.0,17275.0,23864.0
2023-02-21,17275.0,17525.0,17240.0,17510.0,16596.0
2023-02-22,17510.0,17840.0,17505.0,17680.0,20325.0
2023-02-23,17690.0,17740.0,17365.0,17465.0,17923.0
2023-02-24,17480.0,17595.0,17380.0,17540.0,16395.0
2023-02-27,17500.0,17560.0,17025.0,17105.0,28801.0
2023-02-28,17150.0,17330.0,16950.0,17255.0,22767.0
2023-03-01,17210.0,17350.0,17075.0,17160.0,20316.0
2023-03-02,17105.0,17345.0,17055.0,17250.0,14547.0
2023-03-03,17150.0,17225.0,16900.0,17030.0,24276.0
2023-03-06,17075.0,17135.0,16750.0,16755.0,26347.0
2023-03-07,16830.0,16895.0,16670.0,16825.0,18619.0
2023-03-08,16800.0,16860.0,16545.0,16625.0,17661.0
2023-03-09,16570.0,16570.0,16255.0,16280.0,21157.0
2023-03-10,16305.0,16420.0,15925.0,15925.0,29549.0
2023-03-13,15650.0,15840.0,15580.0,15735.0,27203.0
2023-03-14,15705.0,16255.0,15705.0,16245.0,29815.0
2023-03-15,16165.0,16300.0,15910.0,16010.0,29888.0
2023-03-16,15995.0,16170.0,15770.0,15980.0,26401.0
2023-03-17,15980.0,16150.0,15930.0,16040.0,17663.0
2023-03-20,16040.0,16125.0,15820.0,15845.0,20953.0
2023-03-21,15790.0,15930.0,15580.0,15895.0,21284.0
2023-03-22,15895.0,16060.0,15780.0,15870.0,19997.0
2023-03-23,15875.0,15975.0,15680.0,15715.0,17536.0
2023-03-24,15725.0,15820.0,15510.0,15720.0,21888.0
2023-03-27,15440.0,15550.0,15360.0,15445.0,21899.0
2023-03-28,15435.0,15590.0,15405.0,15475.0,16609.0
2023-03-29,15440.0,15515.0,15095.0,15180.0,30342.0
2023-03-30,15190.0,15240.0,15060.0,15180.0,20777.0
2023-03-31,15095.0,15220.0,15010.0,15075.0,25581.0
2023-04-03,15120.0,15275.0,14905.0,14940.0,25248.0
2023-04-04,14960.0,15030.0,14865.0,14965.0,14586.0
2023-04-06,14830.0,14915.0,14770.0,14820.0,14099.0
2023-04-07,14865.0,15070.0,14865.0,14965.0,19854.0
2023-04-10,14875.0,14920.0,14675.0,14765.0,17675.0
2023-04-11,14790.0,14880.0,14725.0,14790.0,12563.0
2023-04-12,14750.0,14845.0,14700.0,14760.0,9507.0
2023-04-13,14735.0,14770.0,14555.0,14580.0,15443.0
2023-04-14,15715.0,15850.0,15580.0,15710.0,22557.0
2023-04-17,15650.0,16180.0,15650.0,16130.0,29396.0
2023-04-18,16240.0,16415.0,16100.0,16255.0,27491.0
2023-04-19,16280.0,16725.0,16205.0,16670.0,38057.0
2023-04-20,16650.0,16670.0,16430.0,16560.0,24449.0
2023-04-21,16580.0,16870.0,16580.0,16810.0,31308.0
2023-04-24,17160.0,17250.0,16935.0,17080.0,24867.0
2023-04-25,17075.0,17080.0,16260.0,16345.0,37776.0
2023-04-26,16340.0,16550.0,16120.0,16290.0,35611.0
2023-04-27,16275.0,16465.0,16200.0,16285.0,24934.0
2023-04-28,16375.0,16635.0,16350.0,16520.0,26793.0
2023-05-04,16375.0,16375.0,15870.0,15905.0,30786.0
2023-05-05,15900.0,16275.0,15755.0,16165.0,40338.0
2023-05-08,16055.0,16120.0,15910.0,16060.0,26357.0
2023-05-09,16165.0,16210.0,15960.0,16000.0,21023.0
2023-05-10,15960.0,16035.0,15675.0,15700.0,29740.0
2023-05-11,15700.0,15840.0,15520.0,15580.0,28047.0
2023-05-12,15680.0,15930.0,15635.0,15860.0,33043.0
2023-05-15,15730.0,15880.0,15605.0,15830.0,25414.0
2023-05-16,15760.0,16080.0,15750.0,15860.0,29175.0
2023-05-17,15760.0,15805.0,15555.0,15600.0,25694.0
2023-05-18,15565.0,15735.0,15465.0,15690.0,23582.0
2023-05-19,15745.0,15770.0,15450.0,15470.0,21641.0
2023-05-22,15450.0,15450.0,15130.0,15175.0,24060.0
2023-05-23,15250.0,15390.0,15230.0,15310.0,18753.0
2023-05-24,15495.0,15785.0,15420.0,15745.0,34380.0
2023-05-25,15755.0,15815.0,15515.0,15690.0,28228.0
2023-05-26,15820.0,15850.0,15680.0,15780.0,22559.0
2023-05-29,15580.0,15640.0,15480.0,15570.0,25413.0
2023-05-30,15535.0,15535.0,15200.0,15240.0,25799.0
2023-05-31,15280.0,15395.0,15140.0,15195.0,25363.0
2023-06-01,15190.0,15295.0,15080.0,15215.0,17092.0
2023-06-02,16095.0,16155.0,15850.0,15880.0,30146.0
2023-06-05,16005.0,16080.0,15785.0,15865.0,32089.0
2023-06-06,15950.0,16300.0,15845.0,16175.0,42282.0
2023-06-07,16175.0,16210.0,15915.0,15940.0,27805.0
2023-06-08,15940.0,16095.0,15860.0,15920.0,26440.0
2023-06-09,15930.0,15950.0,15740.0,15905.0,32118.0
2023-06-12,15910.0,16170.0,15850.0,16100.0,35497.0
2023-06-13,16110.0,16340.0,16110.0,16195.0,32846.0
2023-06-14,16230.0,16535.0,16140.0,16445.0,37463.0
2023-06-15,16405.0,16550.0,16315.0,16465.0,32294.0
2023-06-16,16470.0,16660.0,15270.0,15985.0,41741.0
2023-06-19,16120.0,16195.0,15870.0,15910.0,42096.0
2023-06-20,15950.0,15985.0,15810.0,15890.0,25865.0
2023-06-21,15885.0,15970.0,15820.0,15915.0,24384.0
2023-06-26,15660.0,15715.0,15360.0,15480.0,43934.0
2023-06-27,15410.0,15650.0,15410.0,15615.0,34824.0
2023-06-28,15685.0,15685.0,15445.0,15490.0,29374.0
2023-06-29,15525.0,15665.0,15490.0,15555.0,26102.0
2023-06-30,15565.0,15645.0,15450.0,15510.0,32473.0
2023-07-03,15810.0,15890.0,15680.0,15870.0,40371.0
2023-07-04,15970.0,15970.0,15705.0,15750.0,34689.0
2023-07-05,15700.0,15795.0,15650.0,15745.0,21588.0
2023-07-06,15635.0,15700.0,15530.0,15665.0,33891.0
2023-07-07,15630.0,15675.0,15570.0,15580.0,22587.0
2023-07-10,15460.0,15460.0,15205.0,15245.0,39366.0
2023-07-11,15220.0,15305.0,15170.0,15255.0,26794.0
2023-07-12,15265.0,15320.0,15040.0,15075.0,34252.0
2023-07-13,15160.0,15175.0,14880.0,14925.0,36462.0
2023-07-14,14960.0,15080.0,14840.0,14935.0,38286.0
2023-07-17,15055.0,15095.0,14965.0,15015.0,32371.0
2023-07-18,15085.0,15230.0,15070.0,15150.0,34379.0
2023-07-19,15130.0,15275.0,14985.0,15150.0,43704.0
2023-07-20,15200.0,15415.0,15200.0,15340.0,42137.0
2023-07-21,15340.0,15360.0,15130.0,15150.0,33536.0
2023-07-24,15500.0,16000.0,15500.0,15850.0,64381.0
2023-07-25,16005.0,16105.0,15875.0,16040.0,46527.0
2023-07-26,16050.0,16140.0,15880.0,16035.0,39473.0
2023-07-27,15880.0,16415.0,15810.0,16355.0,56233.0
2023-07-28,16300.0,16610.0,16235.0,16520.0,49247.0
2023-07-31,16795.0,17160.0,16665.0,17140.0,62496.0
2023-08-01,17220.0,17235.0,16855.0,16955.0,61706.0
2023-08-02,17200.0,17280.0,16925.0,17055.0,42310.0
2023-08-03,16880.0,17060.0,16800.0,16865.0,31586.0
2023-08-04,17310.0,17550.0,17280.0,17490.0,35833.0
2023-08-07,17440.0,17660.0,17295.0,17500.0,44109.0
2023-08-08,17500.0,17765.0,17400.0,17460.0,45665.0
2023-08-09,17425.0,17610.0,17360.0,17500.0,34135.0
2023-08-10,17400.0,17400.0,17030.0,17075.0,49004.0
2023-08-11,17015.0,17230.0,16985.0,17220.0,34701.0
2023-08-14,17210.0,17380.0,17150.0,17225.0,37778.0
2023-08-15,17260.0,17330.0,17160.0,17245.0,27478.0
2023-08-16,17260.0,17360.0,17025.0,17080.0,38589.0
2023-08-17,17115.0,17175.0,16710.0,16755.0,47216.0
2023-08-18,16800.0,16855.0,16580.0,16655.0,37313.0
2023-08-21,16790.0,17090.0,16725.0,17040.0,45603.0
2023-08-22,17050.0,17075.0,16810.0,16945.0,34622.0
2023-08-23,16945.0,17305.0,16870.0,17275.0,53291.0
2023-08-24,17250.0,17380.0,17180.0,17220.0,43334.0
2023-08-25,17265.0,17490.0,17250.0,17360.0,40605.0
2023-08-28,17350.0,17350.0,16505.0,16985.0,52412.0
2023-08-29,17030.0,17040.0,16685.0,16780.0,38890.0
2023-08-30,16850.0,17040.0,16795.0,16870.0,35468.0
2023-08-31,16910.0,16925.0,16750.0,16845.0,26485.0
2023-09-01,16830.0,16980.0,16790.0,16840.0,37752.0
2023-09-04,16600.0,16860.0,16520.0,16830.0,56227.0
2023-09-05,16815.0,16920.0,16725.0,16845.0,40211.0
2023-09-06,16845.0,16940.0,16680.0,16730.0,38071.0
2023-09-07,16730.0,16820.0,16640.0,16770.0,33227.0
2023-09-08,16720.0,16795.0,16400.0,16420.0,44690.0
2023-09-11,16520.0,16760.0,16490.0,16700.0,36996.0
2023-09-12,16765.0,17110.0,16765.0,17030.0,54335.0
2023-09-13,17030.0,17030.0,16850.0,16950.0,32036.0
2023-09-14,16965.0,17155.0,16930.0,16990.0,35936.0
2023-09-15,17100.0,17295.0,17040.0,17185.0,50881.0
2023-09-18,16895.0,16895.0,16640.0,16740.0,38780.0
2023-09-19,16730.0,16825.0,16630.0,16800.0,31757.0
2023-09-20,16785.0,17045.0,16720.0,17015.0,40303.0
2023-09-21,16980.0,17035.0,16735.0,16750.0,37207.0
2023-09-22,16750.0,16805.0,16635.0,16765.0,28571.0
2023-09-25,16980.0,17000.0,16720.0,16775.0,34399.0
2023-09-26,16815.0,16815.0,16525.0,16615.0,37695.0
2023-09-27,16590.0,16670.0,16420.0,16610.0,32567.0
2023-09-28,16650.0,16725.0,16510.0,16565.0,27882.0
2023-10-09,16010.0,16180.0,15880.0,15945.0,26338.0
2023-10-10,15890.0,15955.0,15510.0,15555.0,30175.0
2023-10-11,15495.0,15675.0,15390.0,15630.0,27226.0
2023-10-12,16610.0,16715.0,16525.0,16680.0,27101.0
2023-10-13,16655.0,16800.0,16540.0,16625.0,28579.0
2023-10-16,16765.0,16900.0,16710.0,16820.0,28548.0
2023-10-17,16770.0,16825.0,16665.0,16765.0,24003.0
2023-10-18,16765.0,16865.0,16530.0,16580.0,37347.0
2023-10-19,16600.0,16650.0,16470.0,16560.0,30435.0
2023-10-20,16550.0,16595.0,16230.0,16245.0,40060.0
2023-10-23,16120.0,16560.0,16110.0,16450.0,51465.0
2023-10-24,16390.0,16425.0,16145.0,16200.0,39162.0
2023-10-25,16090.0,16200.0,15835.0,15880.0,73054.0
2023-10-26,15815.0,16125.0,15805.0,16045.0,57404.0
2023-10-27,15955.0,16080.0,15900.0,16070.0,42558.0
2023-10-30,16025.0,16295.0,16025.0,16275.0,49728.0
2023-10-31,16300.0,16360.0,16165.0,16280.0,41443.0
2023-11-01,16300.0,16380.0,16155.0,16180.0,41502.0
2023-11-02,16100.0,16310.0,16100.0,16255.0,38574.0
2023-11-03,16260.0,16300.0,16110.0,16150.0,39850.0
2023-11-06,16200.0,16225.0,15905.0,16140.0,55757.0
2023-11-07,16015.0,16140.0,15730.0,15765.0,69230.0
2023-11-08,15730.0,15765.0,15580.0,15710.0,53849.0
2023-11-09,15640.0,15695.0,15390.0,15585.0,75826.0
2023-11-10,15600.0,15700.0,15525.0,15600.0,41466.0
2023-11-13,15710.0,15925.0,15680.0,15770.0,52063.0
2023-11-14,15820.0,15900.0,15750.0,15880.0,40706.0
2023-11-15,15910.0,15980.0,15755.0,15815.0,38971.0
2023-11-16,15820.0,15825.0,15665.0,15735.0,39986.0
2023-11-17,15730.0,15730.0,15560.0,15600.0,42233.0
2023-11-20,15850.0,16000.0,15810.0,15895.0,58541.0
2023-11-21,15885.0,15940.0,15805.0,15885.0,36983.0
2023-11-22,15835.0,15845.0,15480.0,15555.0,62876.0
2023-11-23,15545.0,15610.0,15415.0,15450.0,43883.0
2023-11-24,15555.0,15775.0,15310.0,15430.0,83434.0
2023-11-27,15000.0,15115.0,14615.0,14660.0,98363.0
2023-11-28,14705.0,14880.0,14565.0,14840.0,62166.0
2023-11-29,14895.0,14955.0,14755.0,14810.0,52060.0
2023-11-30,14800.0,14910.0,14570.0,14630.0,55706.0
2023-12-01,14515.0,14555.0,14070.0,14160.0,66034.0
2023-12-04,14300.0,14345.0,13810.0,13910.0,57365.0
2023-12-05,13810.0,13820.0,13465.0,13480.0,50415.0
2023-12-06,13405.0,13920.0,13240.0,13720.0,75242.0
2023-12-07,13555.0,13700.0,13430.0,13500.0,41818.0
2023-12-08,13710.0,14485.0,13680.0,14395.0,106484.0
2023-12-11,14400.0,14420.0,14125.0,14215.0,67317.0
2023-12-12,14195.0,14975.0,14195.0,14640.0,168155.0
2023-12-13,14500.0,14705.0,14435.0,14520.0,107835.0
2023-12-14,14520.0,14610.0,14250.0,14335.0,96578.0
2023-12-15,14340.0,14540.0,14280.0,14325.0,86038.0
2023-12-18,14475.0,14520.0,14060.0,14210.0,119550.0
2023-12-19,14285.0,14285.0,13860.0,13870.0,111754.0
2023-12-20,13850.0,14120.0,13815.0,14015.0,93571.0
2023-12-21,14015.0,14180.0,13930.0,14110.0,87703.0
2023-12-22,14115.0,14205.0,13880.0,13985.0,96785.0
2023-12-25,14000.0,14155.0,13805.0,14110.0,76948.0
2023-12-26,14135.0,14335.0,14075.0,14120.0,66829.0
2023-12-27,14100.0,14100.0,13870.0,13930.0,74964.0
2023-12-28,13880.0,13880.0,13685.0,13690.0,83660.0
2023-12-29,13680.0,13770.0,13630.0,13715.0,70155.0
2024-01-02,13585.0,13930.0,13510.0,13830.0,70592.0
2024-01-03,13775.0,13845.0,13670.0,13765.0,52238.0
2024-01-04,13780.0,13945.0,13725.0,13750.0,62594.0
2024-01-05,13800.0,13810.0,13545.0,13580.0,62587.0
2024-01-08,13590.0,13680.0,13460.0,13530.0,57517.0
2024-01-09,13535.0,13740.0,13410.0,13535.0,84498.0
2024-01-10,13480.0,13530.0,13385.0,13445.0,63575.0
2024-01-11,13450.0,13525.0,13375.0,13490.0,54674.0
2024-01-12,13475.0,13590.0,13415.0,13545.0,50968.0
2024-01-15,13600.0,13895.0,13565.0,13845.0,102136.0
2024-01-16,13875.0,13940.0,13740.0,13805.0,64758.0
2024-01-17,13845.0,13860.0,13610.0,13645.0,66767.0
2024-01-18,13685.0,13690.0,13570.0,13645.0,47360.0
2024-01-19,13655.0,13735.0,13615.0,13690.0,44981.0
2024-01-22,13900.0,14000.0,13825.0,13855.0,81679.0
2024-01-23,13835.0,13875.0,13700.0,13810.0,53219.0
2024-01-24,13815.0,13935.0,13815.0,13920.0,48934.0
2024-01-25,14000.0,14195.0,13960.0,14105.0,82851.0
2024-01-26,14110.0,14150.0,13945.0,14055.0,65595.0
2024-01-29,14210.0,14275.0,14050.0,14110.0,53771.0
2024-01-30,14120.0,14140.0,13765.0,13810.0,65580.0
2024-01-31,13945.0,14035.0,13810.0,13915.0,58683.0
2024-02-01,13950.0,14075.0,13885.0,13915.0,48333.0
2024-02-02,13850.0,13850.0,13550.0,13585.0,56529.0
2024-02-05,13700.0,13710.0,13515.0,13575.0,30975.0
2024-02-06,13595.0,13670.0,13555.0,13625.0,22704.0
2024-02-07,13635.0,13660.0,13455.0,13490.0,26785.0
2024-02-08,13500.0,13615.0,13485.0,13490.0,20011.0
2024-02-19,13600.0,13665.0,13365.0,13600.0,20014.0
2024-02-20,14550.0,14655.0,14485.0,14510.0,33891.0
2024-02-21,14465.0,14470.0,14280.0,14365.0,44644.0
2024-02-22,14310.0,14805.0,14310.0,14660.0,64150.0
2024-02-23,14615.0,14740.0,14565.0,14705.0,44177.0
2024-02-26,14660.0,14750.0,14570.0,14635.0,39429.0
2024-02-27,14680.0,14830.0,14650.0,14735.0,46152.0
2024-02-28,14775.0,14870.0,14705.0,14735.0,35061.0
2024-02-29,14705.0,14795.0,14655.0,14740.0,30243.0
2024-03-01,14695.0,14770.0,14605.0,14745.0,44502.0
2024-03-04,14765.0,14825.0,14655.0,14700.0,39445.0
2024-03-05,14705.0,14810.0,14695.0,14765.0,33888.0
2024-03-06,14775.0,15075.0,14715.0,15070.0,85698.0
2024-03-07,15065.0,15130.0,14960.0,15010.0,47923.0
2024-03-08,15015.0,15185.0,14975.0,15125.0,49352.0
2024-03-11,15185.0,15285.0,15105.0,15155.0,46458.0
2024-03-12,15195.0,15340.0,15175.0,15285.0,49272.0
2024-03-13,15250.0,15295.0,15055.0,15130.0,53332.0
2024-03-14,15150.0,15175.0,14960.0,14990.0,42664.0
2024-03-15,15000.0,15180.0,14900.0,15165.0,45827.0
2024-03-18,15135.0,15560.0,15130.0,15495.0,72775.0
2024-03-19,15560.0,15620.0,15445.0,15550.0,48922.0
2024-03-20,15605.0,15650.0,15455.0,15610.0,46389.0
2024-03-21,15650.0,15920.0,15540.0,15555.0,89631.0
2024-03-22,15505.0,15625.0,15460.0,15565.0,51213.0
2024-03-25,15650.0,15805.0,15485.0,15695.0,55392.0
2024-03-26,15765.0,15825.0,15530.0,15565.0,48347.0
2024-03-27,15555.0,15640.0,15275.0,15355.0,56478.0
2024-03-28,15305.0,15355.0,15100.0,15230.0,52754.0
2024-03-29,15230.0,15330.0,15010.0,15030.0,43077.0
2024-04-01,15150.0,15225.0,15035.0,15130.0,30954.0
2024-04-02,15080.0,15135.0,14935.0,15010.0,33430.0
2024-04-03,14985.0,15110.0,14945.0,15070.0,27998.0
2024-04-08,18225.0,18405.0,18115.0,18300.0,47507.0
2024-04-09,18300.0,18635.0,18170.0,18595.0,54417.0
2024-04-10,18500.0,18650.0,18350.0,18445.0,54143.0
2024-04-11,18400.0,18420.0,18060.0,18120.0,61339.0
2024-04-12,18150.0,18185.0,17865.0,17885.0,65854.0
2024-04-15,17890.0,18140.0,17805.0,18060.0,47452.0
2024-04-16,18015.0,18135.0,17540.0,17665.0,64571.0
2024-04-17,17730.0,17870.0,17650.0,17840.0,46455.0
2024-04-18,17810.0,18060.0,17650.0,17965.0,57338.0
2024-04-19,17980.0,18190.0,17860.0,18170.0,49934.0
2024-04-22,18200.0,18345.0,17965.0,17990.0,46375.0
2024-04-23,18005.0,18130.0,17680.0,17735.0,58064.0
2024-04-24,17820.0,17925.0,17665.0,17855.0,41911.0
2024-04-25,17840.0,17875.0,17460.0,17515.0,50748.0
2024-04-26,17455.0,17745.0,17415.0,17670.0,42897.0
2024-04-29,17620.0,17635.0,17280.0,17335.0,45704.0
2024-04-30,17335.0,17455.0,17265.0,17345.0,32010.0
2024-05-06,17300.0,17645.0,17235.0,17615.0,40093.0
2024-05-07,17695.0,17880.0,17605.0,17625.0,52804.0
2024-05-08,17590.0,17830.0,17590.0,17735.0,39933.0
2024-05-09,17780.0,17825.0,17600.0,17770.0,35129.0
2024-05-10,17780.0,18125.0,17505.0,18070.0,84785.0
2024-05-13,17990.0,18245.0,17905.0,18175.0,62910.0
2024-05-14,18175.0,18265.0,18030.0,18120.0,47815.0
2024-05-15,18200.0,18225.0,17930.0,18010.0,46590.0
2024-05-16,18055.0,18110.0,17950.0,18040.0,30165.0
2024-05-17,18100.0,18330.0,18055.0,18255.0,51957.0
2024-05-20,18250.0,18470.0,18105.0,18125.0,60886.0
2024-05-21,18110.0,18315.0,18075.0,18270.0,42639.0
2024-05-22,18300.0,18485.0,18300.0,18450.0,42489.0
2024-05-23,18470.0,18485.0,18100.0,18175.0,53205.0
2024-05-24,18155.0,18310.0,18115.0,18225.0,34332.0
2024-05-27,18305.0,18380.0,18140.0,18175.0,40625.0
2024-05-28,18225.0,18380.0,17850.0,17860.0,85654.0
2024-05-29,17930.0,18020.0,17815.0,17920.0,42548.0
2024-05-30,17980.0,18015.0,17825.0,17905.0,33261.0
2024-05-31,17890.0,18065.0,17760.0,17965.0,40925.0
2024-06-03,18280.0,18700.0,18125.0,18275.0,118268.0
2024-06-04,18305.0,18355.0,18140.0,18180.0,47535.0
2024-06-05,18185.0,18265.0,18055.0,18060.0,45057.0
2024-06-06,18155.0,18195.0,17990.0,18165.0,40720.0
2024-06-07,18210.0,18335.0,17900.0,17960.0,64518.0
2024-06-11,18140.0,18360.0,17925.0,18345.0,65665.0
2024-06-12,18385.0,18505.0,18280.0,18330.0,65823.0
2024-06-13,18210.0,18230.0,17705.0,17820.0,89612.0
2024-06-14,17900.0,17960.0,17795.0,17880.0,45733.0
2024-06-17,17880.0,17880.0,17610.0,17645.0,48006.0
2024-06-18,17625.0,17695.0,17515.0,17545.0,38474.0
2024-06-19,17580.0,17680.0,17515.0,17640.0,34071.0
2024-06-20,17630.0,17765.0,17520.0,17565.0,51834.0
2024-06-21,17540.0,17615.0,17420.0,17475.0,37106.0
2024-06-24,17300.0,17480.0,17210.0,17400.0,45330.0
2024-06-25,17495.0,17510.0,17185.0,17250.0,48255.0
2024-06-26,17285.0,17610.0,17250.0,17580.0,52169.0
2024-06-27,17580.0,17670.0,17480.0,17615.0,44130.0
2024-06-28,17630.0,17710.0,17565.0,17620.0,33844.0
2024-07-01,17560.0,17750.0,17520.0,17695.0,35825.0
2024-07-02,17660.0,17860.0,17660.0,17790.0,34104.0
2024-07-03,17795.0,17885.0,17675.0,17870.0,37841.0
2024-07-04,17860.0,17965.0,17830.0,17855.0,31647.0
2024-07-05,17855.0,17925.0,17740.0,17845.0,32197.0
2024-07-08,17980.0,18125.0,17880.0,17935.0,49936.0
2024-07-09,17930.0,18085.0,17815.0,18075.0,38645.0
2024-07-10,18010.0,18030.0,17505.0,17510.0,60992.0
2024-07-11,17580.0,17900.0,17530.0,17845.0,44224.0
2024-07-12,17900.0,17935.0,17685.0,17835.0,37230.0
2024-07-15,18015.0,18450.0,18010.0,18245.0,56556.0
2024-07-16,18245.0,18320.0,18175.0,18225.0,30636.0
2024-07-17,18200.0,18295.0,18135.0,18240.0,30877.0
2024-07-18,18200.0,18420.0,18180.0,18335.0,33269.0
2024-07-19,18395.0,18435.0,18260.0,18395.0,25935.0
2024-07-22,18395.0,18730.0,18310.0,18670.0,51805.0
2024-07-23,18640.0,18775.0,18580.0,18685.0,36436.0
2024-07-24,18650.0,18810.0,18605.0,18680.0,32306.0
2024-07-25,18645.0,18660.0,18455.0,18585.0,41536.0
2024-07-26,18600.0,18600.0,18235.0,18310.0,46062.0
2024-07-29,18385.0,18560.0,18280.0,18505.0,31911.0
2024-07-30,18540.0,18640.0,18415.0,18525.0,31979.0
2024-07-31,18550.0,18690.0,18495.0,18675.0,28745.0
2024-08-01,18650.0,18690.0,18555.0,18605.0,19983.0
2024-08-02,18605.0,18980.0,18550.0,18965.0,44373.0
2024-08-05,19205.0,19365.0,19055.0,19175.0,45426.0
2024-08-06,19265.0,19270.0,19000.0,19045.0,28533.0
2024-08-07,17825.0,18195.0,17810.0,18190.0,30670.0
2024-08-08,18185.0,18365.0,18120.0,18250.0,38831.0
2024-08-09,18265.0,18550.0,18265.0,18545.0,45287.0
2024-08-12,18505.0,18685.0,18325.0,18595.0,55423.0
2024-08-13,18550.0,18620.0,18420.0,18525.0,44860.0
2024-08-14,18550.0,18820.0,18445.0,18790.0,53818.0
2024-08-15,18890.0,19010.0,18630.0,18730.0,69758.0
2024-08-16,18695.0,18700.0,18540.0,18590.0,41955.0
2024-08-19,18375.0,18530.0,18300.0,18505.0,40848.0
2024-08-20,18525.0,18575.0,18325.0,18400.0,35993.0
2024-08-21,18380.0,18395.0,18130.0,18155.0,44822.0
2024-08-22,18150.0,18290.0,18110.0,18260.0,33603.0
2024-08-23,18270.0,18270.0,17855.0,17865.0,56685.0
2024-08-26,17900.0,18035.0,17820.0,17915.0,40295.0
2024-08-27,17850.0,17910.0,17770.0,17880.0,34067.0
2024-08-28,17880.0,18135.0,17850.0,18130.0,52293.0
2024-08-29,18120.0,18220.0,18065.0,18155.0,38380.0
2024-08-30,18195.0,18310.0,18180.0,18255.0,46374.0
