指标名称,COMEX:1号铜:非商业空头持仓:持仓数量,COMEX:1号铜:非商业多头持仓:持仓数量
1989-07-31,0.0,0.0
1989-08-15,0.0,0.0
1989-08-31,0.0,0.0
1989-09-15,0.0,0.0
1989-09-29,0.0,0.0
1989-10-13,200.0,0.0
1989-10-31,352.0,110.0
1989-11-15,249.0,141.0
1989-11-30,6776.0,799.0
1989-12-15,7678.0,1224.0
1989-12-29,6989.0,623.0
1990-01-15,5804.0,1992.0
1990-01-31,9028.0,980.0
1990-02-15,5307.0,1740.0
1990-02-28,5683.0,3665.0
1990-03-15,5940.0,9687.0
1990-03-30,2811.0,9014.0
1990-04-12,4479.0,7752.0
1990-04-30,4705.0,3661.0
1990-05-15,1762.0,5982.0
1990-05-31,4167.0,4752.0
1990-06-15,4066.0,2917.0
1990-06-29,3709.0,8651.0
1990-07-13,1203.0,9321.0
1990-07-31,1657.0,7754.0
1990-08-15,2587.0,7507.0
1990-08-31,1683.0,7407.0
1990-09-14,2088.0,7032.0
1990-09-28,4372.0,2908.0
1990-10-15,5407.0,2423.0
1990-10-31,4194.0,1862.0
1990-11-15,3544.0,2275.0
1990-11-30,6800.0,1621.0
1990-12-14,10333.0,1457.0
1990-12-31,5349.0,1887.0
1991-01-15,3542.0,6456.0
1991-01-31,7704.0,673.0
1991-02-15,6598.0,972.0
1991-02-28,5449.0,2228.0
1991-03-15,5841.0,1914.0
1991-03-28,6848.0,1820.0
1991-04-15,5727.0,2135.0
1991-04-30,9329.0,3100.0
1991-05-15,14257.0,1192.0
1991-05-31,13648.0,766.0
1991-06-14,8431.0,583.0
1991-06-28,5968.0,2002.0
1991-07-15,6664.0,942.0
1991-07-31,6672.0,2041.0
1991-08-15,4823.0,2424.0
1991-08-30,2511.0,5956.0
1991-09-16,2933.0,11435.0
1991-09-30,4348.0,11931.0
1991-10-15,5585.0,10106.0
1991-10-31,6012.0,12711.0
1991-11-15,5743.0,9164.0
1991-11-29,5282.0,6335.0
1991-12-13,16421.0,2748.0
1991-12-31,14487.0,1233.0
1992-01-15,16046.0,1042.0
1992-01-31,10073.0,1933.0
1992-02-14,5964.0,5109.0
1992-02-28,3543.0,11686.0
1992-03-13,2223.0,8039.0
1992-03-31,1827.0,8441.0
1992-04-15,2008.0,4087.0
1992-04-30,2471.0,4002.0
1992-05-15,1515.0,5912.0
1992-05-29,1218.0,6421.0
1992-06-15,1577.0,13870.0
1992-06-30,2045.0,18260.0
1992-07-15,1493.0,17238.0
1992-07-31,1124.0,12471.0
1992-08-14,2005.0,7613.0
1992-08-31,1157.0,6937.0
1992-09-15,3890.0,5276.0
1992-09-30,6896.0,4084.0
1992-10-06,8929.0,3177.0
1992-10-13,9802.0,3157.0
1992-10-20,9948.0,3527.0
1992-10-27,10957.0,2863.0
1992-11-03,8240.0,2962.0
1992-11-10,10740.0,1935.0
1992-11-17,10072.0,1664.0
1992-11-24,10617.0,1902.0
1992-12-01,7825.0,1581.0
1992-12-08,5615.0,1849.0
1992-12-15,4719.0,1918.0
1992-12-22,2763.0,3622.0
1992-12-29,1434.0,3992.0
1993-01-05,388.0,6834.0
1993-01-12,363.0,2840.0
1993-01-19,1273.0,731.0
1993-01-26,1696.0,719.0
1993-02-02,1734.0,844.0
1993-02-09,2108.0,1409.0
1993-02-16,2471.0,1198.0
1993-02-23,3476.0,929.0
1993-03-02,11378.0,1656.0
1993-03-09,10991.0,1469.0
1993-03-16,6107.0,1240.0
1993-03-23,4952.0,789.0
1993-03-30,5366.0,1402.0
1993-04-06,8936.0,1417.0
1993-04-13,9268.0,612.0
1993-04-20,9654.0,2026.0
1993-04-27,8380.0,702.0
1993-05-04,9269.0,1646.0
1993-05-11,9695.0,3041.0
1993-05-18,9284.0,3264.0
1993-05-25,8401.0,5623.0
1993-06-01,9185.0,6444.0
1993-06-08,6263.0,7034.0
1993-06-15,5243.0,7584.0
1993-06-22,4975.0,7752.0
1993-06-29,3487.0,8636.0
1993-07-06,2383.0,10907.0
1993-07-13,2935.0,9108.0
1993-07-20,2991.0,7824.0
1993-07-27,3032.0,5481.0
1993-08-03,2162.0,5976.0
1993-08-10,3741.0,5271.0
1993-08-17,5078.0,4433.0
1993-08-24,4041.0,4583.0
1993-08-31,5090.0,4544.0
1993-09-07,4320.0,6045.0
1993-09-14,9646.0,4250.0
1993-09-21,12441.0,5287.0
1993-09-28,13600.0,4678.0
1993-10-05,13874.0,7971.0
1993-10-12,14035.0,7975.0
1993-10-19,14580.0,6848.0
1993-10-26,14423.0,7192.0
1993-11-02,13932.0,7943.0
1993-11-09,11768.0,8772.0
1993-11-16,11684.0,9557.0
1993-11-23,11180.0,8434.0
1993-11-30,10724.0,8359.0
1993-12-07,6083.0,12740.0
1993-12-14,3874.0,14359.0
1993-12-21,4399.0,14442.0
1993-12-28,4554.0,14229.0
1994-01-04,4831.0,15637.0
1994-01-11,5623.0,12646.0
1994-01-18,6268.0,17219.0
1994-01-25,7140.0,16803.0
1994-02-01,7631.0,18443.0
1994-02-08,7005.0,19777.0
1994-02-15,5694.0,15608.0
1994-02-22,5857.0,15646.0
1994-03-01,3527.0,15545.0
1994-03-08,3689.0,19948.0
1994-03-15,3039.0,21493.0
1994-03-22,6343.0,22877.0
1994-03-29,6076.0,21551.0
1994-04-05,3665.0,14503.0
1994-04-12,4125.0,11815.0
1994-04-19,4093.0,12726.0
1994-04-26,3801.0,14524.0
1994-05-03,2561.0,20172.0
1994-05-10,3387.0,22034.0
1994-05-17,4011.0,23469.0
1994-05-24,4208.0,25440.0
1994-05-31,4936.0,25450.0
1994-06-07,3926.0,22564.0
1994-06-14,5300.0,25016.0
1994-06-21,3026.0,25247.0
1994-06-28,1703.0,23161.0
1994-07-05,2048.0,19998.0
1994-07-12,1733.0,15623.0
1994-07-19,3946.0,19811.0
1994-07-26,2956.0,17304.0
1994-08-02,2920.0,17046.0
1994-08-09,3602.0,12787.0
1994-08-16,4242.0,12960.0
1994-08-23,3993.0,12591.0
1994-08-30,2902.0,15534.0
1994-09-06,3892.0,19363.0
1994-09-13,4369.0,21332.0
1994-09-20,4608.0,23239.0
1994-09-27,3839.0,22666.0
1994-10-04,3437.0,16275.0
1994-10-11,3654.0,15725.0
1994-10-18,3464.0,15529.0
1994-10-25,3230.0,17259.0
1994-11-01,5717.0,19387.0
1994-11-08,5754.0,18843.0
1994-11-15,5039.0,18928.0
1994-11-22,3664.0,18031.0
1994-11-29,2753.0,18458.0
1994-12-06,3928.0,17890.0
1994-12-13,4518.0,15531.0
1994-12-20,3795.0,15883.0
1994-12-27,3715.0,15784.0
1995-01-03,3467.0,14981.0
1995-01-10,3632.0,14780.0
1995-01-17,4570.0,14688.0
1995-01-24,5672.0,16769.0
1995-01-31,6691.0,11999.0
1995-02-07,7206.0,7853.0
1995-02-14,5938.0,7384.0
1995-02-21,5467.0,7111.0
1995-02-28,6408.0,7110.0
1995-03-07,4751.0,6940.0
1995-03-14,3911.0,7509.0
1995-03-21,3927.0,8133.0
1995-03-28,7105.0,13525.0
1995-04-04,6701.0,14617.0
1995-04-11,5577.0,14538.0
1995-04-18,3943.0,9825.0
1995-04-25,11314.0,6774.0
1995-05-02,11685.0,5289.0
1995-05-09,12902.0,4974.0
1995-05-16,14659.0,4600.0
1995-05-23,10001.0,5294.0
1995-05-30,6358.0,4440.0
1995-06-06,7084.0,9269.0
1995-06-13,7416.0,10989.0
1995-06-20,8941.0,19162.0
1995-06-27,4948.0,17812.0
1995-07-03,2142.0,16883.0
1995-07-11,2109.0,14410.0
1995-07-18,3150.0,16134.0
1995-07-25,2198.0,5969.0
1995-08-01,3506.0,5306.0
1995-08-08,2492.0,6235.0
1995-08-15,3099.0,9749.0
1995-08-22,2935.0,12788.0
1995-08-29,3031.0,12617.0
1995-09-05,1446.0,7427.0
1995-09-12,3032.0,7251.0
1995-09-19,3955.0,6161.0
1995-09-26,2818.0,6437.0
1995-10-03,2913.0,6975.0
1995-10-10,5353.0,7336.0
1995-10-17,7532.0,7129.0
1995-10-24,9097.0,8523.0
1995-10-31,7688.0,8297.0
1995-11-07,3042.0,7290.0
1995-11-14,2920.0,7414.0
1995-11-21,2587.0,7923.0
1995-11-28,2547.0,6398.0
1995-12-05,3127.0,6529.0
1995-12-12,3973.0,6433.0
1995-12-19,2602.0,6659.0
1995-12-26,3366.0,8351.0
1996-01-02,6853.0,11968.0
1996-01-09,11003.0,12642.0
1996-01-16,13800.0,13604.0
1996-01-23,13104.0,13944.0
1996-01-30,11781.0,12442.0
1996-02-06,8472.0,9369.0
1996-02-13,8003.0,7609.0
1996-02-20,8945.0,7329.0
1996-02-27,7605.0,5777.0
1996-03-05,4650.0,6209.0
1996-03-12,4566.0,8186.0
1996-03-19,3332.0,8451.0
1996-03-26,3704.0,9337.0
1996-04-02,3521.0,7977.0
1996-04-09,3402.0,8269.0
1996-04-16,1778.0,11930.0
1996-04-23,2486.0,12994.0
1996-04-30,3719.0,14417.0
1996-05-07,5004.0,16662.0
1996-05-14,4426.0,15713.0
1996-05-21,3999.0,7032.0
1996-05-28,6114.0,5695.0
1996-06-04,6153.0,5352.0
1996-06-11,9488.0,3794.0
1996-06-18,10267.0,4713.0
1996-06-25,11188.0,10383.0
1996-07-02,10162.0,9022.0
1996-07-09,9983.0,8355.0
1996-07-16,10871.0,8715.0
1996-07-23,9682.0,8091.0
1996-07-30,8382.0,6631.0
1996-08-06,9812.0,6600.0
1996-08-13,9747.0,6622.0
1996-08-20,8566.0,6662.0
1996-08-27,7751.0,7320.0
1996-09-03,7977.0,7779.0
1996-09-10,6508.0,8704.0
1996-09-17,8310.0,8267.0
1996-09-24,7628.0,8397.0
1996-10-01,6237.0,8687.0
1996-10-08,6260.0,9271.0
1996-10-15,5488.0,8926.0
1996-10-22,4212.0,8346.0
1996-10-29,5315.0,11372.0
1996-11-05,5421.0,10453.0
1996-11-12,4711.0,12747.0
1996-11-19,4103.0,14019.0
1996-11-26,2315.0,14593.0
1996-12-03,2456.0,14422.0
1996-12-10,2260.0,14088.0
1996-12-17,2341.0,10912.0
1996-12-24,2450.0,10082.0
1996-12-31,2264.0,10405.0
1997-01-07,3456.0,13963.0
1997-01-14,3602.0,14615.0
1997-01-21,3329.0,15068.0
1997-01-28,3385.0,15304.0
1997-02-04,3440.0,13151.0
1997-02-11,3852.0,13239.0
1997-02-18,3038.0,12904.0
1997-02-25,2583.0,14774.0
1997-03-04,3009.0,16933.0
1997-03-11,2223.0,15049.0
1997-03-18,1971.0,14310.0
1997-03-25,1999.0,15188.0
1997-04-01,2790.0,13872.0
1997-04-08,3000.0,10701.0
1997-04-15,3149.0,10217.0
1997-04-22,2582.0,9547.0
1997-04-29,1620.0,13681.0
1997-05-06,2301.0,13289.0
1997-05-13,3065.0,16152.0
1997-05-20,3986.0,21641.0
1997-05-27,3638.0,21942.0
1997-06-03,3418.0,22752.0
1997-06-10,2628.0,22094.0
1997-06-17,2420.0,21075.0
1997-06-24,1855.0,17444.0
1997-07-01,2771.0,14788.0
1997-07-08,3520.0,15714.0
1997-07-15,7978.0,13049.0
1997-07-22,7238.0,13582.0
1997-07-29,5199.0,13323.0
1997-08-05,4839.0,13988.0
1997-08-12,5294.0,14271.0
1997-08-19,9400.0,12908.0
1997-08-26,10324.0,11218.0
1997-09-02,11319.0,10910.0
1997-09-09,11423.0,10645.0
1997-09-16,13558.0,12007.0
1997-09-23,11496.0,12871.0
1997-09-30,8760.0,11484.0
1997-10-07,11172.0,12359.0
1997-10-14,9880.0,12049.0
1997-10-21,9051.0,11829.0
1997-10-28,11433.0,12873.0
1997-11-04,12781.0,13264.0
1997-11-11,12950.0,12038.0
1997-11-18,16194.0,13117.0
1997-11-25,16208.0,12394.0
1997-12-02,16427.0,11841.0
1997-12-09,16417.0,11530.0
1997-12-16,17110.0,12018.0
1997-12-23,16539.0,12293.0
1997-12-30,16944.0,12260.0
1998-01-06,16843.0,11930.0
1998-01-13,16133.0,11930.0
1998-01-20,14021.0,11370.0
1998-01-27,10821.0,10451.0
1998-02-03,11420.0,12902.0
1998-02-10,16047.0,11878.0
1998-02-17,17085.0,12054.0
1998-02-24,19314.0,10370.0
1998-03-03,13618.0,10793.0
1998-03-10,11250.0,10769.0
1998-03-17,9006.0,13440.0
1998-03-24,8252.0,12321.0
1998-03-31,9307.0,12496.0
1998-04-07,10962.0,8849.0
1998-04-14,8361.0,10179.0
1998-04-21,7364.0,13505.0
1998-04-28,5473.0,17138.0
1998-05-05,4607.0,15807.0
1998-05-12,6463.0,10380.0
1998-05-19,11712.0,10448.0
1998-05-26,13127.0,9578.0
1998-06-02,14764.0,9902.0
1998-06-09,13751.0,9642.0
1998-06-16,15281.0,8478.0
1998-06-23,13030.0,6355.0
1998-06-30,14452.0,6196.0
1998-07-07,19139.0,7136.0
1998-07-14,14977.0,6754.0
1998-07-21,7552.0,5962.0
1998-07-28,6492.0,10270.0
1998-08-04,6751.0,8285.0
1998-08-11,10058.0,8040.0
1998-08-18,11801.0,8332.0
1998-08-25,13023.0,8713.0
1998-09-01,14529.0,9774.0
1998-09-08,10223.0,8930.0
1998-09-15,8662.0,10092.0
1998-09-22,9272.0,8284.0
1998-09-29,7857.0,8228.0
1998-10-06,14123.0,10123.0
1998-10-13,16303.0,10891.0
1998-10-20,11719.0,11255.0
1998-10-27,16975.0,12146.0
1998-11-03,18087.0,12327.0
1998-11-10,15380.0,10801.0
1998-11-17,21665.0,11349.0
1998-11-24,20980.0,11343.0
1998-12-01,23468.0,12362.0
1998-12-08,29405.0,13622.0
1998-12-15,31643.0,13024.0
1998-12-22,30231.0,13018.0
1998-12-29,26476.0,11854.0
1999-01-05,28944.0,13350.0
1999-01-12,26337.0,12111.0
1999-01-19,25547.0,11956.0
1999-01-26,26755.0,12192.0
1999-02-02,26755.0,11868.0
1999-02-09,14746.0,10401.0
1999-02-16,19341.0,12157.0
1999-02-23,27744.0,12210.0
1999-03-02,28750.0,12110.0
1999-03-09,27066.0,11584.0
1999-03-16,27135.0,12766.0
1999-03-23,21203.0,12533.0
1999-03-30,19551.0,13855.0
1999-04-06,20016.0,13091.0
1999-04-13,16221.0,12712.0
1999-04-20,7069.0,18493.0
1999-04-27,7127.0,22805.0
1999-05-04,7207.0,27656.0
1999-05-11,5875.0,29951.0
1999-05-18,5144.0,29560.0
1999-05-25,3719.0,18926.0
1999-06-01,10714.0,14416.0
1999-06-08,14558.0,15007.0
1999-06-15,15987.0,12822.0
1999-06-22,13795.0,13169.0
1999-06-29,8318.0,12010.0
1999-07-06,8458.0,20340.0
1999-07-13,7993.0,22854.0
1999-07-20,7489.0,23036.0
1999-07-27,6154.0,21021.0
1999-08-03,6859.0,18876.0
1999-08-10,7997.0,20040.0
1999-08-17,7718.0,21526.0
1999-08-24,6212.0,17542.0
1999-08-31,2593.0,17765.0
1999-09-07,3079.0,25178.0
1999-09-14,4270.0,27234.0
1999-09-21,4406.0,29983.0
1999-09-28,2987.0,24872.0
1999-10-05,1904.0,22744.0
1999-10-12,3865.0,16826.0
1999-10-19,2982.0,15329.0
1999-10-26,1635.0,15922.0
1999-11-02,2400.0,15368.0
1999-11-09,2453.0,15039.0
1999-11-16,4524.0,12368.0
1999-11-23,5120.0,11859.0
1999-11-30,2325.0,12447.0
1999-12-07,4246.0,11939.0
1999-12-14,4924.0,11135.0
1999-12-21,2230.0,20272.0
1999-12-28,1432.0,21019.0
2000-01-04,1184.0,22558.0
2000-01-11,1261.0,23589.0
2000-01-18,3014.0,30633.0
2000-01-25,2616.0,28684.0
2000-02-01,1859.0,22806.0
2000-02-08,3099.0,18024.0
2000-02-15,2529.0,18000.0
2000-02-22,3154.0,16915.0
2000-02-29,6551.0,11987.0
2000-03-07,8389.0,12943.0
2000-03-14,10072.0,12289.0
2000-03-21,7826.0,12834.0
2000-03-28,8093.0,12027.0
2000-04-04,10549.0,13099.0
2000-04-11,14772.0,11846.0
2000-04-18,18245.0,11367.0
2000-04-25,14523.0,10890.0
2000-05-02,10155.0,9833.0
2000-05-09,4737.0,12487.0
2000-05-16,3776.0,14845.0
2000-05-23,4837.0,15134.0
2000-05-30,5234.0,13263.0
2000-06-06,4331.0,7711.0
2000-06-13,6474.0,6974.0
2000-06-20,3716.0,8638.0
2000-06-27,2997.0,7774.0
2000-07-05,3059.0,6627.0
2000-07-11,3470.0,8018.0
2000-07-18,3092.0,13606.0
2000-07-25,4993.0,21038.0
2000-08-01,6307.0,23977.0
2000-08-08,6947.0,24752.0
2000-08-15,6622.0,23983.0
2000-08-22,6457.0,21011.0
2000-08-29,5770.0,23948.0
2000-09-05,5795.0,28434.0
2000-09-12,6206.0,31743.0
2000-09-19,6449.0,35285.0
2000-09-26,6359.0,34361.0
2000-10-03,5554.0,23990.0
2000-10-10,5478.0,19448.0
2000-10-17,7273.0,16149.0
2000-10-24,9920.0,12019.0
2000-10-31,15254.0,9716.0
2000-11-07,17706.0,11229.0
2000-11-14,21694.0,10792.0
2000-11-21,24001.0,10339.0
2000-11-28,21080.0,10018.0
2000-12-05,16106.0,10784.0
2000-12-12,9949.0,11264.0
2000-12-19,9596.0,12355.0
2000-12-26,11741.0,12805.0
2001-01-02,15671.0,13520.0
2001-01-09,21469.0,15768.0
2001-01-16,21705.0,16395.0
2001-01-23,16609.0,12091.0
2001-01-30,17203.0,12302.0
2001-02-06,18451.0,11908.0
2001-02-13,20490.0,12032.0
2001-02-20,20800.0,12631.0
2001-02-27,29197.0,16451.0
2001-03-06,18719.0,12629.0
2001-03-13,18072.0,10453.0
2001-03-20,27535.0,14348.0
2001-03-27,30196.0,14579.0
2001-04-03,34432.0,16051.0
2001-04-10,37043.0,15799.0
2001-04-17,38111.0,15938.0
2001-04-24,34652.0,15335.0
2001-05-01,31553.0,14687.0
2001-05-08,28166.0,13435.0
2001-05-15,33403.0,15031.0
2001-05-22,21547.0,14066.0
2001-05-29,21575.0,14165.0
2001-06-05,28440.0,13450.0
2001-06-12,35948.0,16020.0
2001-06-19,38959.0,17513.0
2001-06-26,40854.0,17836.0
2001-07-03,37254.0,17218.0
2001-07-10,36606.0,16126.0
2001-07-17,35405.0,14969.0
2001-07-24,36629.0,15045.0
2001-07-31,31852.0,13972.0
2001-08-07,32471.0,13578.0
2001-08-14,31665.0,14227.0
2001-08-21,30617.0,12856.0
2001-08-28,26183.0,11412.0
2001-09-04,27318.0,13232.0
2001-09-10,32145.0,14023.0
2001-09-18,32405.0,14332.0
2001-09-25,33743.0,14110.0
2001-10-02,35912.0,14549.0
2001-10-09,35555.0,13634.0
2001-10-16,38988.0,13715.0
2001-10-23,38366.0,13229.0
2001-10-30,38684.0,13306.0
2001-11-06,39806.0,13037.0
2001-11-13,22245.0,9545.0
2001-11-20,12792.0,9592.0
2001-11-27,9727.0,10422.0
2001-12-04,8015.0,15150.0
2001-12-11,5601.0,11560.0
2001-12-18,7183.0,10516.0
2001-12-21,8273.0,10180.0
2001-12-28,8251.0,9938.0
2002-01-08,6116.0,10988.0
2002-01-15,4886.0,12673.0
2002-01-22,6055.0,13873.0
2002-01-29,5830.0,13529.0
2002-02-05,7425.0,20516.0
2002-02-12,7463.0,22544.0
2002-02-19,6525.0,21408.0
2002-02-26,6083.0,13078.0
2002-03-05,4984.0,15424.0
2002-03-12,5524.0,20241.0
2002-03-19,5492.0,26702.0
2002-03-26,5604.0,24000.0
2002-04-02,6331.0,27768.0
2002-04-09,5538.0,15406.0
2002-04-16,8002.0,16250.0
2002-04-23,5685.0,16931.0
2002-04-30,4835.0,15110.0
2002-05-07,10072.0,14418.0
2002-05-14,3824.0,15529.0
2002-05-21,5179.0,13578.0
2002-05-28,3600.0,19731.0
2002-06-04,4576.0,31086.0
2002-06-11,4548.0,37824.0
2002-06-18,4542.0,32743.0
2002-06-25,2969.0,21024.0
2002-07-02,3569.0,26678.0
2002-07-09,2555.0,25326.0
2002-07-16,6838.0,18428.0
2002-07-23,21866.0,19593.0
2002-07-30,26892.0,18738.0
2002-08-06,30124.0,18345.0
2002-08-13,34377.0,18437.0
2002-08-20,35704.0,18309.0
2002-08-27,34522.0,16598.0
2002-09-03,36108.0,16813.0
2002-09-10,29154.0,14717.0
2002-09-17,24417.0,13052.0
2002-09-24,29665.0,12968.0
2002-10-01,34869.0,14261.0
2002-10-08,36280.0,14981.0
2002-10-15,35019.0,14731.0
2002-10-22,20313.0,13410.0
2002-10-29,10204.0,15697.0
2002-11-05,11024.0,25876.0
2002-11-12,9913.0,27431.0
2002-11-19,9453.0,27956.0
2002-11-26,7313.0,29382.0
2002-12-03,6739.0,33633.0
2002-12-10,4194.0,31431.0
2002-12-17,2912.0,25867.0
2002-12-23,4431.0,19627.0
2002-12-31,15929.0,17089.0
2003-01-07,10826.0,14802.0
2003-01-14,7118.0,22746.0
2003-01-21,6959.0,28894.0
2003-01-28,7005.0,30367.0
2003-02-04,6394.0,34774.0
2003-02-11,5349.0,35265.0
2003-02-14,3527.0,30054.0
2003-02-25,4085.0,27250.0
2003-03-04,8348.0,35810.0
2003-03-11,5235.0,21629.0
2003-03-18,6817.0,20692.0
2003-03-25,5666.0,23457.0
2003-04-01,19403.0,20296.0
2003-04-08,24152.0,18534.0
2003-04-15,25744.0,17636.0
2003-04-22,27051.0,17230.0
2003-04-29,29167.0,17490.0
2003-05-06,31831.0,16713.0
2003-05-13,17190.0,14272.0
2003-05-20,14188.0,22202.0
2003-05-27,13595.0,26443.0
2003-06-03,12937.0,30717.0
2003-06-10,11623.0,31408.0
2003-06-17,11552.0,30095.0
2003-06-24,11297.0,30026.0
2003-07-01,11223.0,19765.0
2003-07-08,10992.0,20777.0
2003-07-15,11299.0,35422.0
2003-07-22,11218.0,34723.0
2003-07-29,13212.0,44149.0
2003-08-05,14103.0,48720.0
2003-08-12,12883.0,43450.0
2003-08-19,11748.0,42072.0
2003-08-26,12845.0,42156.0
2003-09-02,12893.0,44686.0
2003-09-09,15455.0,52607.0
2003-09-16,14742.0,49736.0
2003-09-23,16560.0,51711.0
2003-09-30,14030.0,48026.0
2003-10-07,18131.0,58295.0
2003-10-14,19182.0,67564.0
2003-10-21,18782.0,66810.0
2003-10-28,17523.0,62701.0
2003-11-04,16887.0,61294.0
2003-11-11,15988.0,60237.0
2003-11-18,16495.0,51436.0
2003-11-25,15474.0,41323.0
2003-12-02,16190.0,44855.0
2003-12-09,15852.0,41973.0
2003-12-16,15559.0,43176.0
2003-12-22,15530.0,43936.0
2003-12-30,17538.0,43735.0
2004-01-06,14838.0,46107.0
2004-01-13,15176.0,45520.0
2004-01-20,15258.0,45097.0
2004-01-27,14469.0,42449.0
2004-02-03,15253.0,43330.0
2004-02-10,13267.0,39955.0
2004-02-17,10465.0,39352.0
2004-02-24,10242.0,35775.0
2004-03-02,11563.0,35198.0
2004-03-09,9063.0,28836.0
2004-03-16,10339.0,30131.0
2004-03-23,11122.0,29704.0
2004-03-30,14023.0,28782.0
2004-04-06,16486.0,25695.0
2004-04-12,16581.0,23915.0
2004-04-20,17356.0,26130.0
2004-04-27,11199.0,19379.0
2004-05-04,10488.0,17790.0
2004-05-11,9323.0,16246.0
2004-05-18,8562.0,15654.0
2004-05-25,8118.0,16609.0
2004-06-01,8370.0,20476.0
2004-06-08,8085.0,17890.0
2004-06-15,8149.0,12012.0
2004-06-22,9974.0,12669.0
2004-06-29,4784.0,11282.0
2004-07-06,4308.0,12326.0
2004-07-13,5368.0,21663.0
2004-07-20,5806.0,23978.0
2004-07-27,5028.0,19618.0
2004-08-03,8713.0,25103.0
2004-08-10,7447.0,19835.0
2004-08-17,11146.0,30518.0
2004-08-24,8463.0,22015.0
2004-08-31,7553.0,23031.0
2004-09-07,8833.0,21479.0
2004-09-14,11184.0,26351.0
2004-09-21,15386.0,34903.0
2004-09-28,17175.0,41210.0
2004-10-05,17686.0,45933.0
2004-10-12,17364.0,47018.0
2004-10-19,7107.0,20386.0
2004-10-26,6753.0,18391.0
2004-11-02,6827.0,18988.0
2004-11-09,7630.0,22239.0
2004-11-16,9220.0,25259.0
2004-11-23,7683.0,32589.0
2004-11-30,8609.0,36871.0
2004-12-07,6004.0,30004.0
2004-12-14,4949.0,25559.0
2004-12-21,5504.0,28721.0
2004-12-28,6758.0,33281.0
2005-01-04,6281.0,26545.0
2005-01-11,5116.0,23188.0
2005-01-18,5836.0,23417.0
2005-01-25,7247.0,27127.0
2005-02-01,9486.0,26801.0
2005-02-08,8412.0,23230.0
2005-02-15,12154.0,32781.0
2005-02-22,16442.0,44160.0
2005-03-01,16029.0,49255.0
2005-03-08,16243.0,52332.0
2005-03-15,15983.0,46771.0
2005-03-22,16870.0,47101.0
2005-03-29,15086.0,40691.0
2005-04-05,15554.0,43081.0
2005-04-12,17988.0,46134.0
2005-04-19,13873.0,32513.0
2005-04-26,12857.0,35217.0
2005-05-03,15269.0,34649.0
2005-05-10,14769.0,31653.0
2005-05-17,17204.0,20525.0
2005-05-24,16541.0,20094.0
2005-05-31,13835.0,23327.0
2005-06-07,13609.0,31621.0
2005-06-14,16080.0,36892.0
2005-06-21,19918.0,42701.0
2005-06-28,21136.0,41847.0
2005-07-05,20166.0,33523.0
2005-07-12,21641.0,36722.0
2005-07-19,22767.0,39644.0
2005-07-26,25531.0,42350.0
2005-08-02,28016.0,46210.0
2005-08-09,28075.0,44439.0
2005-08-16,26506.0,41269.0
2005-08-23,27496.0,38358.0
2005-08-30,27936.0,37291.0
2005-09-06,29059.0,38826.0
2005-09-13,27483.0,33734.0
2005-09-20,27885.0,34780.0
2005-09-27,28266.0,37483.0
2005-10-04,31475.0,40996.0
2005-10-11,32056.0,43167.0
2005-10-18,31179.0,38505.0
2005-10-25,30431.0,31662.0
2005-11-01,28506.0,31733.0
2005-11-08,28313.0,34052.0
2005-11-15,29053.0,36580.0
2005-11-22,28448.0,34901.0
2005-11-29,28016.0,33228.0
2005-12-06,27847.0,33206.0
2005-12-13,28231.0,32890.0
2005-12-20,28647.0,30868.0
2005-12-27,29643.0,32404.0
2006-01-03,30378.0,33082.0
2006-01-10,31780.0,32890.0
2006-01-17,29930.0,32186.0
2006-01-24,30596.0,33342.0
2006-01-31,31408.0,32581.0
2006-02-07,29569.0,33321.0
2006-02-14,28050.0,28653.0
2006-02-21,25672.0,23242.0
2006-02-28,23143.0,18584.0
2006-03-07,21099.0,18392.0
2006-03-14,19331.0,20042.0
2006-03-21,19268.0,22278.0
2006-03-28,20979.0,22521.0
2006-04-04,23958.0,23570.0
2006-04-11,23562.0,22134.0
2006-04-18,21789.0,20225.0
2006-04-25,19161.0,16532.0
2006-05-02,17058.0,15054.0
2006-05-09,15307.0,14392.0
2006-05-16,15376.0,12894.0
2006-05-23,17415.0,10904.0
2006-05-30,16728.0,10356.0
2006-06-06,16077.0,8775.0
2006-06-13,14036.0,8380.0
2006-06-20,11699.0,8447.0
2006-06-27,11907.0,8197.0
2006-07-03,10899.0,8460.0
2006-07-11,12828.0,10614.0
2006-07-18,14197.0,10848.0
2006-07-25,14165.0,8471.0
2006-08-01,14950.0,8643.0
2006-08-08,15981.0,9387.0
2006-08-15,17348.0,9324.0
2006-08-22,17929.0,8211.0
2006-08-29,19336.0,8156.0
2006-09-05,18099.0,9376.0
2006-09-12,17275.0,7881.0
2006-09-19,20212.0,9170.0
2006-09-26,20167.0,10566.0
2006-10-03,22847.0,10554.0
2006-10-10,23849.0,10562.0
2006-10-17,21992.0,13068.0
2006-10-24,22183.0,12435.0
2006-10-31,22691.0,11748.0
2006-11-07,25083.0,11443.0
2006-11-14,27023.0,10013.0
2006-11-21,27232.0,9130.0
2006-11-28,27495.0,9859.0
2006-12-05,26632.0,9550.0
2006-12-12,26965.0,9439.0
2006-12-19,27394.0,8423.0
2006-12-26,26714.0,6507.0
2007-01-03,25841.0,5847.0
2007-01-09,25590.0,6335.0
2007-01-16,25985.0,5358.0
2007-01-23,26561.0,5190.0
2007-01-30,27129.0,5545.0
2007-02-06,27347.0,5449.0
2007-02-13,26386.0,5710.0
2007-02-20,25867.0,5156.0
2007-02-27,24153.0,5301.0
2007-03-06,24486.0,5207.0
2007-03-13,22907.0,4642.0
2007-03-20,22839.0,7761.0
2007-03-27,24470.0,8680.0
2007-04-03,22818.0,9927.0
2007-04-10,22357.0,12333.0
2007-04-17,22572.0,13787.0
2007-04-24,22406.0,13923.0
2007-05-01,23409.0,15079.0
2007-05-08,23965.0,15900.0
2007-05-15,24368.0,15317.0
2007-05-22,23772.0,12655.0
2007-05-29,23624.0,12093.0
2007-06-05,22323.0,12740.0
2007-06-12,22204.0,13222.0
2007-06-19,22256.0,13894.0
2007-06-26,22397.0,13474.0
2007-07-03,23710.0,15360.0
2007-07-10,24557.0,20648.0
2007-07-17,24406.0,20639.0
2007-07-24,24958.0,21993.0
2007-07-31,24959.0,19544.0
2007-08-07,24017.0,18463.0
2007-08-14,19908.0,13970.0
2007-08-21,19380.0,12313.0
2007-08-28,17808.0,11271.0
2007-09-04,16634.0,11478.0
2007-09-11,16637.0,12518.0
2007-09-18,16863.0,14435.0
2007-09-25,17396.0,17474.0
2007-10-02,19307.0,20787.0
2007-10-09,19283.0,23322.0
2007-10-16,20921.0,22890.0
2007-10-23,20130.0,19606.0
2007-10-30,20060.0,17403.0
2007-11-06,18680.0,15556.0
2007-11-13,18565.0,12163.0
2007-11-20,17997.0,11396.0
2007-11-27,17500.0,9580.0
2007-12-04,16812.0,8457.0
2007-12-11,16665.0,8673.0
2007-12-18,17746.0,8702.0
2007-12-24,16567.0,8504.0
2007-12-31,16579.0,9309.0
2008-01-08,15579.0,9382.0
2008-01-15,19539.0,10724.0
2008-01-22,20355.0,11307.0
2008-01-29,20024.0,10688.0
2008-02-05,18781.0,11552.0
2008-02-12,17863.0,18417.0
2008-02-19,17784.0,21336.0
2008-02-26,19202.0,24783.0
2008-03-04,18291.0,27387.0
2008-03-11,19142.0,29142.0
2008-03-18,19888.0,27231.0
2008-03-25,15518.0,23073.0
2008-04-01,16029.0,25610.0
2008-04-08,19182.0,28023.0
2008-04-15,21360.0,30643.0
2008-04-22,21690.0,30703.0
2008-04-29,22559.0,29123.0
2008-05-06,20639.0,27833.0
2008-05-13,19985.0,24173.0
2008-05-20,19592.0,24632.0
2008-05-27,18544.0,22205.0
2008-06-03,21663.0,20776.0
2008-06-10,20430.0,20614.0
2008-06-17,19960.0,23149.0
2008-06-24,18619.0,25237.0
2008-07-01,18647.0,26085.0
2008-07-08,18805.0,25343.0
2008-07-15,17982.0,21001.0
2008-07-22,19431.0,20424.0
2008-07-29,20304.0,18062.0
2008-08-05,20299.0,15980.0
2008-08-12,18479.0,13037.0
2008-08-19,19576.0,10449.0
2008-08-26,19992.0,8940.0
2008-09-02,19789.0,7720.0
2008-09-09,20512.0,7093.0
2008-09-16,21151.0,8754.0
2008-09-23,19643.0,9744.0
2008-09-30,21985.0,5816.0
2008-10-07,24442.0,5643.0
2008-10-14,24008.0,5881.0
2008-10-21,23838.0,6259.0
2008-10-28,22546.0,6663.0
2008-11-04,22063.0,5905.0
2008-11-11,21736.0,6327.0
2008-11-18,24317.0,8073.0
2008-11-25,23970.0,7873.0
2008-12-02,26375.0,8653.0
2008-12-09,25347.0,8130.0
2008-12-16,27772.0,9531.0
2008-12-22,28750.0,9682.0
2008-12-30,29515.0,10070.0
2009-01-06,28741.0,9052.0
2009-01-13,30297.0,7191.0
2009-01-20,32318.0,7009.0
2009-01-27,32122.0,6592.0
2009-02-03,32590.0,7352.0
2009-02-10,33519.0,8874.0
2009-02-17,35092.0,7665.0
2009-02-24,34955.0,7461.0
2009-03-03,32200.0,7303.0
2009-03-10,32473.0,12397.0
2009-03-17,34574.0,15727.0
2009-03-24,34473.0,16058.0
2009-03-31,34042.0,15517.0
2009-04-07,35974.0,18576.0
2009-04-14,36735.0,17874.0
2009-04-21,37984.0,18504.0
2009-04-28,37865.0,19980.0
2009-05-05,37530.0,18992.0
2009-05-12,37142.0,18403.0
2009-05-19,37192.0,18384.0
2009-05-26,37546.0,19834.0
2009-06-02,40139.0,21485.0
2009-06-09,38559.0,19790.0
2009-06-16,39711.0,21247.0
2009-06-23,40340.0,18605.0
2009-06-30,38093.0,18029.0
2009-07-07,38932.0,17971.0
2009-07-14,37744.0,17607.0
2009-07-21,39074.0,23014.0
2009-07-28,39810.0,25235.0
2009-08-04,37910.0,27256.0
2009-08-11,37843.0,27433.0
2009-08-18,28688.0,27431.0
2009-08-25,30133.0,28889.0
2009-09-01,31825.0,28277.0
2009-09-08,30181.0,27933.0
2009-09-15,28769.0,26436.0
2009-09-22,27979.0,24442.0
2009-09-29,28382.0,22101.0
2009-10-06,29049.0,24278.0
2009-10-13,27186.0,25357.0
2009-10-20,31263.0,32948.0
2009-10-27,28780.0,37835.0
2009-11-03,29440.0,38502.0
2009-11-09,31087.0,38649.0
2009-11-17,35345.0,44596.0
2009-11-24,34942.0,46078.0
2009-12-01,35239.0,46459.0
2009-12-08,35502.0,48128.0
2009-12-15,35194.0,45671.0
2009-12-22,34755.0,43330.0
2009-12-29,35939.0,50473.0
2010-01-05,35210.0,51738.0
2010-01-12,29433.0,51974.0
2010-01-19,23095.0,50762.0
2010-01-26,19957.0,48727.0
2010-02-02,22166.0,40438.0
2010-02-09,22247.0,35897.0
2010-02-16,23642.0,37722.0
2010-02-23,23027.0,38991.0
2010-03-02,23005.0,38872.0
2010-03-09,23635.0,41913.0
2010-03-16,23284.0,42288.0
2010-03-23,24585.0,42636.0
2010-03-30,25546.0,47203.0
2010-04-06,27584.0,50530.0
2010-04-13,29990.0,53458.0
2010-04-20,29547.0,50461.0
2010-04-27,28142.0,47952.0
2010-05-04,29152.0,42642.0
2010-05-11,25494.0,36092.0
2010-05-18,28033.0,35258.0
2010-05-25,28609.0,32592.0
2010-06-01,27456.0,32767.0
2010-06-08,33065.0,34347.0
2010-06-15,31870.0,33306.0
2010-06-22,31901.0,33374.0
2010-06-29,29106.0,31968.0
2010-07-06,29435.0,31620.0
2010-07-13,27462.0,31820.0
2010-07-20,28677.0,32592.0
2010-07-27,24596.0,35846.0
2010-08-03,25024.0,37984.0
2010-08-10,23586.0,40232.0
2010-08-17,26631.0,41110.0
2010-08-24,26890.0,36304.0
2010-08-31,26162.0,39392.0
2010-09-07,26975.0,41758.0
2010-09-14,25735.0,42144.0
2010-09-21,26796.0,43877.0
2010-09-28,26221.0,48383.0
2010-10-05,27184.0,51583.0
2010-10-12,28726.0,52794.0
2010-10-19,28153.0,54303.0
2010-10-26,28797.0,55260.0
2010-11-02,27377.0,52585.0
2010-11-09,25477.0,55566.0
2010-11-16,24026.0,49986.0
2010-11-23,23307.0,46097.0
2010-11-30,26677.0,47784.0
2010-12-07,27135.0,53567.0
2010-12-14,28019.0,58287.0
2010-12-21,27641.0,59804.0
2010-12-28,30035.0,61837.0
2011-01-04,30245.0,61858.0
2011-01-11,31423.0,61530.0
2011-01-18,32316.0,62505.0
2011-01-25,30049.0,53961.0
2011-02-01,32595.0,57306.0
2011-02-08,33627.0,63087.0
2011-02-15,30667.0,59706.0
2011-02-22,30579.0,53809.0
2011-03-01,23701.0,50320.0
2011-03-08,24793.0,49103.0
2011-03-15,22831.0,46193.0
2011-03-22,22667.0,44489.0
2011-03-29,20628.0,47672.0
2011-04-05,23884.0,46268.0
2011-04-12,21983.0,52973.0
2011-04-19,18608.0,43667.0
2011-04-26,18398.0,42076.0
2011-05-03,19399.0,40403.0
2011-05-10,22626.0,34445.0
2011-05-17,21948.0,29693.0
2011-05-24,22354.0,28382.0
2011-05-31,19183.0,29163.0
2011-06-07,20316.0,30044.0
2011-06-14,20388.0,31122.0
2011-06-21,20735.0,30500.0
2011-06-28,19591.0,29596.0
2011-07-05,21571.0,40534.0
2011-07-12,24486.0,48272.0
2011-07-19,25807.0,49556.0
2011-07-26,27015.0,51606.0
2011-08-02,26773.0,51036.0
2011-08-09,23514.0,34375.0
2011-08-16,21674.0,27568.0
2011-08-23,24288.0,28138.0
2011-08-30,26048.0,28750.0
2011-09-06,27185.0,30682.0
2011-09-13,28872.0,30700.0
2011-09-20,34950.0,31651.0
2011-09-27,31322.0,29860.0
2011-10-04,31458.0,28040.0
2011-10-11,35030.0,27971.0
2011-10-18,33449.0,28110.0
2011-10-25,31313.0,28375.0
2011-11-01,26854.0,28641.0
2011-11-08,26385.0,26697.0
2011-11-15,28106.0,26992.0
2011-11-22,30294.0,26072.0
2011-11-29,29733.0,26425.0
2011-12-06,29347.0,26715.0
2011-12-13,30396.0,27040.0
2011-12-20,33294.0,28339.0
2011-12-27,32261.0,28669.0
2012-01-03,31177.0,29629.0
2012-01-10,33123.0,31413.0
2012-01-17,31736.0,34047.0
2012-01-24,31508.0,36031.0
2012-01-31,33482.0,37665.0
2012-02-07,33536.0,40578.0
2012-02-14,32572.0,42281.0
2012-02-21,33634.0,43171.0
2012-02-28,33389.0,43900.0
2012-03-06,33198.0,44783.0
2012-03-13,34352.0,43424.0
2012-03-20,36560.0,48835.0
2012-03-27,36296.0,44370.0
2012-04-03,38649.0,48178.0
2012-04-10,40893.0,41312.0
2012-04-17,39755.0,41012.0
2012-04-24,36365.0,38687.0
2012-05-01,37514.0,41404.0
2012-05-08,39388.0,42919.0
2012-05-15,45715.0,41857.0
2012-05-22,50282.0,40184.0
2012-05-29,52277.0,40639.0
2012-06-05,56896.0,40259.0
2012-06-12,53745.0,38793.0
2012-06-19,52038.0,37756.0
2012-06-26,55297.0,38453.0
2012-07-03,51039.0,37821.0
2012-07-10,49755.0,39390.0
2012-07-17,48085.0,39798.0
2012-07-24,53834.0,40765.0
2012-07-31,53392.0,38672.0
2012-08-07,56933.0,39673.0
2012-08-14,56654.0,38883.0
2012-08-21,53652.0,40773.0
2012-08-28,49741.0,41645.0
2012-09-04,48892.0,38833.0
2012-09-11,47020.0,49549.0
2012-09-18,48001.0,51005.0
2012-09-25,49473.0,54605.0
2012-10-02,45801.0,54815.0
2012-10-09,42786.0,54605.0
2012-10-16,41281.0,52776.0
2012-10-23,41891.0,48794.0
2012-10-30,47883.0,45589.0
2012-11-06,44229.0,42032.0
2012-11-13,46017.0,41593.0
2012-11-20,43052.0,39621.0
2012-11-27,41105.0,38126.0
2012-12-04,35254.0,44306.0
2012-12-11,35962.0,48593.0
2012-12-18,36481.0,51535.0
2012-12-24,37889.0,45600.0
2012-12-31,36155.0,45486.0
2013-01-08,34638.0,47014.0
2013-01-15,36148.0,48130.0
2013-01-22,38699.0,48234.0
2013-01-29,41305.0,50672.0
2013-02-05,45697.0,61901.0
2013-02-12,44242.0,60104.0
2013-02-19,49258.0,58575.0
2013-02-26,47519.0,46791.0
2013-03-05,54915.0,49328.0
2013-03-12,54295.0,48151.0
2013-03-19,64206.0,48036.0
2013-03-26,70143.0,49956.0
2013-04-02,75877.0,48872.0
2013-04-09,75552.0,47713.0
2013-04-16,68981.0,44854.0
2013-04-23,64755.0,43366.0
2013-04-30,67243.0,43244.0
2013-05-07,61802.0,42612.0
2013-05-14,57425.0,39970.0
2013-05-21,53067.0,39525.0
2013-05-28,52325.0,38759.0
2013-06-04,51433.0,41488.0
2013-06-11,58921.0,40874.0
2013-06-18,74277.0,47838.0
2013-06-25,78588.0,46899.0
2013-07-02,73439.0,44898.0
2013-07-09,72307.0,44259.0
2013-07-16,61783.0,39403.0
2013-07-23,61746.0,38642.0
2013-07-30,70427.0,39333.0
2013-08-06,59435.0,37858.0
2013-08-13,45587.0,38753.0
2013-08-20,44535.0,44415.0
2013-08-27,43565.0,42772.0
2013-09-03,45303.0,40851.0
2013-09-10,46447.0,37874.0
2013-09-17,50892.0,35639.0
2013-09-24,43898.0,36648.0
2013-10-01,40366.0,39032.0
2013-10-08,41764.0,37880.0
2013-10-15,45400.0,37672.0
2013-10-22,41054.0,44669.0
2013-10-29,48325.0,38310.0
2013-11-05,46538.0,36754.0
2013-11-12,58934.0,39966.0
2013-11-19,74311.0,40413.0
2013-11-26,71260.0,41232.0
2013-12-03,70380.0,43029.0
2013-12-10,57508.0,44375.0
2013-12-17,52630.0,55009.0
2013-12-24,56208.0,60943.0
2013-12-31,55653.0,66016.0
2014-01-07,55118.0,67546.0
2014-01-14,52306.0,59343.0
2014-01-21,51418.0,61131.0
2014-01-28,51836.0,51840.0
2014-02-04,59136.0,45717.0
2014-02-11,64957.0,46907.0
2014-02-18,59186.0,45352.0
2014-02-25,53111.0,45032.0
2014-03-04,58950.0,45709.0
2014-03-11,69234.0,47674.0
2014-03-18,77353.0,49027.0
2014-03-25,78333.0,45358.0
2014-04-01,71228.0,45433.0
2014-04-08,63996.0,45495.0
2014-04-15,64895.0,43429.0
2014-04-22,60842.0,40925.0
2014-04-29,56203.0,42322.0
2014-05-06,58351.0,40898.0
2014-05-13,58971.0,48908.0
2014-05-20,56564.0,50971.0
2014-05-27,56390.0,52012.0
2014-06-03,57075.0,47335.0
2014-06-10,55418.0,40089.0
2014-06-17,56201.0,38162.0
2014-06-24,49814.0,41981.0
2014-07-01,54129.0,52365.0
2014-07-08,58447.0,65579.0
2014-07-15,61906.0,76533.0
2014-07-22,61289.0,70091.0
2014-07-29,59519.0,63838.0
2014-08-05,54601.0,62107.0
2014-08-12,48601.0,47168.0
2014-08-19,50174.0,44060.0
2014-08-26,46126.0,46253.0
2014-09-02,46865.0,43075.0
2014-09-09,57920.0,48401.0
2014-09-16,62031.0,48575.0
2014-09-23,70968.0,51273.0
2014-09-30,75466.0,52035.0
2014-10-07,79479.0,54483.0
2014-10-14,78838.0,54973.0
2014-10-21,82309.0,54569.0
2014-10-28,75749.0,54392.0
2014-11-04,73355.0,47492.0
2014-11-11,73757.0,48196.0
2014-11-18,77573.0,52968.0
2014-11-25,83669.0,55391.0
2014-12-02,84928.0,50746.0
2014-12-09,80129.0,47171.0
2014-12-16,76837.0,47122.0
2014-12-23,75702.0,43503.0
2014-12-30,79591.0,44538.0
2015-01-06,87193.0,45928.0
2015-01-13,89221.0,53398.0
2015-01-20,83113.0,46328.0
2015-01-27,87272.0,46610.0
2015-02-03,87221.0,46923.0
2015-02-10,87427.0,45443.0
2015-02-17,82691.0,44526.0
2015-02-24,80639.0,50336.0
2015-03-03,73854.0,51043.0
2015-03-10,74837.0,53309.0
2015-03-17,72795.0,55248.0
2015-03-24,67317.0,58237.0
2015-03-31,64432.0,60278.0
2015-04-07,63761.0,58765.0
2015-04-14,61923.0,54693.0
2015-04-21,62802.0,50483.0
2015-04-28,66588.0,50505.0
2015-05-05,63982.0,63530.0
2015-05-12,65206.0,73722.0
2015-05-19,64257.0,73598.0
2015-05-26,63275.0,64899.0
2015-06-02,59453.0,50709.0
2015-06-09,64059.0,50677.0
2015-06-16,70047.0,53535.0
2015-06-23,77732.0,54093.0
2015-06-30,81525.0,59718.0
2015-07-07,81068.0,55639.0
2015-07-14,73822.0,53064.0
2015-07-21,79086.0,56919.0
2015-07-28,80152.0,55698.0
2015-08-04,92908.0,60578.0
2015-08-11,94067.0,60308.0
2015-08-18,89793.0,60821.0
2015-08-25,83656.0,60331.0
2015-09-01,81421.0,61031.0
2015-09-08,73958.0,60691.0
2015-09-15,63571.0,59530.0
2015-09-22,65632.0,52382.0
2015-09-29,69425.0,52419.0
2015-10-06,66165.0,54617.0
2015-10-13,60432.0,54291.0
2015-10-20,61154.0,56571.0
2015-10-27,59021.0,58172.0
2015-11-03,67071.0,55293.0
2015-11-10,80242.0,52814.0
2015-11-17,90817.0,61534.0
2015-11-24,98293.0,64527.0
2015-12-01,100408.0,66155.0
2015-12-08,100004.0,65812.0
2015-12-15,100662.0,68029.0
2015-12-22,93463.0,63124.0
2015-12-29,90061.0,59955.0
2016-01-05,94871.0,63058.0
2016-01-12,110687.0,68662.0
2016-01-19,112117.0,68711.0
2016-01-26,101795.0,64968.0
2016-02-02,99073.0,63562.0
2016-02-09,90280.0,63452.0
2016-02-16,87379.0,60041.0
2016-02-23,80901.0,57954.0
2016-03-01,80365.0,55749.0
2016-03-08,66056.0,63178.0
2016-03-15,63890.0,63343.0
2016-03-22,61596.0,62514.0
2016-03-29,72029.0,67603.0
2016-04-05,77622.0,67537.0
2016-04-12,90800.0,68479.0
2016-04-19,90834.0,66318.0
2016-04-26,73350.0,65274.0
2016-05-03,73111.0,65651.0
2016-05-10,94191.0,71365.0
2016-05-17,109830.0,79184.0
2016-05-24,113213.0,72160.0
2016-05-31,110143.0,71316.0
2016-06-07,111837.0,72543.0
2016-06-14,116171.0,71360.0
2016-06-21,96765.0,63839.0
2016-06-28,73506.0,53692.0
2016-07-05,70144.0,50675.0
2016-07-12,68660.0,54430.0
2016-07-19,63646.0,66010.0
2016-07-26,64466.0,69284.0
2016-08-02,66086.0,68768.0
2016-08-09,71890.0,66712.0
2016-08-16,66282.0,61208.0
2016-08-23,76873.0,70207.0
2016-08-30,91152.0,69279.0
2016-09-06,110153.0,79928.0
2016-09-13,113974.0,88681.0
2016-09-20,95425.0,82274.0
2016-09-27,76859.0,74769.0
2016-10-04,76198.0,77097.0
2016-10-11,74806.0,79132.0
2016-10-18,98677.0,87535.0
2016-10-25,104689.0,90935.0
2016-11-01,77371.0,88669.0
2016-11-08,78749.0,118385.0
2016-11-15,72921.0,117916.0
2016-11-22,71777.0,118089.0
2016-11-29,67706.0,121067.0
2016-12-06,67429.0,123820.0
2016-12-13,66551.0,127666.0
2016-12-20,67199.0,119225.0
2016-12-27,66742.0,112505.0
2017-01-03,64759.0,109243.0
2017-01-10,69151.0,116854.0
2017-01-17,72445.0,118944.0
2017-01-24,77705.0,128015.0
2017-01-31,77713.0,134989.0
2017-02-07,79467.0,131026.0
2017-02-14,86203.0,131446.0
2017-02-21,85410.0,128204.0
2017-02-28,82915.0,120913.0
2017-03-07,88060.0,117779.0
2017-03-14,88139.0,110578.0
2017-03-21,90159.0,111829.0
2017-03-28,82176.0,112041.0
2017-04-04,84797.0,111665.0
2017-04-11,88393.0,114238.0
2017-04-18,90249.0,106292.0
2017-04-25,91123.0,103581.0
2017-05-02,86317.0,104855.0
2017-05-09,90520.0,98601.0
2017-05-16,88276.0,96922.0
2017-05-23,84657.0,97688.0
2017-05-30,87060.0,96704.0
2017-06-06,84668.0,97394.0
2017-06-13,89213.0,108011.0
2017-06-20,90780.0,103559.0
2017-06-27,92884.0,106572.0
2017-07-03,100048.0,116393.0
2017-07-11,100762.0,112768.0
2017-07-18,106606.0,121936.0
2017-07-25,112985.0,137242.0
2017-08-01,121866.0,153081.0
2017-08-08,124233.0,157369.0
2017-08-15,126722.0,163551.0
2017-08-22,124136.0,164982.0
2017-08-29,122977.0,166629.0
2017-09-05,123223.0,172088.0
2017-09-12,115022.0,161636.0
2017-09-19,110234.0,142821.0
2017-09-26,106222.0,136358.0
2017-10-03,106421.0,140250.0
2017-10-10,107281.0,148019.0
2017-10-17,104478.0,155965.0
2017-10-24,102504.0,155756.0
2017-10-31,97920.0,145513.0
2017-11-07,97752.0,140327.0
2017-11-14,93228.0,132942.0
2017-11-21,90341.0,130954.0
2017-11-28,88833.0,132756.0
2017-12-05,90219.0,116872.0
2017-12-12,78490.0,106244.0
2017-12-19,76178.0,118876.0
2017-12-26,83547.0,136816.0
2018-01-02,86229.0,150141.0
2018-01-09,85689.0,147973.0
2018-01-16,77409.0,138575.0
2018-01-23,82116.0,134151.0
2018-01-30,74566.0,128405.0
2018-02-06,71161.0,124116.0
2018-02-13,67974.0,112722.0
2018-02-20,65886.0,113187.0
2018-02-27,72876.0,114277.0
2018-03-06,70669.0,112589.0
2018-03-13,69074.0,108709.0
2018-03-20,77058.0,107919.0
2018-03-27,87745.0,106932.0
2018-04-03,81117.0,102027.0
2018-04-10,71222.0,94928.0
2018-04-17,64815.0,95532.0
2018-04-24,58418.0,101054.0
2018-05-01,71225.0,106141.0
2018-05-08,72881.0,106333.0
2018-05-15,70814.0,107169.0
2018-05-22,70611.0,109623.0
2018-05-29,71285.0,108885.0
2018-06-05,65067.0,112774.0
2018-06-12,57966.0,128503.0
2018-06-19,62725.0,119036.0
2018-06-26,70106.0,104151.0
2018-07-03,74342.0,99847.0
2018-07-10,87927.0,102110.0
2018-07-17,97310.0,106423.0
2018-07-24,101184.0,110551.0
2018-07-31,93834.0,102058.0
2018-08-07,95161.0,97351.0
2018-08-14,92698.0,95786.0
2018-08-21,87162.0,85463.0
2018-08-28,80946.0,81237.0
2018-09-04,83929.0,77952.0
2018-09-11,81078.0,72184.0
2018-09-18,74768.0,74577.0
2018-09-25,66883.0,77987.0
2018-10-02,65385.0,77360.0
2018-10-09,64847.0,73094.0
2018-10-16,62754.0,71672.0
2018-10-23,61623.0,70970.0
2018-10-30,70953.0,71620.0
2018-11-06,67061.0,73447.0
2018-11-13,70054.0,73469.0
2018-11-20,68096.0,80698.0
2018-11-27,66050.0,76742.0
2018-12-04,64665.0,75348.0
2018-12-11,65060.0,72307.0
2018-12-18,79485.0,76807.0
2018-12-24,83487.0,73635.0
2019-01-08,91796.0,72344.0
2019-01-15,103258.0,75666.0
2019-01-22,100605.0,76080.0
2019-01-29,98037.0,76124.0
2019-02-05,85418.0,79336.0
2019-02-12,81723.0,82926.0
2019-02-19,83846.0,84724.0
2019-02-26,74598.0,96982.0
2019-03-05,62975.0,94231.0
2019-03-12,64005.0,89572.0
2019-03-19,66410.0,82765.0
2019-03-26,73892.0,75834.0
2019-04-02,77389.0,81945.0
2019-04-09,78489.0,81503.0
2019-04-16,78933.0,84245.0
2019-04-23,80957.0,83083.0
2019-04-30,79732.0,79599.0
2019-05-07,86500.0,73622.0
2019-05-14,92745.0,73379.0
2019-05-21,94209.0,72490.0
2019-05-28,97617.0,73784.0
2019-06-04,102963.0,76217.0
2019-06-11,109920.0,79399.0
2019-06-18,106207.0,82255.0
2019-06-25,99836.0,73297.0
2019-07-02,105694.0,76478.0
2019-07-09,116583.0,76596.0
2019-07-16,105665.0,73722.0
2019-07-23,100513.0,76464.0
2019-07-30,106089.0,77334.0
2019-08-06,137582.0,79133.0
2019-08-13,129807.0,76207.0
2019-08-20,124434.0,75489.0
2019-08-27,131275.0,72795.0
2019-09-03,134940.0,76099.0
2019-09-10,118371.0,77185.0
2019-09-17,112033.0,75083.0
2019-09-24,111944.0,71205.0
2019-10-01,118044.0,71271.0
2019-10-08,117977.0,69884.0
2019-10-15,114638.0,67383.0
2019-10-22,110317.0,68744.0
2019-10-29,102039.0,76814.0
2019-11-05,104963.0,81652.0
2019-11-12,99590.0,73303.0
2019-11-19,98853.0,63747.0
2019-11-26,99728.0,61166.0
2019-12-03,101932.0,64225.0
2019-12-10,96379.0,79231.0
2019-12-17,95635.0,95804.0
2019-12-24,94526.0,97993.0
2019-12-31,93439.0,98583.0
2020-01-07,95850.0,92710.0
2020-01-14,100070.0,103537.0
2020-01-21,97938.0,103727.0
2020-01-28,91603.0,77213.0
2020-02-04,103957.0,69638.0
2020-02-11,113215.0,67556.0
2020-02-18,112410.0,70397.0
2020-02-25,114208.0,69989.0
2020-03-03,105616.0,66736.0
2020-03-10,99274.0,60208.0
2020-03-17,92683.0,54628.0
2020-03-24,72946.0,46499.0
2020-03-31,67111.0,42278.0
2020-04-07,67207.0,41631.0
2020-04-14,66960.0,42230.0
2020-04-21,67260.0,46338.0
2020-04-28,63741.0,46958.0
2020-05-05,65231.0,46074.0
2020-05-12,63633.0,48104.0
2020-05-19,64670.0,51254.0
2020-05-26,59986.0,50347.0
2020-06-02,56948.0,56002.0
2020-06-09,48499.0,60810.0
2020-06-16,47544.0,57146.0
2020-06-23,47051.0,63749.0
2020-06-30,47800.0,68377.0
2020-07-07,53565.0,77377.0
2020-07-14,55833.0,89241.0
2020-07-21,57254.0,95888.0
2020-07-28,56795.0,99285.0
2020-08-04,58261.0,97111.0
2020-08-11,55868.0,89501.0
2020-08-18,56457.0,99975.0
2020-08-25,50897.0,98761.0
2020-09-01,50975.0,104091.0
2020-09-08,49735.0,105485.0
2020-09-15,51722.0,110329.0
2020-09-22,55744.0,123585.0
2020-09-29,59941.0,114003.0
2020-10-06,53528.0,107106.0
2020-10-13,59918.0,119134.0
2020-10-20,63728.0,130993.0
2020-10-27,59806.0,126722.0
2020-11-03,54459.0,115597.0
2020-11-10,55329.0,120398.0
2020-11-17,56539.0,123701.0
2020-11-24,56522.0,130293.0
2020-12-01,54614.0,134470.0
2020-12-08,56839.0,136878.0
2020-12-15,61852.0,133972.0
2020-12-21,62002.0,133440.0
2020-12-29,61114.0,132395.0
2021-01-05,65850.0,135088.0
2021-01-12,64757.0,131399.0
2021-01-19,64131.0,132237.0
2021-01-26,61152.0,131420.0
2021-02-02,65261.0,131607.0
2021-02-09,69632.0,140927.0
2021-02-16,72854.0,146763.0
2021-02-23,65125.0,140530.0
2021-03-02,66127.0,132144.0
2021-03-09,62688.0,114067.0
2021-03-16,62739.0,109118.0
2021-03-23,64525.0,109933.0
2021-03-30,60633.0,104500.0
2021-04-06,66975.0,109985.0
2021-04-13,68134.0,104129.0
2021-04-20,67049.0,109912.0
2021-04-27,70874.0,120135.0
2021-05-04,74801.0,128571.0
2021-05-11,72825.0,118656.0
2021-05-18,69925.0,108903.0
2021-05-25,70493.0,94206.0
2021-06-01,73715.0,92238.0
2021-06-08,76521.0,91156.0
2021-06-15,79438.0,90209.0
2021-06-22,74854.0,82540.0
2021-06-29,72112.0,83473.0
2021-07-06,68551.0,84324.0
2021-07-13,65992.0,82971.0
2021-07-20,61536.0,81809.0
2021-07-27,55133.0,92484.0
2021-08-03,56913.0,91973.0
2021-08-10,59929.0,88960.0
2021-08-17,65873.0,85953.0
2021-08-24,65266.0,73890.0
2021-08-31,56270.0,78177.0
2021-09-07,54734.0,78326.0
2021-09-14,52444.0,81223.0
2021-09-21,59661.0,78931.0
2021-09-28,59714.0,78291.0
2021-10-05,62020.0,76437.0
2021-10-12,61335.0,83816.0
2021-10-19,62912.0,103496.0
2021-10-26,60953.0,98232.0
2021-11-02,56297.0,88632.0
2021-11-09,59992.0,82781.0
2021-11-16,61262.0,81599.0
2021-11-23,57977.0,71699.0
2021-11-30,59119.0,68310.0
2021-12-07,56199.0,63403.0
2021-12-14,56293.0,62990.0
2021-12-21,56546.0,60983.0
2021-12-28,56597.0,70980.0
2022-01-04,55448.0,75207.0
2022-01-11,57102.0,73808.0
2022-01-18,55363.0,77673.0
2022-01-25,52135.0,78616.0
2022-02-01,52829.0,68984.0
2022-02-08,55447.0,74302.0
2022-02-15,53723.0,84415.0
2022-02-22,55365.0,80940.0
2022-03-01,53433.0,75526.0
2022-03-08,55925.0,87744.0
2022-03-15,54308.0,73338.0
2022-03-22,54711.0,81523.0
2022-03-29,55972.0,86553.0
2022-04-05,54637.0,90779.0
2022-04-12,58590.0,81940.0
2022-04-19,64421.0,83261.0
2022-04-26,74444.0,70659.0
2022-05-03,81213.0,65590.0
2022-05-10,80136.0,57510.0
2022-05-17,77567.0,53159.0
2022-05-24,73763.0,54130.0
2022-05-31,71429.0,53404.0
2022-06-07,61946.0,58232.0
2022-06-14,64874.0,51077.0
2022-06-21,71168.0,50230.0
2022-06-28,78478.0,47782.0
2022-07-05,85869.0,54073.0
2022-07-12,78918.0,52623.0
2022-07-19,75836.0,52000.0
2022-07-26,78939.0,52377.0
2022-08-02,77723.0,50317.0
2022-08-09,77954.0,49477.0
2022-08-16,75017.0,46797.0
2022-08-23,69200.0,50210.0
2022-08-30,69360.0,46105.0
2022-09-06,70571.0,46581.0
2022-09-13,63560.0,44574.0
2022-09-20,67059.0,46773.0
2022-09-27,78482.0,50726.0
2022-10-04,68721.0,50470.0
2022-10-11,66920.0,51021.0
2022-10-18,69637.0,49335.0
2022-10-25,66919.0,50000.0
2022-11-01,58222.0,50738.0
2022-11-08,52115.0,55028.0
2022-11-15,50909.0,60730.0
2022-11-22,49597.0,52701.0
2022-11-29,49449.0,51433.0
2022-12-06,53817.0,55496.0
2022-12-13,55501.0,58057.0
2022-12-20,55165.0,55940.0
2022-12-27,57746.0,58470.0
2023-01-03,61866.0,57191.0
2023-01-10,64526.0,74753.0
2023-01-17,68672.0,84910.0
2023-01-24,67771.0,87941.0
2023-01-31,68195.0,85410.0
2023-02-07,72969.0,75474.0
2023-02-14,72796.0,67285.0
2023-02-21,71346.0,73395.0
2023-02-28,66718.0,60680.0
2023-03-07,72578.0,64858.0
2023-03-14,68244.0,54088.0
2023-03-21,63446.0,51095.0
2023-03-28,58140.0,56595.0
2023-04-04,63492.0,60538.0
2023-04-11,60366.0,56063.0
2023-04-18,58328.0,67262.0
2023-04-25,74266.0,57224.0
2023-05-02,76050.0,54308.0
2023-05-09,79996.0,55131.0
2023-05-16,92300.0,59693.0
2023-05-23,91271.0,61463.0
2023-05-30,90801.0,55099.0
2023-06-06,82616.0,56660.0
2023-06-13,74199.0,61293.0
2023-06-20,62852.0,64740.0
2023-06-27,61574.0,64514.0
2023-07-03,67778.0,59016.0
2023-07-11,70546.0,59389.0
2023-07-18,70871.0,67321.0
2023-07-25,72584.0,73743.0
2023-08-01,69655.0,80399.0
2023-08-08,81304.0,71247.0
2023-08-15,93099.0,67401.0
2023-08-22,88520.0,63905.0
2023-08-29,79240.0,62624.0
2023-09-05,73888.0,67118.0
2023-09-12,79667.0,67333.0
2023-09-19,84544.0,68244.0
2023-09-26,99442.0,70663.0
2023-10-03,91185.0,69273.0
2023-10-10,81434.0,66679.0
2023-10-17,97562.0,71673.0
2023-10-24,92608.0,71848.0
2023-10-31,87070.0,69909.0
2023-11-07,76341.0,66053.0
2023-11-14,78584.0,61976.0
2023-11-21,68365.0,64822.0
2023-11-28,66621.0,62749.0
2023-12-05,64774.0,62780.0
2023-12-12,69634.0,65630.0
2023-12-19,69078.0,74637.0
2023-12-26,66009.0,73086.0
2024-01-02,61977.0,70594.0
2024-01-09,77429.0,64262.0
2024-01-16,87714.0,62408.0
2024-01-23,96292.0,66369.0
2024-01-30,79698.0,71100.0
2024-02-06,84993.0,71283.0
2024-02-13,110926.0,78229.0
2024-02-20,95883.0,79941.0
2024-02-27,71276.0,69673.0
2024-03-05,76297.0,70970.0
2024-03-12,82012.0,87439.0
2024-03-19,92391.0,124316.0
2024-03-26,97688.0,120771.0
2024-04-02,106570.0,126866.0
2024-04-09,101878.0,144572.0
2024-04-16,97021.0,144590.0
2024-04-23,90619.0,149013.0
2024-04-30,94743.0,152807.0
2024-05-07,97499.0,160147.0
2024-05-14,101882.0,163662.0
2024-05-21,91193.0,162887.0
2024-05-28,88217.0,153739.0
2024-06-04,81585.0,142712.0
2024-06-11,77725.0,139013.0
2024-06-18,81269.0,133890.0
2024-06-25,84672.0,134798.0
2024-07-02,86020.0,135243.0
2024-07-09,85206.0,141237.0
2024-07-16,80874.0,139774.0
2024-07-23,75016.0,117236.0
2024-07-30,78482.0,102957.0
2024-08-06,69000.0,88598.0
2024-08-13,70216.0,86013.0
2024-08-20,71561.0,91835.0
2024-08-27,71918.0,89063.0

数据来源：Wind



























































































































































































































































































































































































































































































































































































































































































































































































































































































































































































































































































































































































































































































































































































































































































































































































































































































































































































































































































































































































































































































































































































































































































































































































































































































































































































































































































































































































































































































































































































































































































































































































































































































































































































































































































































































































































