指标名称,仓单数量:锰硅,仓单数量:硅铁
2014-11-18,18.0,0.0
2014-11-19,18.0,0.0
2014-11-20,18.0,0.0
2014-11-21,18.0,0.0
2014-11-24,18.0,0.0
2014-11-25,18.0,0.0
2014-11-26,18.0,0.0
2014-11-27,18.0,0.0
2014-11-28,18.0,0.0
2014-12-01,18.0,0.0
2014-12-02,18.0,0.0
2014-12-03,18.0,0.0
2014-12-04,18.0,0.0
2014-12-05,18.0,0.0
2014-12-08,18.0,0.0
2014-12-09,18.0,0.0
2014-12-10,18.0,0.0
2014-12-11,18.0,0.0
2014-12-12,18.0,0.0
2014-12-15,18.0,0.0
2014-12-16,18.0,0.0
2014-12-17,18.0,0.0
2014-12-18,18.0,0.0
2014-12-19,18.0,0.0
2014-12-22,18.0,0.0
2014-12-23,18.0,0.0
2014-12-24,18.0,0.0
2014-12-25,18.0,0.0
2014-12-26,18.0,0.0
2014-12-29,18.0,0.0
2014-12-30,18.0,0.0
2014-12-31,18.0,0.0
2015-01-05,18.0,0.0
2015-01-06,18.0,0.0
2015-01-07,18.0,0.0
2015-01-08,18.0,0.0
2015-01-09,18.0,0.0
2015-01-12,194.0,1.0
2015-01-13,426.0,1.0
2015-01-14,520.0,1.0
2015-01-15,520.0,1.0
2015-01-16,526.0,1.0
2015-01-19,526.0,1.0
2015-01-20,526.0,1.0
2015-01-21,526.0,1.0
2015-01-22,0.0,1.0
2015-01-23,0.0,0.0
2015-01-26,0.0,0.0
2015-01-27,0.0,0.0
2015-01-28,0.0,0.0
2015-01-29,0.0,0.0
2015-01-30,0.0,0.0
2015-02-02,0.0,0.0
2015-02-03,0.0,0.0
2015-02-04,0.0,0.0
2015-02-05,0.0,0.0
2015-02-06,0.0,0.0
2015-02-09,0.0,0.0
2015-02-10,0.0,0.0
2015-02-11,0.0,0.0
2015-02-12,0.0,0.0
2015-02-13,0.0,0.0
2015-02-16,0.0,0.0
2015-02-17,0.0,0.0
2015-02-25,0.0,0.0
2015-02-26,0.0,0.0
2015-02-27,0.0,0.0
2015-03-02,0.0,0.0
2015-03-03,0.0,0.0
2015-03-04,0.0,0.0
2015-03-05,0.0,0.0
2015-03-06,0.0,0.0
2015-03-09,0.0,0.0
2015-03-10,0.0,0.0
2015-03-11,0.0,0.0
2015-03-12,0.0,0.0
2015-03-13,0.0,0.0
2015-03-16,0.0,0.0
2015-03-17,0.0,0.0
2015-03-18,0.0,0.0
2015-03-19,0.0,0.0
2015-03-20,0.0,0.0
2015-03-23,0.0,0.0
2015-03-24,0.0,0.0
2015-03-25,0.0,0.0
2015-03-26,0.0,0.0
2015-03-27,0.0,0.0
2015-03-30,0.0,0.0
2015-03-31,0.0,0.0
2015-04-01,0.0,0.0
2015-04-02,0.0,0.0
2015-04-03,0.0,0.0
2015-04-07,0.0,0.0
2015-04-08,0.0,0.0
2015-04-09,0.0,0.0
2015-04-10,0.0,0.0
2015-04-13,0.0,0.0
2015-04-14,0.0,0.0
2015-04-15,0.0,0.0
2015-04-16,0.0,0.0
2015-04-17,0.0,0.0
2015-04-20,0.0,0.0
2015-04-21,0.0,0.0
2015-04-22,0.0,0.0
2015-04-23,0.0,0.0
2015-04-24,0.0,0.0
2015-04-27,0.0,0.0
2015-04-28,0.0,0.0
2015-04-29,0.0,0.0
2015-04-30,0.0,0.0
2015-05-04,0.0,0.0
2015-05-05,0.0,0.0
2015-05-06,0.0,0.0
2015-05-07,0.0,0.0
2015-05-08,0.0,0.0
2015-05-11,0.0,0.0
2015-05-12,0.0,0.0
2015-05-13,0.0,0.0
2015-05-14,0.0,0.0
2015-05-15,0.0,0.0
2015-05-18,0.0,0.0
2015-05-19,0.0,0.0
2015-05-20,0.0,0.0
2015-05-21,0.0,0.0
2015-05-22,0.0,0.0
2015-05-25,0.0,0.0
2015-05-26,0.0,0.0
2015-05-27,0.0,0.0
2015-05-28,0.0,0.0
2015-05-29,0.0,0.0
2015-06-01,0.0,0.0
2015-06-02,0.0,0.0
2015-06-03,0.0,0.0
2015-06-04,0.0,0.0
2015-06-05,0.0,0.0
2015-06-08,0.0,0.0
2015-06-09,0.0,0.0
2015-06-10,0.0,0.0
2015-06-11,0.0,0.0
2015-06-12,0.0,0.0
2015-06-15,0.0,0.0
2015-06-16,0.0,0.0
2015-06-17,0.0,0.0
2015-06-18,0.0,0.0
2015-06-19,0.0,0.0
2015-06-23,0.0,0.0
2015-06-24,0.0,0.0
2015-06-25,0.0,0.0
2015-06-26,0.0,0.0
2015-06-29,0.0,0.0
2015-06-30,0.0,0.0
2015-07-01,0.0,0.0
2015-07-02,0.0,0.0
2015-07-03,0.0,0.0
2015-07-06,0.0,0.0
2015-07-07,0.0,0.0
2015-07-08,0.0,0.0
2015-07-09,0.0,0.0
2015-07-10,0.0,0.0
2015-07-13,0.0,0.0
2015-07-14,0.0,0.0
2015-07-15,0.0,0.0
2015-07-16,0.0,0.0
2015-07-17,0.0,0.0
2015-07-20,0.0,0.0
2015-07-21,0.0,0.0
2015-07-22,0.0,0.0
2015-07-23,0.0,0.0
2015-07-24,0.0,0.0
2015-07-27,0.0,0.0
2015-07-28,0.0,0.0
2015-07-29,0.0,0.0
2015-07-30,0.0,0.0
2015-07-31,0.0,0.0
2015-08-03,0.0,0.0
2015-08-04,0.0,0.0
2015-08-05,0.0,0.0
2015-08-06,0.0,0.0
2015-08-07,0.0,0.0
2015-08-10,0.0,0.0
2015-08-11,0.0,0.0
2015-08-12,0.0,0.0
2015-08-13,0.0,0.0
2015-08-14,0.0,0.0
2015-08-17,0.0,0.0
2015-08-18,0.0,0.0
2015-08-19,0.0,0.0
2015-08-20,0.0,0.0
2015-08-21,0.0,0.0
2015-08-24,0.0,0.0
2015-08-25,0.0,0.0
2015-08-26,0.0,0.0
2015-08-27,0.0,0.0
2015-08-28,0.0,0.0
2015-08-31,0.0,0.0
2015-09-01,0.0,0.0
2015-09-02,0.0,0.0
2015-09-07,0.0,0.0
2015-09-08,0.0,0.0
2015-09-09,0.0,0.0
2015-09-10,0.0,0.0
2015-09-11,0.0,0.0
2015-09-14,0.0,0.0
2015-09-15,0.0,0.0
2015-09-16,0.0,0.0
2015-09-17,0.0,0.0
2015-09-18,0.0,0.0
2015-09-21,0.0,0.0
2015-09-22,0.0,0.0
2015-09-23,0.0,0.0
2015-09-24,0.0,0.0
2015-09-25,0.0,0.0
2015-09-28,0.0,0.0
2015-09-29,0.0,0.0
2015-09-30,0.0,0.0
2015-10-08,0.0,0.0
2015-10-09,0.0,0.0
2015-10-12,0.0,0.0
2015-10-13,0.0,0.0
2015-10-14,0.0,0.0
2015-10-15,0.0,0.0
2015-10-16,0.0,0.0
2015-10-19,0.0,0.0
2015-10-20,0.0,0.0
2015-10-21,0.0,0.0
2015-10-22,0.0,0.0
2015-10-23,0.0,0.0
2015-10-26,0.0,0.0
2015-10-27,0.0,0.0
2015-10-28,0.0,0.0
2015-10-29,0.0,0.0
2015-10-30,0.0,0.0
2015-11-02,0.0,0.0
2015-11-03,0.0,0.0
2015-11-04,0.0,0.0
2015-11-05,0.0,0.0
2015-11-06,0.0,0.0
2015-11-09,0.0,0.0
2015-11-10,0.0,0.0
2015-11-11,0.0,0.0
2015-11-12,0.0,0.0
2015-11-13,0.0,0.0
2015-11-16,0.0,0.0
2015-11-17,0.0,0.0
2015-11-18,0.0,0.0
2015-11-19,0.0,0.0
2015-11-20,0.0,0.0
2015-11-23,0.0,0.0
2015-11-24,0.0,0.0
2015-11-25,0.0,0.0
2015-11-26,0.0,0.0
2015-11-27,0.0,0.0
2015-11-30,0.0,0.0
2015-12-01,0.0,0.0
2015-12-02,0.0,0.0
2015-12-03,0.0,0.0
2015-12-04,0.0,0.0
2015-12-07,0.0,0.0
2015-12-08,0.0,0.0
2015-12-09,0.0,0.0
2015-12-10,0.0,0.0
2015-12-11,0.0,0.0
2015-12-14,0.0,0.0
2015-12-15,0.0,0.0
2015-12-16,0.0,0.0
2015-12-17,0.0,0.0
2015-12-18,0.0,0.0
2015-12-21,0.0,0.0
2015-12-22,0.0,0.0
2015-12-23,0.0,0.0
2015-12-24,0.0,0.0
2015-12-25,0.0,0.0
2015-12-28,0.0,0.0
2015-12-29,0.0,0.0
2015-12-30,0.0,0.0
2015-12-31,0.0,0.0
2016-01-04,0.0,0.0
2016-01-05,0.0,0.0
2016-01-06,0.0,0.0
2016-01-07,0.0,0.0
2016-01-08,0.0,0.0
2016-01-11,0.0,0.0
2016-01-12,0.0,0.0
2016-01-13,0.0,0.0
2016-01-14,0.0,0.0
2016-01-15,0.0,0.0
2016-01-18,0.0,0.0
2016-01-19,0.0,0.0
2016-01-20,0.0,0.0
2016-01-21,0.0,0.0
2016-01-22,0.0,0.0
2016-01-25,0.0,0.0
2016-01-26,0.0,0.0
2016-01-27,0.0,0.0
2016-01-28,0.0,0.0
2016-01-29,0.0,0.0
2016-02-01,0.0,0.0
2016-02-02,0.0,0.0
2016-02-03,0.0,0.0
2016-02-04,0.0,0.0
2016-02-05,0.0,0.0
2016-02-15,0.0,0.0
2016-02-16,0.0,0.0
2016-02-17,0.0,0.0
2016-02-18,0.0,0.0
2016-02-19,0.0,0.0
2016-02-22,0.0,0.0
2016-02-23,0.0,0.0
2016-02-24,0.0,0.0
2016-02-25,0.0,0.0
2016-02-26,0.0,0.0
2016-02-29,0.0,0.0
2016-03-01,0.0,0.0
2016-03-02,0.0,0.0
2016-03-03,0.0,0.0
2016-03-04,0.0,0.0
2016-03-07,0.0,0.0
2016-03-08,0.0,0.0
2016-03-09,0.0,0.0
2016-03-10,0.0,0.0
2016-03-11,0.0,0.0
2016-03-14,0.0,0.0
2016-03-15,0.0,0.0
2016-03-16,0.0,0.0
2016-03-17,0.0,0.0
2016-03-18,0.0,0.0
2016-03-21,0.0,0.0
2016-03-22,0.0,0.0
2016-03-23,0.0,0.0
2016-03-24,0.0,0.0
2016-03-25,0.0,0.0
2016-03-28,0.0,0.0
2016-03-29,0.0,0.0
2016-03-30,0.0,0.0
2016-03-31,0.0,0.0
2016-04-01,0.0,0.0
2016-04-05,0.0,0.0
2016-04-06,0.0,0.0
2016-04-07,0.0,0.0
2016-04-08,0.0,0.0
2016-04-11,0.0,0.0
2016-04-12,0.0,0.0
2016-04-13,0.0,0.0
2016-04-14,0.0,0.0
2016-04-15,0.0,0.0
2016-04-18,0.0,0.0
2016-04-19,0.0,0.0
2016-04-20,0.0,0.0
2016-04-21,0.0,0.0
2016-04-22,0.0,0.0
2016-04-25,0.0,0.0
2016-04-26,0.0,0.0
2016-04-27,0.0,0.0
2016-04-28,0.0,0.0
2016-04-29,0.0,0.0
2016-05-03,0.0,0.0
2016-05-04,0.0,0.0
2016-05-05,0.0,0.0
2016-05-06,0.0,0.0
2016-05-09,0.0,0.0
2016-05-10,0.0,0.0
2016-05-11,0.0,0.0
2016-05-12,0.0,11.0
2016-05-13,0.0,11.0
2016-05-16,0.0,11.0
2016-05-17,0.0,11.0
2016-05-18,0.0,11.0
2016-05-19,0.0,11.0
2016-05-20,0.0,11.0
2016-05-23,0.0,11.0
2016-05-24,0.0,11.0
2016-05-25,0.0,11.0
2016-05-26,0.0,11.0
2016-05-27,0.0,11.0
2016-05-30,0.0,11.0
2016-05-31,0.0,11.0
2016-06-01,0.0,11.0
2016-06-02,0.0,11.0
2016-06-03,0.0,11.0
2016-06-06,0.0,11.0
2016-06-07,0.0,11.0
2016-06-08,0.0,11.0
2016-06-13,0.0,11.0
2016-06-14,0.0,11.0
2016-06-15,0.0,2.0
2016-06-16,0.0,2.0
2016-06-17,0.0,2.0
2016-06-20,0.0,0.0
2016-06-21,0.0,0.0
2016-06-22,0.0,0.0
2016-06-23,0.0,0.0
2016-06-24,0.0,0.0
2016-06-27,0.0,0.0
2016-06-28,0.0,0.0
2016-06-29,0.0,0.0
2016-06-30,0.0,0.0
2016-07-01,0.0,0.0
2016-07-04,0.0,0.0
2016-07-05,0.0,0.0
2016-07-06,0.0,0.0
2016-07-07,0.0,0.0
2016-07-08,0.0,0.0
2016-07-11,0.0,0.0
2016-07-12,0.0,0.0
2016-07-13,0.0,0.0
2016-07-14,0.0,0.0
2016-07-15,0.0,0.0
2016-07-18,0.0,0.0
2016-07-19,0.0,0.0
2016-07-20,0.0,0.0
2016-07-21,0.0,0.0
2016-07-22,0.0,0.0
2016-07-25,0.0,0.0
2016-07-26,0.0,0.0
2016-07-27,0.0,0.0
2016-07-28,0.0,0.0
2016-07-29,0.0,0.0
2016-08-01,0.0,0.0
2016-08-02,0.0,0.0
2016-08-03,0.0,0.0
2016-08-04,0.0,0.0
2016-08-05,0.0,0.0
2016-08-08,0.0,0.0
2016-08-09,0.0,0.0
2016-08-10,0.0,0.0
2016-08-11,0.0,0.0
2016-08-12,0.0,0.0
2016-08-15,0.0,0.0
2016-08-16,0.0,0.0
2016-08-17,0.0,0.0
2016-08-18,0.0,0.0
2016-08-19,0.0,0.0
2016-08-22,0.0,0.0
2016-08-23,0.0,0.0
2016-08-24,0.0,0.0
2016-08-25,0.0,0.0
2016-08-26,0.0,0.0
2016-08-29,0.0,0.0
2016-08-30,0.0,0.0
2016-08-31,0.0,0.0
2016-09-01,0.0,0.0
2016-09-02,0.0,0.0
2016-09-05,0.0,0.0
2016-09-06,0.0,0.0
2016-09-07,0.0,0.0
2016-09-08,58.0,38.0
2016-09-09,58.0,38.0
2016-09-12,60.0,38.0
2016-09-13,60.0,52.0
2016-09-14,60.0,52.0
2016-09-19,60.0,52.0
2016-09-20,0.0,52.0
2016-09-21,0.0,0.0
2016-09-22,0.0,0.0
2016-09-23,0.0,0.0
2016-09-26,0.0,0.0
2016-09-27,0.0,0.0
2016-09-28,0.0,0.0
2016-09-29,0.0,0.0
2016-09-30,0.0,0.0
2016-10-10,0.0,0.0
2016-10-11,0.0,0.0
2016-10-12,0.0,0.0
2016-10-13,0.0,0.0
2016-10-14,0.0,0.0
2016-10-17,0.0,0.0
2016-10-18,0.0,0.0
2016-10-19,0.0,0.0
2016-10-20,0.0,0.0
2016-10-21,0.0,0.0
2016-10-24,0.0,0.0
2016-10-25,0.0,0.0
2016-10-26,0.0,0.0
2016-10-27,0.0,0.0
2016-10-28,0.0,0.0
2016-10-31,0.0,0.0
2016-11-01,0.0,0.0
2016-11-02,0.0,0.0
2016-11-03,0.0,0.0
2016-11-04,0.0,0.0
2016-11-07,0.0,0.0
2016-11-08,0.0,0.0
2016-11-09,0.0,0.0
2016-11-10,0.0,0.0
2016-11-11,0.0,0.0
2016-11-14,0.0,0.0
2016-11-15,0.0,0.0
2016-11-16,0.0,0.0
2016-11-17,0.0,0.0
2016-11-18,0.0,0.0
2016-11-21,0.0,0.0
2016-11-22,0.0,0.0
2016-11-23,0.0,0.0
2016-11-24,0.0,0.0
2016-11-25,0.0,0.0
2016-11-28,0.0,0.0
2016-11-29,0.0,0.0
2016-11-30,0.0,0.0
2016-12-01,0.0,0.0
2016-12-02,0.0,0.0
2016-12-05,0.0,0.0
2016-12-06,0.0,0.0
2016-12-07,0.0,0.0
2016-12-08,0.0,0.0
2016-12-09,0.0,0.0
2016-12-12,0.0,0.0
2016-12-13,2.0,0.0
2016-12-14,2.0,0.0
2016-12-15,2.0,0.0
2016-12-16,2.0,0.0
2016-12-19,2.0,0.0
2016-12-20,2.0,0.0
2016-12-21,2.0,0.0
2016-12-22,2.0,0.0
2016-12-23,2.0,0.0
2016-12-26,2.0,0.0
2016-12-27,2.0,0.0
2016-12-28,2.0,0.0
2016-12-29,2.0,0.0
2016-12-30,2.0,0.0
2017-01-03,2.0,0.0
2017-01-04,2.0,0.0
2017-01-05,2.0,0.0
2017-01-06,2.0,0.0
2017-01-09,2.0,0.0
2017-01-10,2.0,0.0
2017-01-11,2.0,0.0
2017-01-12,28.0,7.0
2017-01-13,28.0,7.0
2017-01-16,28.0,7.0
2017-01-17,28.0,7.0
2017-01-18,0.0,1.0
2017-01-19,0.0,1.0
2017-01-20,0.0,1.0
2017-01-23,0.0,1.0
2017-01-24,0.0,1.0
2017-01-25,0.0,1.0
2017-01-26,0.0,1.0
2017-02-03,0.0,1.0
2017-02-06,0.0,1.0
2017-02-07,0.0,1.0
2017-02-08,0.0,1.0
2017-02-09,0.0,0.0
2017-02-10,0.0,0.0
2017-02-13,0.0,0.0
2017-02-14,0.0,0.0
2017-02-15,0.0,0.0
2017-02-16,0.0,0.0
2017-02-17,0.0,0.0
2017-02-20,0.0,0.0
2017-02-21,0.0,0.0
2017-02-22,0.0,0.0
2017-02-23,0.0,0.0
2017-02-24,0.0,0.0
2017-02-27,0.0,0.0
2017-02-28,0.0,0.0
2017-03-01,0.0,0.0
2017-03-02,0.0,0.0
2017-03-03,0.0,0.0
2017-03-06,0.0,0.0
2017-03-07,0.0,0.0
2017-03-08,0.0,0.0
2017-03-09,0.0,0.0
2017-03-10,0.0,0.0
2017-03-13,0.0,0.0
2017-03-14,0.0,0.0
2017-03-15,0.0,0.0
2017-03-16,0.0,0.0
2017-03-17,0.0,0.0
2017-03-20,0.0,0.0
2017-03-21,0.0,0.0
2017-03-22,39.0,0.0
2017-03-23,53.0,0.0
2017-03-24,53.0,0.0
2017-03-27,53.0,0.0
2017-03-28,53.0,0.0
2017-03-29,53.0,0.0
2017-03-30,53.0,0.0
2017-03-31,123.0,0.0
2017-04-05,140.0,0.0
2017-04-06,140.0,0.0
2017-04-07,167.0,14.0
2017-04-10,167.0,14.0
2017-04-11,247.0,14.0
2017-04-12,247.0,14.0
2017-04-13,247.0,14.0
2017-04-14,210.0,14.0
2017-04-17,210.0,24.0
2017-04-18,322.0,24.0
2017-04-19,305.0,24.0
2017-04-20,248.0,24.0
2017-04-21,213.0,24.0
2017-04-24,211.0,24.0
2017-04-25,195.0,24.0
2017-04-26,195.0,24.0
2017-04-27,195.0,24.0
2017-04-28,195.0,24.0
2017-05-02,195.0,24.0
2017-05-03,475.0,52.0
2017-05-04,475.0,52.0
2017-05-05,472.0,52.0
2017-05-08,432.0,52.0
2017-05-09,394.0,52.0
2017-05-10,425.0,52.0
2017-05-11,398.0,58.0
2017-05-12,499.0,52.0
2017-05-15,499.0,52.0
2017-05-16,452.0,52.0
2017-05-17,321.0,41.0
2017-05-18,307.0,33.0
2017-05-19,240.0,7.0
2017-05-22,240.0,7.0
2017-05-23,240.0,6.0
2017-05-24,240.0,6.0
2017-05-25,240.0,2.0
2017-05-26,217.0,2.0
2017-05-31,217.0,2.0
2017-06-01,217.0,2.0
2017-06-02,217.0,0.0
2017-06-05,196.0,0.0
2017-06-06,196.0,0.0
2017-06-07,174.0,0.0
2017-06-08,174.0,0.0
2017-06-09,124.0,0.0
2017-06-12,124.0,0.0
2017-06-13,122.0,0.0
2017-06-14,122.0,0.0
2017-06-15,73.0,0.0
2017-06-16,73.0,0.0
2017-06-19,66.0,0.0
2017-06-20,66.0,0.0
2017-06-21,66.0,0.0
2017-06-22,66.0,0.0
2017-06-23,66.0,0.0
2017-06-26,66.0,0.0
2017-06-27,56.0,0.0
2017-06-28,56.0,0.0
2017-06-29,56.0,0.0
2017-06-30,56.0,0.0
2017-07-03,56.0,0.0
2017-07-04,56.0,0.0
2017-07-05,56.0,0.0
2017-07-06,41.0,0.0
2017-07-07,41.0,0.0
2017-07-10,41.0,0.0
2017-07-11,35.0,0.0
2017-07-12,35.0,0.0
2017-07-13,17.0,0.0
2017-07-14,17.0,0.0
2017-07-17,17.0,0.0
2017-07-18,17.0,0.0
2017-07-19,2.0,0.0
2017-07-20,2.0,0.0
2017-07-21,2.0,0.0
2017-07-24,2.0,0.0
2017-07-25,2.0,0.0
2017-07-26,2.0,0.0
2017-07-27,2.0,0.0
2017-07-28,2.0,0.0
2017-07-31,2.0,0.0
2017-08-01,2.0,0.0
2017-08-02,2.0,0.0
2017-08-03,2.0,0.0
2017-08-04,2.0,0.0
2017-08-07,2.0,0.0
2017-08-08,2.0,0.0
2017-08-09,2.0,0.0
2017-08-10,2.0,0.0
2017-08-11,2.0,0.0
2017-08-14,2.0,0.0
2017-08-15,2.0,0.0
2017-08-16,2.0,0.0
2017-08-17,2.0,0.0
2017-08-18,2.0,0.0
2017-08-21,128.0,0.0
2017-08-22,127.0,0.0
2017-08-23,127.0,0.0
2017-08-24,127.0,0.0
2017-08-25,183.0,0.0
2017-08-28,183.0,0.0
2017-08-29,183.0,0.0
2017-08-30,183.0,0.0
2017-08-31,183.0,0.0
2017-09-01,183.0,0.0
2017-09-04,183.0,0.0
2017-09-05,183.0,0.0
2017-09-06,239.0,4.0
2017-09-07,225.0,4.0
2017-09-08,281.0,4.0
2017-09-11,281.0,4.0
2017-09-12,346.0,4.0
2017-09-13,346.0,4.0
2017-09-14,347.0,4.0
2017-09-15,347.0,4.0
2017-09-18,94.0,1.0
2017-09-19,90.0,0.0
2017-09-20,33.0,0.0
2017-09-21,0.0,0.0
2017-09-22,0.0,0.0
2017-09-25,0.0,0.0
2017-09-26,0.0,0.0
2017-09-27,0.0,0.0
2017-09-28,0.0,0.0
2017-09-29,0.0,0.0
2017-10-09,0.0,0.0
2017-10-10,0.0,0.0
2017-10-11,0.0,0.0
2017-10-12,0.0,0.0
2017-10-13,0.0,0.0
2017-10-16,0.0,0.0
2017-10-17,0.0,0.0
2017-10-18,0.0,0.0
2017-10-19,0.0,0.0
2017-10-20,0.0,0.0
2017-10-23,0.0,0.0
2017-10-24,0.0,0.0
2017-10-25,0.0,0.0
2017-10-26,0.0,0.0
2017-10-27,0.0,0.0
2017-10-30,0.0,0.0
2017-10-31,0.0,0.0
2017-11-01,0.0,0.0
2017-11-02,0.0,0.0
2017-11-03,0.0,0.0
2017-11-06,0.0,0.0
2017-11-07,0.0,0.0
2017-11-08,0.0,0.0
2017-11-09,0.0,0.0
2017-11-10,0.0,0.0
2017-11-13,0.0,0.0
2017-11-14,0.0,0.0
2017-11-15,0.0,0.0
2017-11-16,0.0,0.0
2017-11-17,0.0,0.0
2017-11-20,0.0,0.0
2017-11-21,0.0,0.0
2017-11-22,0.0,0.0
2017-11-23,0.0,0.0
2017-11-24,0.0,0.0
2017-11-27,0.0,0.0
2017-11-28,0.0,0.0
2017-11-29,0.0,0.0
2017-11-30,0.0,0.0
2017-12-01,0.0,0.0
2017-12-04,41.0,0.0
2017-12-05,41.0,0.0
2017-12-06,41.0,0.0
2017-12-07,41.0,0.0
2017-12-08,41.0,0.0
2017-12-11,41.0,0.0
2017-12-12,41.0,0.0
2017-12-13,97.0,0.0
2017-12-14,97.0,0.0
2017-12-15,183.0,0.0
2017-12-18,183.0,0.0
2017-12-19,383.0,0.0
2017-12-20,383.0,0.0
2017-12-21,416.0,0.0
2017-12-22,416.0,0.0
2017-12-25,528.0,0.0
2017-12-26,557.0,0.0
2017-12-27,557.0,0.0
2017-12-28,591.0,0.0
2017-12-29,591.0,0.0
2018-01-02,591.0,0.0
2018-01-03,608.0,15.0
2018-01-04,681.0,15.0
2018-01-05,749.0,73.0
2018-01-08,836.0,92.0
2018-01-09,860.0,92.0
2018-01-10,829.0,104.0
2018-01-11,856.0,153.0
2018-01-12,856.0,153.0
2018-01-15,885.0,153.0
2018-01-16,867.0,153.0
2018-01-17,714.0,13.0
2018-01-18,441.0,13.0
2018-01-19,441.0,4.0
2018-01-22,430.0,4.0
2018-01-23,398.0,4.0
2018-01-24,390.0,4.0
2018-01-25,390.0,0.0
2018-01-26,360.0,0.0
2018-01-29,327.0,0.0
2018-01-30,327.0,10.0
2018-01-31,327.0,10.0
2018-02-01,327.0,10.0
2018-02-02,269.0,10.0
2018-02-05,269.0,10.0
2018-02-06,269.0,10.0
2018-02-07,269.0,19.0
2018-02-08,269.0,41.0
2018-02-09,269.0,41.0
2018-02-12,269.0,41.0
2018-02-13,269.0,41.0
2018-02-14,269.0,41.0
2018-02-22,269.0,41.0
2018-02-23,269.0,41.0
2018-02-26,269.0,41.0
2018-02-27,269.0,0.0
2018-02-28,269.0,0.0
2018-03-01,269.0,0.0
2018-03-02,267.0,0.0
2018-03-05,267.0,0.0
2018-03-06,267.0,0.0
2018-03-07,267.0,0.0
2018-03-08,267.0,0.0
2018-03-09,267.0,0.0
2018-03-12,267.0,0.0
2018-03-13,267.0,0.0
2018-03-14,267.0,0.0
2018-03-15,267.0,0.0
2018-03-16,267.0,0.0
2018-03-19,267.0,0.0
2018-03-20,267.0,0.0
2018-03-21,267.0,0.0
2018-03-22,267.0,0.0
2018-03-23,267.0,0.0
2018-03-26,267.0,0.0
2018-03-27,267.0,0.0
2018-03-28,267.0,0.0
2018-03-29,267.0,0.0
2018-03-30,267.0,0.0
2018-04-02,267.0,0.0
2018-04-03,267.0,0.0
2018-04-04,267.0,0.0
2018-04-09,267.0,0.0
2018-04-10,267.0,0.0
2018-04-11,267.0,0.0
2018-04-12,267.0,0.0
2018-04-13,267.0,6.0
2018-04-16,267.0,6.0
2018-04-17,267.0,6.0
2018-04-18,267.0,6.0
2018-04-19,395.0,6.0
2018-04-20,395.0,6.0
2018-04-23,395.0,6.0
2018-04-24,395.0,20.0
2018-04-25,395.0,20.0
2018-04-26,267.0,20.0
2018-04-27,267.0,97.0
2018-05-02,267.0,97.0
2018-05-03,267.0,128.0
2018-05-04,301.0,280.0
2018-05-07,301.0,310.0
2018-05-08,301.0,329.0
2018-05-09,301.0,329.0
2018-05-10,301.0,346.0
2018-05-11,358.0,752.0
2018-05-14,358.0,777.0
2018-05-15,358.0,834.0
2018-05-16,358.0,825.0
2018-05-17,278.0,825.0
2018-05-18,237.0,905.0
2018-05-21,231.0,905.0
2018-05-22,228.0,890.0
2018-05-23,228.0,854.0
2018-05-24,223.0,795.0
2018-05-25,223.0,781.0
2018-05-28,214.0,733.0
2018-05-29,214.0,671.0
2018-05-30,214.0,528.0
2018-05-31,214.0,489.0
2018-06-01,214.0,479.0
2018-06-04,214.0,476.0
2018-06-05,214.0,476.0
2018-06-06,214.0,500.0
2018-06-07,214.0,500.0
2018-06-08,184.0,460.0
2018-06-11,174.0,460.0
2018-06-12,174.0,464.0
2018-06-13,174.0,464.0
2018-06-14,174.0,464.0
2018-06-15,139.0,454.0
2018-06-19,139.0,454.0
2018-06-20,139.0,308.0
2018-06-21,147.0,280.0
2018-06-22,147.0,0.0
2018-06-25,147.0,77.0
2018-06-26,147.0,78.0
2018-06-27,147.0,136.0
2018-06-28,147.0,401.0
2018-06-29,141.0,401.0
2018-07-02,141.0,431.0
2018-07-03,141.0,422.0
2018-07-04,141.0,422.0
2018-07-05,112.0,422.0
2018-07-06,89.0,576.0
2018-07-09,77.0,576.0
2018-07-10,94.0,584.0
2018-07-11,80.0,612.0
2018-07-12,64.0,643.0
2018-07-13,64.0,658.0
2018-07-16,40.0,628.0
2018-07-17,40.0,622.0
2018-07-18,27.0,617.0
2018-07-19,27.0,617.0
2018-07-20,19.0,617.0
2018-07-23,19.0,617.0
2018-07-24,19.0,617.0
2018-07-25,0.0,617.0
2018-07-26,0.0,605.0
2018-07-27,0.0,605.0
2018-07-30,0.0,605.0
2018-07-31,0.0,594.0
2018-08-01,0.0,594.0
2018-08-02,0.0,594.0
2018-08-03,0.0,594.0
2018-08-06,0.0,594.0
2018-08-07,0.0,594.0
2018-08-08,0.0,594.0
2018-08-09,0.0,597.0
2018-08-10,0.0,652.0
2018-08-13,0.0,652.0
2018-08-14,0.0,652.0
2018-08-15,0.0,652.0
2018-08-16,0.0,653.0
2018-08-17,0.0,653.0
2018-08-20,0.0,653.0
2018-08-21,0.0,633.0
2018-08-22,0.0,682.0
2018-08-23,0.0,662.0
2018-08-24,0.0,682.0
2018-08-27,0.0,659.0
2018-08-28,30.0,602.0
2018-08-29,30.0,599.0
2018-08-30,30.0,686.0
2018-08-31,30.0,701.0
2018-09-03,30.0,684.0
2018-09-04,30.0,677.0
2018-09-05,30.0,677.0
2018-09-06,89.0,657.0
2018-09-07,300.0,636.0
2018-09-10,315.0,753.0
2018-09-11,315.0,798.0
2018-09-12,315.0,846.0
2018-09-13,256.0,918.0
2018-09-14,256.0,935.0
2018-09-17,256.0,914.0
2018-09-18,237.0,861.0
2018-09-19,204.0,824.0
2018-09-20,186.0,824.0
2018-09-21,185.0,843.0
2018-09-25,185.0,843.0
2018-09-26,145.0,831.0
2018-09-27,116.0,820.0
2018-09-28,72.0,820.0
2018-10-08,72.0,788.0
2018-10-09,50.0,770.0
2018-10-10,50.0,756.0
2018-10-11,50.0,753.0
2018-10-12,50.0,694.0
2018-10-15,50.0,711.0
2018-10-16,45.0,711.0
2018-10-17,45.0,711.0
2018-10-18,37.0,583.0
2018-10-19,37.0,583.0
2018-10-22,37.0,572.0
2018-10-23,37.0,544.0
2018-10-24,0.0,523.0
2018-10-25,0.0,340.0
2018-10-26,0.0,0.0
2018-10-29,0.0,81.0
2018-10-30,0.0,240.0
2018-10-31,0.0,286.0
2018-11-01,0.0,431.0
2018-11-02,0.0,431.0
2018-11-05,0.0,441.0
2018-11-06,0.0,456.0
2018-11-07,0.0,456.0
2018-11-08,0.0,456.0
2018-11-09,0.0,456.0
2018-11-12,0.0,456.0
2018-11-13,0.0,433.0
2018-11-14,0.0,433.0
2018-11-15,0.0,427.0
2018-11-16,0.0,417.0
2018-11-19,0.0,393.0
2018-11-20,0.0,423.0
2018-11-21,0.0,420.0
2018-11-22,0.0,420.0
2018-11-23,0.0,414.0
2018-11-26,0.0,408.0
2018-11-27,0.0,406.0
2018-11-28,0.0,417.0
2018-11-29,0.0,417.0
2018-11-30,0.0,393.0
2018-12-03,0.0,393.0
2018-12-04,0.0,351.0
2018-12-05,0.0,351.0
2018-12-06,0.0,351.0
2018-12-07,0.0,351.0
2018-12-10,0.0,336.0
2018-12-11,0.0,336.0
2018-12-12,0.0,315.0
2018-12-13,0.0,359.0
2018-12-14,0.0,362.0
2018-12-17,0.0,357.0
2018-12-18,0.0,261.0
2018-12-19,0.0,204.0
2018-12-20,0.0,0.0
2018-12-21,0.0,2443.0
2018-12-24,0.0,2355.0
2018-12-25,0.0,2273.0
2018-12-26,0.0,2258.0
2018-12-27,0.0,2300.0
2018-12-28,210.0,2248.0
2019-01-02,420.0,2248.0
2019-01-03,640.0,2248.0
2019-01-04,1240.0,2129.0
2019-01-07,2646.0,2145.0
2019-01-08,2646.0,1865.0
2019-01-09,3306.0,1822.0
2019-01-10,4046.0,2339.0
2019-01-11,5236.0,3155.0
2019-01-14,5236.0,2735.0
2019-01-15,5236.0,2735.0
2019-01-16,4436.0,2695.0
2019-01-17,4199.0,2493.0
2019-01-18,4199.0,2476.0
2019-01-21,4199.0,2476.0
2019-01-22,3819.0,2476.0
2019-01-23,3731.0,2476.0
2019-01-24,3674.0,2436.0
2019-01-25,3574.0,2376.0
2019-01-28,3574.0,2376.0
2019-01-29,3574.0,2376.0
2019-01-30,3574.0,2376.0
2019-01-31,3574.0,2376.0
2019-02-01,3574.0,2376.0
2019-02-11,3574.0,2376.0
2019-02-12,3574.0,2376.0
2019-02-13,3574.0,2356.0
2019-02-14,3574.0,2356.0
2019-02-15,3574.0,2350.0
2019-02-18,3574.0,2350.0
2019-02-19,3574.0,2350.0
2019-02-20,3574.0,2350.0
2019-02-21,3574.0,2350.0
2019-02-22,3574.0,2310.0
2019-02-25,3474.0,1938.0
2019-02-26,3374.0,1421.0
2019-02-27,3374.0,157.0
2019-02-28,3374.0,0.0
2019-03-01,3374.0,509.0
2019-03-04,3374.0,612.0
2019-03-05,3374.0,712.0
2019-03-06,3374.0,859.0
2019-03-07,3374.0,1059.0
2019-03-08,3374.0,1878.0
2019-03-11,3374.0,1878.0
2019-03-12,3374.0,1878.0
2019-03-13,3374.0,1878.0
2019-03-14,3474.0,1878.0
2019-03-15,3454.0,1878.0
2019-03-18,3454.0,1878.0
2019-03-19,3340.0,1878.0
2019-03-20,3340.0,1978.0
2019-03-21,3340.0,1978.0
2019-03-22,3340.0,1978.0
2019-03-25,3340.0,1978.0
2019-03-26,3340.0,2315.0
2019-03-27,3340.0,2895.0
2019-03-28,3340.0,2895.0
2019-03-29,3340.0,2895.0
2019-04-01,3340.0,2895.0
2019-04-02,3340.0,3241.0
2019-04-03,3340.0,3797.0
2019-04-04,3340.0,3884.0
2019-04-08,3340.0,3962.0
2019-04-09,3340.0,3962.0
2019-04-10,3340.0,3962.0
2019-04-11,3198.0,3962.0
2019-04-12,3198.0,4078.0
2019-04-15,3198.0,5386.0
2019-04-16,2918.0,5446.0
2019-04-17,3118.0,5446.0
2019-04-18,3078.0,5629.0
2019-04-19,3018.0,6273.0
2019-04-22,3018.0,6119.0
2019-04-23,3018.0,6099.0
2019-04-24,3018.0,6039.0
2019-04-25,3018.0,6039.0
2019-04-26,2958.0,6039.0
2019-04-29,2898.0,6923.0
2019-04-30,2898.0,6923.0
2019-05-06,2898.0,7217.0
2019-05-07,2658.0,7617.0
2019-05-08,2624.0,7630.0
2019-05-09,2239.0,7542.0
2019-05-10,2219.0,7741.0
2019-05-13,2139.0,7738.0
2019-05-14,2139.0,7818.0
2019-05-15,2065.0,7538.0
2019-05-16,2615.0,7718.0
2019-05-17,2615.0,7718.0
2019-05-20,2615.0,7718.0
2019-05-21,2190.0,6084.0
2019-05-22,2190.0,6157.0
2019-05-23,2126.0,5972.0
2019-05-24,2126.0,5932.0
2019-05-27,1945.0,5922.0
2019-05-28,1704.0,5750.0
2019-05-29,1648.0,5750.0
2019-05-30,1508.0,5750.0
2019-05-31,1384.0,5750.0
2019-06-03,1384.0,5512.0
2019-06-04,850.0,5455.0
2019-06-05,812.0,5215.0
2019-06-06,812.0,5165.0
2019-06-10,812.0,5135.0
2019-06-11,681.0,5125.0
2019-06-12,655.0,5125.0
2019-06-13,655.0,5125.0
2019-06-14,655.0,5125.0
2019-06-17,655.0,5125.0
2019-06-18,655.0,3637.0
2019-06-19,600.0,2795.0
2019-06-20,600.0,2221.0
2019-06-21,600.0,2021.0
2019-06-24,600.0,0.0
2019-06-25,600.0,1913.0
2019-06-26,600.0,1913.0
2019-06-27,600.0,2198.0
2019-06-28,600.0,2398.0
2019-07-01,600.0,2398.0
2019-07-02,600.0,2398.0
2019-07-03,600.0,2398.0
2019-07-04,600.0,2398.0
2019-07-05,600.0,2398.0
2019-07-08,600.0,2398.0
2019-07-09,600.0,2398.0
2019-07-10,600.0,2398.0
2019-07-11,600.0,2398.0
2019-07-12,600.0,2398.0
2019-07-15,600.0,2398.0
2019-07-16,600.0,2398.0
2019-07-17,600.0,2398.0
2019-07-18,600.0,2398.0
2019-07-19,600.0,2398.0
2019-07-22,600.0,2398.0
2019-07-23,600.0,2798.0
2019-07-24,600.0,2791.0
2019-07-25,580.0,2791.0
2019-07-26,580.0,3191.0
2019-07-29,580.0,3191.0
2019-07-30,580.0,3743.0
2019-07-31,580.0,3843.0
2019-08-01,580.0,3843.0
2019-08-02,580.0,4043.0
2019-08-05,580.0,3797.0
2019-08-06,580.0,3677.0
2019-08-07,580.0,3677.0
2019-08-08,580.0,3650.0
2019-08-09,488.0,3546.0
2019-08-12,168.0,3546.0
2019-08-13,168.0,3476.0
2019-08-14,168.0,3476.0
2019-08-15,0.0,3382.0
2019-08-16,0.0,3302.0
2019-08-19,0.0,3288.0
2019-08-20,0.0,3288.0
2019-08-21,0.0,3281.0
2019-08-22,0.0,3281.0
2019-08-23,0.0,3261.0
2019-08-26,0.0,3261.0
2019-08-27,0.0,3261.0
2019-08-28,0.0,3261.0
2019-08-29,0.0,3261.0
2019-08-30,0.0,4591.0
2019-09-02,0.0,4591.0
2019-09-03,0.0,4591.0
2019-09-04,0.0,4591.0
2019-09-05,0.0,4591.0
2019-09-06,0.0,5774.0
2019-09-09,0.0,6041.0
2019-09-10,0.0,6702.0
2019-09-11,0.0,6702.0
2019-09-12,410.0,7338.0
2019-09-16,410.0,7584.0
2019-09-17,410.0,7584.0
2019-09-18,410.0,7584.0
2019-09-19,410.0,7584.0
2019-09-20,123.0,7384.0
2019-09-23,123.0,7384.0
2019-09-24,123.0,7384.0
2019-09-25,123.0,7384.0
2019-09-26,123.0,7384.0
2019-09-27,123.0,7384.0
2019-09-30,123.0,7384.0
2019-10-08,123.0,7184.0
2019-10-09,123.0,7032.0
2019-10-10,123.0,7032.0
2019-10-11,123.0,7032.0
2019-10-14,123.0,7014.0
2019-10-15,123.0,6994.0
2019-10-16,123.0,6594.0
2019-10-17,123.0,6574.0
2019-10-18,123.0,6574.0
2019-10-21,123.0,6574.0
2019-10-22,123.0,6474.0
2019-10-23,123.0,6474.0
2019-10-24,123.0,5868.0
2019-10-25,123.0,5305.0
2019-10-28,0.0,0.0
2019-10-29,0.0,0.0
2019-10-30,0.0,0.0
2019-10-31,0.0,331.0
2019-11-01,0.0,2158.0
2019-11-04,0.0,2358.0
2019-11-05,0.0,2358.0
2019-11-06,0.0,2358.0
2019-11-07,0.0,2409.0
2019-11-08,0.0,2611.0
2019-11-11,0.0,2611.0
2019-11-12,0.0,2611.0
2019-11-13,0.0,2611.0
2019-11-14,0.0,2611.0
2019-11-15,0.0,2611.0
2019-11-18,0.0,2611.0
2019-11-19,0.0,2894.0
2019-11-20,0.0,2894.0
2019-11-21,0.0,2854.0
2019-11-22,0.0,2854.0
2019-11-25,0.0,2854.0
2019-11-26,0.0,2854.0
2019-11-27,0.0,3326.0
2019-11-28,0.0,3326.0
2019-11-29,0.0,3326.0
2019-12-02,0.0,3478.0
2019-12-03,0.0,3478.0
2019-12-04,0.0,3478.0
2019-12-05,400.0,3541.0
2019-12-06,400.0,3541.0
2019-12-09,400.0,3541.0
2019-12-10,400.0,3541.0
2019-12-11,400.0,3541.0
2019-12-12,400.0,3541.0
2019-12-13,400.0,3541.0
2019-12-16,400.0,3541.0
2019-12-17,400.0,3481.0
2019-12-18,600.0,3681.0
2019-12-19,600.0,3681.0
2019-12-20,600.0,3681.0
2019-12-23,600.0,3681.0
2019-12-24,600.0,4081.0
2019-12-25,600.0,4081.0
2019-12-26,800.0,4161.0
2019-12-27,800.0,4871.0
2019-12-30,1060.0,5431.0
2019-12-31,1360.0,5431.0
2020-01-02,1565.0,5431.0
2020-01-03,1165.0,5431.0
2020-01-06,1165.0,5532.0
2020-01-07,1969.0,5701.0
2020-01-08,3211.0,6395.0
2020-01-09,3315.0,6395.0
2020-01-10,3298.0,6385.0
2020-01-13,3822.0,6385.0
2020-01-14,3762.0,6610.0
2020-01-15,3862.0,6806.0
2020-01-16,3862.0,6800.0
2020-01-17,3561.0,6800.0
2020-01-20,3541.0,6760.0
2020-01-21,3541.0,6671.0
2020-01-22,3541.0,6671.0
2020-01-23,3541.0,6671.0
2020-02-03,3341.0,6571.0
2020-02-04,3041.0,6471.0
2020-02-05,3041.0,6471.0
2020-02-06,2992.0,6471.0
2020-02-07,2813.0,6471.0
2020-02-10,1852.0,6171.0
2020-02-11,1592.0,6171.0
2020-02-12,1461.0,5793.0
2020-02-13,1461.0,5793.0
2020-02-14,1361.0,5553.0
2020-02-17,1361.0,5519.0
2020-02-18,981.0,5459.0
2020-02-19,863.0,5447.0
2020-02-20,863.0,0.0
2020-02-21,863.0,0.0
2020-02-24,863.0,0.0
2020-02-25,863.0,0.0
2020-02-26,863.0,0.0
2020-02-27,863.0,0.0
2020-02-28,701.0,0.0
2020-03-02,701.0,120.0
2020-03-03,371.0,120.0
2020-03-04,371.0,120.0
2020-03-05,371.0,120.0
2020-03-06,321.0,120.0
2020-03-09,321.0,120.0
2020-03-10,261.0,120.0
2020-03-11,261.0,120.0
2020-03-12,261.0,120.0
2020-03-13,174.0,120.0
2020-03-16,174.0,120.0
2020-03-17,174.0,120.0
2020-03-18,174.0,100.0
2020-03-19,174.0,100.0
2020-03-20,174.0,100.0
2020-03-23,174.0,100.0
2020-03-24,174.0,100.0
2020-03-25,174.0,100.0
2020-03-26,174.0,100.0
2020-03-27,174.0,100.0
2020-03-30,174.0,100.0
2020-03-31,174.0,500.0
2020-04-01,174.0,500.0
2020-04-02,374.0,500.0
2020-04-03,374.0,500.0
2020-04-07,374.0,500.0
2020-04-08,374.0,500.0
2020-04-09,520.0,500.0
2020-04-10,520.0,500.0
2020-04-13,500.0,703.0
2020-04-14,700.0,703.0
2020-04-15,700.0,703.0
2020-04-16,1300.0,703.0
2020-04-17,1437.0,703.0
2020-04-20,1437.0,703.0
2020-04-21,1437.0,2503.0
2020-04-22,1936.0,2503.0
2020-04-23,2335.0,2503.0
2020-04-24,2335.0,2503.0
2020-04-27,3837.0,3067.0
2020-04-28,4032.0,3267.0
2020-04-29,5052.0,3267.0
2020-04-30,5052.0,3367.0
2020-05-06,5052.0,3364.0
2020-05-07,5497.0,3464.0
2020-05-08,5784.0,3864.0
2020-05-11,8222.0,4470.0
2020-05-12,11015.0,5750.0
2020-05-13,11254.0,5869.0
2020-05-14,11254.0,5869.0
2020-05-15,11155.0,6953.0
2020-05-18,11806.0,7388.0
2020-05-19,11806.0,7281.0
2020-05-20,11806.0,7281.0
2020-05-21,11806.0,7281.0
2020-05-22,11333.0,7221.0
2020-05-25,11224.0,7221.0
2020-05-26,11124.0,7381.0
2020-05-27,11124.0,7268.0
2020-05-28,10951.0,7268.0
2020-05-29,10674.0,7268.0
2020-06-01,10634.0,7043.0
2020-06-02,10457.0,7509.0
2020-06-03,10272.0,7609.0
2020-06-04,9962.0,7810.0
2020-06-05,9368.0,7710.0
2020-06-08,10727.0,7710.0
2020-06-09,10323.0,7652.0
2020-06-10,9543.0,7652.0
2020-06-11,8991.0,7445.0
2020-06-12,8940.0,7410.0
2020-06-15,8938.0,6786.0
2020-06-16,8738.0,6786.0
2020-06-17,8738.0,6193.0
2020-06-18,8638.0,4350.0
2020-06-19,8598.0,0.0
2020-06-22,8578.0,601.0
2020-06-23,8451.0,4183.0
2020-06-24,8684.0,5559.0
2020-06-29,8641.0,6422.0
2020-06-30,8804.0,6835.0
2020-07-01,9044.0,7184.0
2020-07-02,10006.0,7575.0
2020-07-03,10006.0,7575.0
2020-07-06,10146.0,7575.0
2020-07-07,10146.0,8335.0
2020-07-08,10346.0,8427.0
2020-07-09,10346.0,10340.0
2020-07-10,10935.0,11339.0
2020-07-13,10998.0,12188.0
2020-07-14,10998.0,12428.0
2020-07-15,10998.0,12308.0
2020-07-16,10998.0,12061.0
2020-07-17,10978.0,11781.0
2020-07-20,10878.0,13043.0
2020-07-21,10838.0,13103.0
2020-07-22,10838.0,13007.0
2020-07-23,10838.0,13074.0
2020-07-24,10778.0,12935.0
2020-07-27,10693.0,12775.0
2020-07-28,10473.0,12703.0
2020-07-29,10473.0,12403.0
2020-07-30,10467.0,12181.0
2020-07-31,10324.0,12161.0
2020-08-03,10320.0,12441.0
2020-08-04,10180.0,12519.0
2020-08-05,11176.0,13472.0
2020-08-06,11176.0,13472.0
2020-08-07,11076.0,13977.0
2020-08-10,11382.0,13977.0
2020-08-11,11382.0,14535.0
2020-08-12,11739.0,15194.0
2020-08-13,11739.0,15294.0
2020-08-14,11979.0,15274.0
2020-08-17,11919.0,15274.0
2020-08-18,12231.0,15144.0
2020-08-19,11829.0,15471.0
2020-08-20,11589.0,15471.0
2020-08-21,11297.0,15465.0
2020-08-24,11801.0,15962.0
2020-08-25,11286.0,15822.0
2020-08-26,11186.0,15530.0
2020-08-27,10955.0,15417.0
2020-08-28,10740.0,15186.0
2020-08-31,11568.0,15371.0
2020-09-01,13254.0,15571.0
2020-09-02,13054.0,15443.0
2020-09-03,12794.0,15443.0
2020-09-04,13113.0,15308.0
2020-09-07,13100.0,15048.0
2020-09-08,13556.0,14853.0
2020-09-09,13015.0,14072.0
2020-09-10,12971.0,13938.0
2020-09-11,13838.0,13698.0
2020-09-14,13398.0,13552.0
2020-09-15,13085.0,13103.0
2020-09-16,12871.0,13083.0
2020-09-17,12185.0,12692.0
2020-09-18,12089.0,12380.0
2020-09-21,11222.0,11803.0
2020-09-22,10753.0,11503.0
2020-09-23,10361.0,10670.0
2020-09-24,9961.0,10069.0
2020-09-25,9459.0,10310.0
2020-09-28,9184.0,9635.0
2020-09-29,8934.0,9625.0
2020-09-30,8184.0,9385.0
2020-10-09,7614.0,9325.0
2020-10-12,7614.0,9150.0
2020-10-13,7534.0,8695.0
2020-10-14,7457.0,8320.0
2020-10-15,7417.0,8114.0
2020-10-16,7426.0,8060.0
2020-10-19,7376.0,7960.0
2020-10-20,7376.0,7655.0
2020-10-21,7195.0,7579.0
2020-10-22,7195.0,7433.0
2020-10-23,7195.0,7196.0
2020-10-26,7155.0,7586.0
2020-10-27,5664.0,6497.0
2020-10-28,1988.0,1595.0
2020-10-29,0.0,0.0
2020-10-30,0.0,0.0
2020-11-02,512.0,401.0
2020-11-03,1412.0,604.0
2020-11-04,1396.0,604.0
2020-11-05,2031.0,2293.0
2020-11-06,2429.0,2841.0
2020-11-09,2529.0,2841.0
2020-11-10,2529.0,2917.0
2020-11-11,2726.0,4186.0
2020-11-12,3225.0,5374.0
2020-11-13,3225.0,5214.0
2020-11-16,3225.0,5196.0
2020-11-17,3225.0,5196.0
2020-11-18,3225.0,5182.0
2020-11-19,3203.0,5192.0
2020-11-20,3142.0,5192.0
2020-11-23,3630.0,5252.0
2020-11-24,3630.0,5192.0
2020-11-25,3460.0,5192.0
2020-11-26,3460.0,5192.0
2020-11-27,3460.0,5190.0
2020-11-30,3460.0,5190.0
2020-12-01,3460.0,5190.0
2020-12-02,4865.0,5190.0
2020-12-03,4865.0,5190.0
2020-12-04,5865.0,5165.0
2020-12-07,5865.0,5159.0
2020-12-08,5865.0,5159.0
2020-12-09,6530.0,5576.0
2020-12-10,7231.0,6653.0
2020-12-11,7231.0,6891.0
2020-12-14,7021.0,6785.0
2020-12-15,6951.0,6785.0
2020-12-16,7527.0,6552.0
2020-12-17,7527.0,5950.0
2020-12-18,7687.0,5484.0
2020-12-21,7627.0,5284.0
2020-12-22,7627.0,5288.0
2020-12-23,7927.0,4965.0
2020-12-24,7887.0,4965.0
2020-12-25,7912.0,4709.0
2020-12-28,8524.0,4364.0
2020-12-29,8942.0,4201.0
2020-12-30,8632.0,4041.0
2020-12-31,8729.0,4503.0
2021-01-04,8049.0,4067.0
2021-01-05,7671.0,3789.0
2021-01-06,7102.0,3481.0
2021-01-07,7161.0,3420.0
2021-01-08,8789.0,3435.0
2021-01-11,9013.0,3194.0
2021-01-12,9263.0,3197.0
2021-01-13,9263.0,3125.0
2021-01-14,9263.0,3576.0
2021-01-15,9263.0,3476.0
2021-01-18,9159.0,3457.0
2021-01-19,9002.0,3401.0
2021-01-20,7547.0,1962.0
2021-01-21,7443.0,1694.0
2021-01-22,7291.0,1492.0
2021-01-25,6942.0,1435.0
2021-01-26,6055.0,867.0
2021-01-27,5863.0,867.0
2021-01-28,5723.0,818.0
2021-01-29,5403.0,806.0
2021-02-01,5037.0,806.0
2021-02-02,4635.0,786.0
2021-02-03,4535.0,786.0
2021-02-04,4535.0,784.0
2021-02-05,4536.0,784.0
2021-02-08,4536.0,784.0
2021-02-09,4536.0,784.0
2021-02-10,4495.0,784.0
2021-02-18,4495.0,784.0
2021-02-19,4495.0,824.0
2021-02-22,4435.0,824.0
2021-02-23,4435.0,735.0
2021-02-24,4435.0,204.0
2021-02-25,4435.0,122.0
2021-02-26,4435.0,0.0
2021-03-01,4435.0,0.0
2021-03-02,4435.0,0.0
2021-03-03,4632.0,0.0
2021-03-04,4632.0,200.0
2021-03-05,4632.0,200.0
2021-03-08,4923.0,672.0
2021-03-09,4923.0,672.0
2021-03-10,5823.0,742.0
2021-03-11,8396.0,742.0
2021-03-12,8796.0,1256.0
2021-03-15,8796.0,1256.0
2021-03-16,8994.0,1556.0
2021-03-17,8874.0,1536.0
2021-03-18,8874.0,1536.0
2021-03-19,8874.0,1536.0
2021-03-22,9066.0,1536.0
2021-03-23,8857.0,1336.0
2021-03-24,9193.0,1796.0
2021-03-25,9015.0,1796.0
2021-03-26,9614.0,2801.0
2021-03-29,10373.0,2801.0
2021-03-30,10340.0,2801.0
2021-03-31,10532.0,2721.0
2021-04-01,10194.0,2721.0
2021-04-02,10298.0,3383.0
2021-04-06,10347.0,3383.0
2021-04-07,10380.0,3383.0
2021-04-08,10677.0,3583.0
2021-04-09,10377.0,4183.0
2021-04-12,11217.0,5024.0
2021-04-13,12055.0,5126.0
2021-04-14,12255.0,5926.0
2021-04-15,12550.0,5946.0
2021-04-16,12688.0,5946.0
2021-04-19,12588.0,5946.0
2021-04-20,12576.0,6633.0
2021-04-21,12576.0,6613.0
2021-04-22,12576.0,7497.0
2021-04-23,12576.0,7492.0
2021-04-26,12576.0,8292.0
2021-04-27,13218.0,8412.0
2021-04-28,13218.0,8412.0
2021-04-29,14214.0,9304.0
2021-04-30,14815.0,9684.0
2021-05-06,14947.0,10006.0
2021-05-07,15647.0,10563.0
2021-05-10,15647.0,10563.0
2021-05-11,16400.0,10862.0
2021-05-12,17203.0,11280.0
2021-05-13,17203.0,11066.0
2021-05-14,19403.0,11337.0
2021-05-17,20193.0,12078.0
2021-05-18,20483.0,12159.0
2021-05-19,20369.0,12119.0
2021-05-20,20369.0,11920.0
2021-05-21,20369.0,11860.0
2021-05-24,20152.0,11667.0
2021-05-25,20498.0,11643.0
2021-05-26,20498.0,10946.0
2021-05-27,21215.0,10607.0
2021-05-28,21449.0,9762.0
2021-05-31,21970.0,9575.0
2021-06-01,21830.0,9542.0
2021-06-02,22891.0,9640.0
2021-06-03,22948.0,9535.0
2021-06-04,26580.0,9670.0
2021-06-07,27496.0,10480.0
2021-06-08,28952.0,10264.0
2021-06-09,29603.0,10024.0
2021-06-10,30720.0,10295.0
2021-06-11,30599.0,10481.0
2021-06-15,30521.0,10081.0
2021-06-16,30381.0,9499.0
2021-06-17,28315.0,8696.0
2021-06-18,27816.0,7805.0
2021-06-21,25192.0,5813.0
2021-06-22,23543.0,0.0
2021-06-23,22747.0,559.0
2021-06-24,22115.0,1937.0
2021-06-25,21523.0,3076.0
2021-06-28,21523.0,3360.0
2021-06-29,21275.0,3440.0
2021-06-30,21314.0,3847.0
2021-07-01,21256.0,3847.0
2021-07-02,20973.0,4527.0
2021-07-05,20491.0,4764.0
2021-07-06,20151.0,4587.0
2021-07-07,19641.0,4758.0
2021-07-08,19454.0,4756.0
2021-07-09,19500.0,6241.0
2021-07-12,19425.0,6877.0
2021-07-13,19449.0,6977.0
2021-07-14,19338.0,6981.0
2021-07-15,19258.0,6981.0
2021-07-16,18854.0,6945.0
2021-07-19,18760.0,6940.0
2021-07-20,18363.0,6900.0
2021-07-21,18334.0,6870.0
2021-07-22,18291.0,6841.0
2021-07-23,18646.0,7020.0
2021-07-26,18646.0,7001.0
2021-07-27,18564.0,6914.0
2021-07-28,18506.0,6902.0
2021-07-29,18658.0,6902.0
2021-07-30,18658.0,7044.0
2021-08-02,18882.0,7044.0
2021-08-03,19252.0,7004.0
2021-08-04,19065.0,6991.0
2021-08-05,19140.0,7037.0
2021-08-06,18834.0,6997.0
2021-08-09,18584.0,7062.0
2021-08-10,19050.0,7047.0
2021-08-11,19456.0,7002.0
2021-08-12,20118.0,7135.0
2021-08-13,20943.0,7135.0
2021-08-16,20165.0,7135.0
2021-08-17,19010.0,7239.0
2021-08-18,18258.0,7239.0
2021-08-19,17968.0,7218.0
2021-08-20,18568.0,7017.0
2021-08-23,18535.0,7017.0
2021-08-24,18345.0,7017.0
2021-08-25,19087.0,7017.0
2021-08-26,19089.0,7017.0
2021-08-27,19083.0,7137.0
2021-08-30,19083.0,7137.0
2021-08-31,21306.0,7083.0
2021-09-01,21690.0,7183.0
2021-09-02,21690.0,7203.0
2021-09-03,22439.0,7203.0
2021-09-06,22745.0,7203.0
2021-09-07,21117.0,7711.0
2021-09-08,21819.0,7822.0
2021-09-09,21988.0,7782.0
2021-09-10,22349.0,8576.0
2021-09-13,22743.0,8631.0
2021-09-14,22272.0,8771.0
2021-09-15,22192.0,8771.0
2021-09-16,23614.0,8771.0
2021-09-17,24117.0,8691.0
2021-09-22,23797.0,8891.0
2021-09-23,23795.0,8684.0
2021-09-24,23285.0,8186.0
2021-09-27,22725.0,8049.0
2021-09-28,21800.0,5875.0
2021-09-29,21020.0,4865.0
2021-09-30,20429.0,4835.0
2021-10-08,20613.0,4834.0
2021-10-11,21510.0,4774.0
2021-10-12,21010.0,4514.0
2021-10-13,20570.0,4476.0
2021-10-14,19394.0,4452.0
2021-10-15,17889.0,4410.0
2021-10-18,17070.0,4147.0
2021-10-19,16387.0,3740.0
2021-10-20,16466.0,3693.0
2021-10-21,16166.0,3633.0
2021-10-22,14487.0,3200.0
2021-10-25,14119.0,3100.0
2021-10-26,12685.0,2898.0
2021-10-27,7449.0,2274.0
2021-10-28,0.0,0.0
2021-10-29,5081.0,242.0
2021-11-01,6171.0,242.0
2021-11-02,5757.0,242.0
2021-11-03,5825.0,235.0
2021-11-04,5608.0,460.0
2021-11-05,4339.0,1277.0
2021-11-08,4399.0,1570.0
2021-11-09,4014.0,1754.0
2021-11-10,5122.0,1855.0
2021-11-11,4603.0,1855.0
2021-11-12,4460.0,1881.0
2021-11-15,4408.0,1881.0
2021-11-16,4408.0,1781.0
2021-11-17,4121.0,1571.0
2021-11-18,4024.0,1558.0
2021-11-19,4055.0,1546.0
2021-11-22,3590.0,1546.0
2021-11-23,3438.0,1546.0
2021-11-24,3318.0,1546.0
2021-11-25,3311.0,1546.0
2021-11-26,3311.0,1546.0
2021-11-29,3542.0,1584.0
2021-11-30,3542.0,1584.0
2021-12-01,4142.0,1584.0
2021-12-02,4225.0,2232.0
2021-12-03,4916.0,2232.0
2021-12-06,4954.0,2334.0
2021-12-07,5154.0,3329.0
2021-12-08,6271.0,3918.0
2021-12-09,8267.0,5059.0
2021-12-10,8157.0,5765.0
2021-12-13,8977.0,5635.0
2021-12-14,9777.0,5390.0
2021-12-15,10577.0,5136.0
2021-12-16,10570.0,5456.0
2021-12-17,10474.0,5276.0
2021-12-20,11670.0,5091.0
2021-12-21,11370.0,5091.0
2021-12-22,12067.0,4623.0
2021-12-23,12046.0,4973.0
2021-12-24,13490.0,5015.0
2021-12-27,13890.0,4934.0
2021-12-28,13987.0,4893.0
2021-12-29,14584.0,4804.0
2021-12-30,14582.0,4115.0
2021-12-31,14582.0,4386.0
2022-01-04,15225.0,4067.0
2022-01-05,15425.0,3969.0
2022-01-06,15366.0,3613.0
2022-01-07,16339.0,3415.0
2022-01-10,17323.0,5015.0
2022-01-11,20101.0,4855.0
2022-01-12,21256.0,4649.0
2022-01-13,21135.0,5349.0
2022-01-14,23182.0,4797.0
2022-01-17,23082.0,4745.0
2022-01-18,23082.0,4692.0
2022-01-19,23682.0,4562.0
2022-01-20,23749.0,4602.0
2022-01-21,23104.0,4388.0
2022-01-24,23083.0,4368.0
2022-01-25,22853.0,4331.0
2022-01-26,23155.0,4371.0
2022-01-27,23875.0,5071.0
2022-01-28,23538.0,4871.0
2022-02-07,24598.0,4871.0
2022-02-08,24458.0,4724.0
2022-02-09,25000.0,4328.0
2022-02-10,25160.0,4328.0
2022-02-11,25460.0,4328.0
2022-02-14,25456.0,4328.0
2022-02-15,25436.0,4128.0
2022-02-16,24832.0,4128.0
2022-02-17,25969.0,3515.0
2022-02-18,25969.0,3515.0
2022-02-21,25919.0,3515.0
2022-02-22,25913.0,3515.0
2022-02-23,25645.0,3078.0
2022-02-24,25645.0,2331.0
2022-02-25,25449.0,0.0
2022-02-28,25335.0,166.0
2022-03-01,25945.0,2901.0
2022-03-02,25877.0,2899.0
2022-03-03,26125.0,3379.0
2022-03-04,26549.0,3738.0
2022-03-07,26345.0,4098.0
2022-03-08,26345.0,4508.0
2022-03-09,26143.0,4508.0
2022-03-10,26702.0,5191.0
2022-03-11,26987.0,5593.0
2022-03-14,26956.0,6143.0
2022-03-15,26856.0,6223.0
2022-03-16,26872.0,6266.0
2022-03-17,26872.0,6166.0
2022-03-18,26738.0,6106.0
2022-03-21,27137.0,6100.0
2022-03-22,27137.0,6240.0
2022-03-23,26977.0,6460.0
2022-03-24,26617.0,6451.0
2022-03-25,26417.0,6451.0
2022-03-28,26157.0,6650.0
2022-03-29,26137.0,6750.0
2022-03-30,26137.0,8008.0
2022-03-31,26771.0,8108.0
2022-04-01,26817.0,8171.0
2022-04-06,26997.0,8331.0
2022-04-07,26583.0,8736.0
2022-04-08,26765.0,8776.0
2022-04-11,27341.0,9387.0
2022-04-12,27335.0,9749.0
2022-04-13,27639.0,9809.0
2022-04-14,27639.0,10344.0
2022-04-15,27686.0,10608.0
2022-04-18,27638.0,10302.0
2022-04-19,27478.0,10262.0
2022-04-20,27312.0,10062.0
2022-04-21,27905.0,10062.0
2022-04-22,28105.0,10334.0
2022-04-25,28184.0,9869.0
2022-04-26,27237.0,10232.0
2022-04-27,27181.0,10252.0
2022-04-28,27021.0,9713.0
2022-04-29,27941.0,9993.0
2022-05-05,27060.0,10370.0
2022-05-06,26553.0,10047.0
2022-05-09,26157.0,9923.0
2022-05-10,25217.0,9861.0
2022-05-11,25631.0,9795.0
2022-05-12,24882.0,9479.0
2022-05-13,24204.0,8832.0
2022-05-16,23784.0,8907.0
2022-05-17,24224.0,9283.0
2022-05-18,24171.0,9034.0
2022-05-19,24071.0,8830.0
2022-05-20,23003.0,8701.0
2022-05-23,21267.0,8129.0
2022-05-24,21420.0,8044.0
2022-05-25,21906.0,8002.0
2022-05-26,21794.0,7740.0
2022-05-27,21561.0,7442.0
2022-05-30,21245.0,7435.0
2022-05-31,21183.0,7415.0
2022-06-01,21079.0,7415.0
2022-06-02,21011.0,7677.0
2022-06-06,21782.0,7617.0
2022-06-07,22142.0,7617.0
2022-06-08,22142.0,7597.0
2022-06-09,22323.0,7726.0
2022-06-10,23257.0,9693.0
2022-06-13,23357.0,9653.0
2022-06-14,25730.0,9653.0
2022-06-15,25490.0,9765.0
2022-06-16,25690.0,9490.0
2022-06-17,25460.0,9290.0
2022-06-20,24893.0,8859.0
2022-06-21,24569.0,7978.0
2022-06-22,24236.0,0.0
2022-06-23,24079.0,4854.0
2022-06-24,24154.0,6103.0
2022-06-27,24329.0,6904.0
2022-06-28,24203.0,6974.0
2022-06-29,24279.0,6954.0
2022-06-30,23797.0,6954.0
2022-07-01,23797.0,7179.0
2022-07-04,23657.0,7231.0
2022-07-05,23824.0,7171.0
2022-07-06,23880.0,7298.0
2022-07-07,24620.0,7298.0
2022-07-08,24655.0,7437.0
2022-07-11,24896.0,7580.0
2022-07-12,25236.0,7680.0
2022-07-13,25016.0,8054.0
2022-07-14,25098.0,8104.0
2022-07-15,25423.0,8084.0
2022-07-18,24929.0,8064.0
2022-07-19,24555.0,8144.0
2022-07-20,24303.0,8070.0
2022-07-21,23844.0,7950.0
2022-07-22,23756.0,7900.0
2022-07-25,23420.0,7920.0
2022-07-26,23317.0,7926.0
2022-07-27,22794.0,7846.0
2022-07-28,22372.0,7839.0
2022-07-29,22936.0,7767.0
2022-08-01,22875.0,7767.0
2022-08-02,23075.0,7767.0
2022-08-03,23550.0,7767.0
2022-08-04,23671.0,8110.0
2022-08-05,23704.0,8090.0
2022-08-08,23248.0,8070.0
2022-08-09,22523.0,7829.0
2022-08-10,23067.0,7889.0
2022-08-11,23194.0,8143.0
2022-08-12,23412.0,8143.0
2022-08-15,23219.0,8236.0
2022-08-16,23186.0,8216.0
2022-08-17,23159.0,8216.0
2022-08-18,22851.0,8197.0
2022-08-19,23462.0,8117.0
2022-08-22,23172.0,8104.0
2022-08-23,23045.0,8097.0
2022-08-24,21791.0,8141.0
2022-08-25,21920.0,8141.0
2022-08-26,22026.0,8081.0
2022-08-29,21856.0,8081.0
2022-08-30,22473.0,8441.0
2022-08-31,22433.0,8421.0
2022-09-01,22073.0,8586.0
2022-09-02,21821.0,8708.0
2022-09-05,22346.0,9182.0
2022-09-06,21614.0,9209.0
2022-09-07,21834.0,9175.0
2022-09-08,21524.0,9168.0
2022-09-09,21406.0,9168.0
2022-09-13,21387.0,9511.0
2022-09-14,21078.0,9551.0
2022-09-15,21215.0,9531.0
2022-09-16,20995.0,9511.0
2022-09-19,20730.0,9421.0
2022-09-20,19890.0,9205.0
2022-09-21,19673.0,9203.0
2022-09-22,19613.0,9093.0
2022-09-23,19539.0,9093.0
2022-09-26,19487.0,8663.0
2022-09-27,19775.0,8623.0
2022-09-28,17575.0,8091.0
2022-09-29,16999.0,7494.0
2022-09-30,16799.0,7141.0
2022-10-10,16995.0,6899.0
2022-10-11,16888.0,6867.0
2022-10-12,17295.0,6494.0
2022-10-13,16192.0,6374.0
2022-10-14,14824.0,5765.0
2022-10-17,14353.0,5612.0
2022-10-18,13674.0,5180.0
2022-10-19,11917.0,5179.0
2022-10-20,10109.0,5172.0
2022-10-21,8502.0,4830.0
2022-10-24,6997.0,4830.0
2022-10-25,5840.0,4694.0
2022-10-26,4422.0,3508.0
2022-10-27,3525.0,2823.0
2022-10-28,0.0,0.0
2022-10-31,2340.0,2225.0
2022-11-01,2340.0,2365.0
2022-11-02,2340.0,2365.0
2022-11-03,2340.0,2365.0
2022-11-04,2340.0,2365.0
2022-11-07,2340.0,2365.0
2022-11-08,2440.0,2692.0
2022-11-09,2440.0,3113.0
2022-11-10,2440.0,3608.0
2022-11-11,2499.0,3648.0
2022-11-14,2499.0,3648.0
2022-11-15,2499.0,3648.0
2022-11-16,2499.0,3648.0
2022-11-17,2099.0,3616.0
2022-11-18,2094.0,3525.0
2022-11-21,2757.0,3525.0
2022-11-22,2757.0,3485.0
2022-11-23,2757.0,3465.0
2022-11-24,3252.0,3451.0
2022-11-25,3052.0,3451.0
2022-11-28,3507.0,3451.0
2022-11-29,3423.0,3451.0
2022-11-30,3423.0,3496.0
2022-12-01,4023.0,3314.0
2022-12-02,4417.0,4014.0
2022-12-05,4759.0,4014.0
2022-12-06,3883.0,2875.0
2022-12-07,4483.0,3442.0
2022-12-08,4483.0,3402.0
2022-12-09,4470.0,3522.0
2022-12-12,4507.0,3522.0
2022-12-13,4487.0,3898.0
2022-12-14,4487.0,3898.0
2022-12-15,4747.0,3898.0
2022-12-16,4747.0,3898.0
2022-12-19,4647.0,3898.0
2022-12-20,4458.0,3898.0
2022-12-21,4345.0,3898.0
2022-12-22,3988.0,3902.0
2022-12-23,3988.0,3848.0
2022-12-26,3988.0,3848.0
2022-12-27,3656.0,3848.0
2022-12-28,3656.0,3821.0
2022-12-29,3605.0,5795.0
2022-12-30,3585.0,5794.0
2023-01-03,3385.0,5345.0
2023-01-04,3257.0,5319.0
2023-01-05,3270.0,5868.0
2023-01-06,3561.0,5788.0
2023-01-09,4204.0,8760.0
2023-01-10,4269.0,9077.0
2023-01-11,4269.0,9546.0
2023-01-12,4713.0,9655.0
2023-01-13,4748.0,9761.0
2023-01-16,7582.0,10220.0
2023-01-17,7582.0,10220.0
2023-01-18,7582.0,10220.0
2023-01-19,7815.0,9106.0
2023-01-20,9129.0,10706.0
2023-01-30,9129.0,9594.0
2023-01-31,9629.0,9594.0
2023-02-01,9569.0,9574.0
2023-02-02,9569.0,9179.0
2023-02-03,9258.0,9487.0
2023-02-06,8868.0,9167.0
2023-02-07,9049.0,9161.0
2023-02-08,9463.0,9154.0
2023-02-09,9060.0,9074.0
2023-02-10,9464.0,9061.0
2023-02-13,9801.0,8996.0
2023-02-14,10001.0,8896.0
2023-02-15,10494.0,9236.0
2023-02-16,10439.0,9236.0
2023-02-17,10374.0,8865.0
2023-02-20,10365.0,8598.0
2023-02-21,10325.0,0.0
2023-02-22,10305.0,3880.0
2023-02-23,10154.0,3880.0
2023-02-24,10254.0,5643.0
2023-02-27,10108.0,5643.0
2023-02-28,10274.0,5719.0
2023-03-01,10860.0,5719.0
2023-03-02,10800.0,6319.0
2023-03-03,11662.0,6617.0
2023-03-06,12562.0,6717.0
2023-03-07,13479.0,7035.0
2023-03-08,15394.0,7236.0
2023-03-09,15394.0,7236.0
2023-03-10,17340.0,8448.0
2023-03-13,17770.0,9099.0
2023-03-14,17970.0,10965.0
2023-03-15,17970.0,10965.0
2023-03-16,17556.0,10965.0
2023-03-17,17368.0,10965.0
2023-03-20,17068.0,10965.0
2023-03-21,16264.0,10965.0
2023-03-22,15824.0,10965.0
2023-03-23,16972.0,11083.0
2023-03-24,16841.0,11123.0
2023-03-27,16644.0,11123.0
2023-03-28,16624.0,11123.0
2023-03-29,16604.0,11203.0
2023-03-30,16464.0,11403.0
2023-03-31,16524.0,11603.0
2023-04-03,16390.0,11603.0
2023-04-04,17231.0,11644.0
2023-04-06,16852.0,12544.0
2023-04-07,16259.0,12714.0
2023-04-10,16233.0,12714.0
2023-04-11,15593.0,13867.0
2023-04-12,15231.0,13867.0
2023-04-13,15211.0,13867.0
2023-04-14,15098.0,14822.0
2023-04-17,14998.0,15124.0
2023-04-18,14998.0,15124.0
2023-04-19,14998.0,15124.0
2023-04-20,14732.0,15124.0
2023-04-21,14035.0,15124.0
2023-04-24,13651.0,15407.0
2023-04-25,13278.0,15407.0
2023-04-26,12956.0,15407.0
2023-04-27,12484.0,15407.0
2023-04-28,12503.0,15407.0
2023-05-04,12503.0,16008.0
2023-05-05,12603.0,16218.0
2023-05-08,12603.0,17075.0
2023-05-09,12944.0,17105.0
2023-05-10,12944.0,20049.0
2023-05-11,12930.0,20013.0
2023-05-12,12959.0,22267.0
2023-05-15,13681.0,25491.0
2023-05-16,13681.0,26320.0
2023-05-17,12715.0,26296.0
2023-05-18,12615.0,26296.0
2023-05-19,12215.0,26296.0
2023-05-22,11689.0,26170.0
2023-05-23,11413.0,25937.0
2023-05-24,11195.0,25691.0
2023-05-25,11147.0,25564.0
2023-05-26,11127.0,25378.0
2023-05-29,11127.0,25325.0
2023-05-30,11107.0,25074.0
2023-05-31,11507.0,24968.0
2023-06-01,11507.0,25013.0
2023-06-02,11480.0,24718.0
2023-06-05,10346.0,23775.0
2023-06-06,10206.0,23166.0
2023-06-07,10126.0,22381.0
2023-06-08,10126.0,21983.0
2023-06-09,10106.0,18170.0
2023-06-12,10106.0,16683.0
2023-06-13,10386.0,15880.0
2023-06-14,10360.0,13327.0
2023-06-15,10360.0,12699.0
2023-06-16,10360.0,12369.0
2023-06-19,10320.0,10729.0
2023-06-20,9574.0,5258.0
2023-06-21,9281.0,0.0
2023-06-26,8970.0,2358.0
2023-06-27,8894.0,6010.0
2023-06-28,10105.0,10350.0
2023-06-29,10098.0,10548.0
2023-06-30,10257.0,10637.0
2023-07-03,5885.0,10637.0
2023-07-04,5885.0,11112.0
2023-07-05,5774.0,12516.0
2023-07-06,5774.0,9866.0
2023-07-07,5774.0,10444.0
2023-07-10,7562.0,12216.0
2023-07-11,7657.0,14575.0
2023-07-12,8041.0,18771.0
2023-07-13,7971.0,21143.0
2023-07-14,10971.0,23868.0
2023-07-17,10891.0,23868.0
2023-07-18,10878.0,23828.0
2023-07-19,10805.0,23828.0
2023-07-20,10405.0,23828.0
2023-07-21,10235.0,23828.0
2023-07-24,10006.0,23815.0
2023-07-25,9906.0,23815.0
2023-07-26,12149.0,23802.0
2023-07-27,12149.0,24202.0
2023-07-28,12640.0,24202.0
2023-07-31,12608.0,24162.0
2023-08-01,13009.0,24189.0
2023-08-02,13876.0,24305.0
2023-08-03,14076.0,24305.0
2023-08-04,14275.0,24488.0
2023-08-07,14180.0,24396.0
2023-08-08,13409.0,24382.0
2023-08-09,13983.0,24582.0
2023-08-10,14672.0,25972.0
2023-08-11,16381.0,26236.0
2023-08-14,16381.0,26390.0
2023-08-15,16348.0,26207.0
2023-08-16,16490.0,25522.0
2023-08-17,16484.0,24648.0
2023-08-18,15541.0,24167.0
2023-08-21,15963.0,23941.0
2023-08-22,16317.0,23536.0
2023-08-23,16956.0,23078.0
2023-08-24,17511.0,23124.0
2023-08-25,16881.0,22796.0
2023-08-28,16675.0,22476.0
2023-08-29,15952.0,22059.0
2023-08-30,15465.0,21436.0
2023-08-31,15205.0,21237.0
2023-09-01,14840.0,20859.0
2023-09-04,14840.0,20702.0
2023-09-05,14561.0,20129.0
2023-09-06,14765.0,19447.0
2023-09-07,15235.0,19323.0
2023-09-08,15235.0,19072.0
2023-09-11,15096.0,18665.0
2023-09-12,16256.0,18822.0
2023-09-13,16400.0,18762.0
2023-09-14,16248.0,18488.0
2023-09-15,16248.0,18335.0
2023-09-18,16248.0,18288.0
2023-09-19,15368.0,18041.0
2023-09-20,15264.0,17717.0
2023-09-21,15276.0,17928.0
2023-09-22,14884.0,17543.0
2023-09-25,14684.0,17371.0
2023-09-26,14326.0,17152.0
2023-09-27,14206.0,17696.0
2023-09-28,14383.0,16570.0
2023-10-09,14376.0,16263.0
2023-10-10,14032.0,15722.0
2023-10-11,14022.0,14570.0
2023-10-12,13982.0,14340.0
2023-10-13,13941.0,13799.0
2023-10-16,13193.0,13612.0
2023-10-17,12612.0,13281.0
2023-10-18,12093.0,13074.0
2023-10-19,12206.0,12954.0
2023-10-20,12166.0,12840.0
2023-10-23,11868.0,12643.0
2023-10-24,11843.0,12073.0
2023-10-25,11311.0,10505.0
2023-10-26,2471.0,3832.0
2023-10-27,0.0,0.0
2023-10-30,7091.0,5094.0
2023-10-31,7071.0,6287.0
2023-11-01,7071.0,6251.0
2023-11-02,7248.0,11334.0
2023-11-03,7248.0,11434.0
2023-11-06,7988.0,14215.0
2023-11-07,8588.0,15293.0
2023-11-08,8588.0,15507.0
2023-11-09,8489.0,15507.0
2023-11-10,8550.0,15707.0
2023-11-13,8562.0,16941.0
2023-11-14,8962.0,16941.0
2023-11-15,8962.0,16541.0
2023-11-16,9362.0,16541.0
2023-11-17,9262.0,16491.0
2023-11-20,9883.0,16491.0
2023-11-21,9883.0,16493.0
2023-11-22,10399.0,16453.0
2023-11-23,12294.0,16285.0
2023-11-24,12455.0,16122.0
2023-11-27,12413.0,16095.0
2023-11-28,13126.0,16082.0
2023-11-29,13094.0,15850.0
2023-11-30,13464.0,15718.0
2023-12-01,14868.0,15494.0
2023-12-04,16646.0,15901.0
2023-12-05,16606.0,15589.0
2023-12-06,18121.0,15072.0
2023-12-07,20265.0,14866.0
2023-12-08,23854.0,17116.0
2023-12-11,24422.0,17651.0
2023-12-12,26600.0,17745.0
2023-12-13,27320.0,18005.0
2023-12-14,27638.0,18487.0
2023-12-15,27338.0,18393.0
2023-12-18,27292.0,17133.0
2023-12-19,24402.0,17039.0
2023-12-20,24302.0,16971.0
2023-12-21,24430.0,16925.0
2023-12-22,24430.0,16662.0
2023-12-25,24410.0,16396.0
2023-12-26,24211.0,15944.0
2023-12-27,24211.0,15858.0
2023-12-28,24011.0,15811.0
2023-12-29,25584.0,17462.0
2024-01-02,24809.0,17441.0
2024-01-03,25979.0,17301.0
2024-01-04,25979.0,17275.0
2024-01-05,26369.0,17211.0
2024-01-08,28083.0,17488.0
2024-01-09,24805.0,14328.0
2024-01-10,25016.0,14424.0
2024-01-11,25536.0,14367.0
2024-01-12,25886.0,14389.0
2024-01-15,25484.0,14382.0
2024-01-16,25004.0,13362.0
2024-01-17,24644.0,13042.0
2024-01-18,24586.0,16993.0
2024-01-19,24057.0,16866.0
2024-01-22,23879.0,16776.0
2024-01-23,23859.0,16607.0
2024-01-24,23693.0,16487.0
2024-01-25,23313.0,16237.0
2024-01-26,23072.0,16204.0
2024-01-29,23676.0,16022.0
2024-01-30,23669.0,15893.0
2024-01-31,24411.0,15659.0
2024-02-01,24351.0,15353.0
2024-02-02,26671.0,15274.0
2024-02-05,27758.0,15247.0
2024-02-06,28038.0,15220.0
2024-02-07,33181.0,15220.0
2024-02-08,33181.0,15220.0
2024-02-19,33181.0,15035.0
2024-02-20,33181.0,14628.0
2024-02-21,32741.0,14090.0
2024-02-22,32741.0,13829.0
2024-02-23,32541.0,13519.0
2024-02-26,32541.0,13475.0
2024-02-27,31961.0,12117.0
2024-02-28,31961.0,3118.0
2024-02-29,32561.0,0.0
2024-03-01,32361.0,5820.0
2024-03-04,33737.0,6334.0
2024-03-05,33637.0,6334.0
2024-03-06,33637.0,6334.0
2024-03-07,34417.0,6734.0
2024-03-08,34862.0,6734.0
2024-03-11,35464.0,7100.0
2024-03-12,36063.0,8113.0
2024-03-13,38140.0,11931.0
2024-03-14,38498.0,12280.0
2024-03-15,38398.0,12280.0
2024-03-18,38398.0,12280.0
2024-03-19,38746.0,12280.0
2024-03-20,38746.0,12576.0
2024-03-21,38638.0,12576.0
2024-03-22,38638.0,12576.0
2024-03-25,38638.0,12576.0
2024-03-26,38541.0,12576.0
2024-03-27,38479.0,12576.0
2024-03-28,38441.0,12569.0
2024-03-29,38681.0,12564.0
2024-04-01,38481.0,12564.0
2024-04-02,39880.0,12564.0
2024-04-03,42328.0,12556.0
2024-04-08,43463.0,13031.0
2024-04-09,44642.0,13031.0
2024-04-10,44642.0,13031.0
2024-04-11,47936.0,15164.0
2024-04-12,51530.0,15364.0
2024-04-15,51930.0,15364.0
2024-04-16,52230.0,15364.0
2024-04-17,52230.0,15344.0
2024-04-18,52230.0,15344.0
2024-04-19,52060.0,15344.0
2024-04-22,51785.0,15184.0
2024-04-23,53378.0,15184.0
2024-04-24,55307.0,15097.0
2024-04-25,56405.0,14897.0
2024-04-26,58176.0,14877.0
2024-04-29,58176.0,14669.0
2024-04-30,60417.0,16160.0
2024-05-06,59964.0,16171.0
2024-05-07,61064.0,15932.0
2024-05-08,63650.0,15924.0
2024-05-09,65018.0,16384.0
2024-05-10,68983.0,16224.0
2024-05-13,71939.0,17262.0
2024-05-14,73713.0,17152.0
2024-05-15,76022.0,17344.0
2024-05-16,77708.0,17435.0
2024-05-17,78168.0,17312.0
2024-05-20,77968.0,17292.0
2024-05-21,77968.0,17285.0
2024-05-22,77768.0,17258.0
2024-05-23,78638.0,17470.0
2024-05-24,78438.0,17237.0
2024-05-27,80861.0,17237.0
2024-05-28,81081.0,17170.0
2024-05-29,84481.0,16703.0
2024-05-30,86439.0,16530.0
2024-05-31,91626.0,16510.0
2024-06-03,91626.0,16357.0
2024-06-04,94714.0,16256.0
2024-06-05,97221.0,16306.0
2024-06-06,100048.0,16097.0
2024-06-07,103441.0,16024.0
2024-06-11,104311.0,14339.0
2024-06-12,105716.0,14251.0
2024-06-13,108206.0,14190.0
2024-06-14,110562.0,13697.0
2024-06-17,113583.0,13457.0
2024-06-18,112636.0,13376.0
2024-06-19,112586.0,12891.0
2024-06-20,112498.0,12618.0
2024-06-21,116451.0,10036.0
2024-06-24,116404.0,0.0
2024-06-25,117904.0,5432.0
2024-06-26,119681.0,5412.0
2024-06-27,120851.0,5412.0
2024-06-28,122163.0,6612.0
2024-07-01,122163.0,6962.0
2024-07-02,122333.0,7660.0
2024-07-03,122452.0,7786.0
2024-07-04,122665.0,9012.0
2024-07-05,126231.0,9994.0
2024-07-08,126478.0,10567.0
2024-07-09,127492.0,12003.0
2024-07-10,125132.0,13297.0
2024-07-11,128275.0,13616.0
2024-07-12,130646.0,14865.0
2024-07-15,129702.0,14858.0
2024-07-16,129367.0,14851.0
2024-07-17,129935.0,14837.0
2024-07-18,129982.0,14782.0
2024-07-19,130489.0,14780.0
2024-07-22,130108.0,14746.0
2024-07-23,130161.0,14718.0
2024-07-24,130094.0,14718.0
2024-07-25,130496.0,14688.0
2024-07-26,132648.0,14668.0
2024-07-29,132844.0,14668.0
2024-07-30,132668.0,14664.0
2024-07-31,132961.0,14657.0
2024-08-01,132432.0,14644.0
2024-08-02,134027.0,14447.0
2024-08-05,133888.0,14080.0
2024-08-06,135357.0,14182.0
2024-08-07,136047.0,14385.0
2024-08-08,137547.0,14647.0
2024-08-09,137349.0,14440.0
2024-08-12,137793.0,14310.0
2024-08-13,136314.0,13896.0
2024-08-14,136009.0,13802.0
2024-08-15,135796.0,13734.0
2024-08-16,135669.0,13697.0
2024-08-19,135206.0,13572.0
2024-08-20,134606.0,13421.0
2024-08-21,136326.0,13370.0
2024-08-22,136423.0,13250.0
2024-08-23,135803.0,13257.0
2024-08-26,135098.0,13087.0
2024-08-27,136873.0,13460.0
2024-08-28,135949.0,13543.0
2024-08-29,136817.0,13503.0
2024-08-30,136531.0,13483.0
2024-09-02,138540.0,14397.0
2024-09-03,137155.0,14663.0
2024-09-04,136759.0,14152.0
2024-09-05,135762.0,13985.0

数据来源：Wind







































































































































































































































































































































































































































































































































































































































































































































































































































































































































































































































































































































































































































































































































































































































































































































































































































































































































































































































































































































































































































































































































































































































































































































































































































































































































































































































































































































































































































































































































































































































































































































































































































































































































































































































































































































































































































































































































































































































































































































































































































































































































































































































































































































































































































































































































































































































































































































































































































































































































































