,中国:36大中城市日用工业消费品平均价格:空调机(1.5匹冷暖),中国:36大中城市日用工业消费品平均价格:冰箱(210-250立升),中国:36大中城市日用工业消费品平均价格:洗衣机(波轮式,中国:36大中城市日用工业消费品平均价格:彩电(液晶42寸),中国:36大中城市日用工业消费品平均价格:洗衣机(滚筒式,中国:36大中城市日用工业消费品平均价格:燃气灶具(嵌入式燃气灶),中国:限额以上企业商品零售额:家用电器和音像器材类:当月同比,中国:产量:空调:当月值,中国:产量:空调:当月同比,中国:产量:家用电冰箱:当月值,中国:产量:家用电冰箱:当月同比,中国:产量:家用洗衣机:当月值,中国:产量:家用洗衣机:当月同比,中国:产量:彩电:当月值,中国:产量:彩电:当月同比,大家电:冰箱:库存:当月值,大家电:冰箱:总计:出货量:当月值,大家电:冰箱:推总:零售量:当月值,大家电:冰箱:推总:零售量同比:当月值,大家电:冰箱:推总:零售额:当月值,大家电:冰箱:推总:零售额同比:当月值,大家电:空调:库存:当月值,大家电:空调:总计:出货量:当月值,大家电:空调:总计:出货量同比:当月值,大家电:空调:推总:零售量:当月值,大家电:空调:推总:零售量同比:当月值,白电推总:零售量同比增速:当月同比,白电推总:零售额同比增速:当月同比,中国:产量:新能源汽车:累计同比,中国:产量:新能源汽车:当月同比,中国:产量:新能源汽车:当月值,中国:产量:新能源汽车:当月同比.1,中国:产量:汽车:累计同比,中国:产量:汽车:当月值,中国:产量:汽车:当月同比,中国:销量:新能源汽车:当月值,中国:销量:汽车:当月值,中国:销量:乘用车:当月值,中国:销量:新能源乘用车:当月值,中国:出口金额:人民币:汽车(包括底盘):累计同比,中国:规模以上工业增加值:汽车制造业:当月同比,中国:出口金额:人民币:汽车(包括底盘):当月同比,中国:出口金额:人民币:汽车(包括底盘):当月值,中国:规模以上工业增加值:汽车制造业:累计同比,中国:PPI:汽车制造业:当月同比,中国:库存量:汽车,中国:库存系数:汽车经销商,中国:限额以上企业商品零售额:汽车类:累计同比,中国:限额以上企业商品零售额:汽车类:当月同比,中国:限额以上企业商品零售额:汽车类:当月值,中国:产成品存货:汽车制造,库存系数:汽车经销商:当月值
2013-01-31,3563.0,3115.0,1417.0,4190.0,2671.0,1722.0,,,,736.0,15.7,594.9,49.0,,,350.7,530.5,,,,,757.68,897.6,29.2,,,,,,,,,47.5,205.5,51.18,,2034488.0,1725525.0,,,,,,,,68.98,1.1,,,,,1.1
2013-02-28,3579.0,3108.0,1418.0,4215.0,2684.0,1736.0,16.7,769.0,-33.04,515.9,-2.2,374.7,-26.2,,,258.56,542.1,,,,,708.37,713.2,-16.6,,,,,,,,,12.4,144.5,-16.25,,1354619.0,1111892.0,,,,,,11.2,,66.62,2.01,6.9,6.9,,17501900.4,2.01
2013-03-31,3583.0,3128.0,1426.0,4252.0,2728.0,1743.0,16.6,1605.7,24.3,898.8,13.8,653.1,14.5,1119.3,3.1,247.96,760.2,,,,,652.57,1311.6,6.3,,,,,,,,,13.5,229.0,10.88,,2035171.0,1585451.0,,,10.2,,,10.8,,72.1,1.63,6.4,5.5,2188.7,18159094.1,1.63
2013-04-30,,,,,,,15.3,1592.1,3.8,964.5,12.6,584.1,5.6,1173.2,1.4,252.58,773.4,,,,,668.47,1304.6,9.3,,,,,,,,,15.4,203.2,15.29,,1841975.0,1441400.0,,,12.9,,,11.4,,78.04,1.68,8.1,13.0,2184.4,18384255.9,1.68
2013-05-31,,,,,,,21.5,1532.6167,-13.5717,981.7281,28.5175,567.1465,3.4462,995.549,5.4252,262.72,765.9,,,,,640.92,1248.7,0.0,,,,,,,,,15.3469,192.6895,13.52,,1761758.0,1397111.0,,,13.3,,,11.9,,80.12,1.58,8.4,9.7,2332.9,18663669.2,1.58
2013-06-30,3562.0,3213.0,1481.0,4171.0,2758.0,1730.0,11.7,1316.2599,15.9165,920.4991,6.1183,559.0605,15.2156,974.57,4.0814,234.7,737.5,,,,,563.22,1043.9,0.2,,,,,,,,,15.1113,185.112,9.33,,1754119.0,1403516.0,,,10.6,,,11.7,,74.18,1.53,8.8,11.4,2408.3,18239448.3,1.53
2013-07-31,,,,,,,7.5,1191.1378,26.6603,872.1956,3.4248,531.0863,4.0862,969.7669,-9.9799,222.18,717.5,,,,,634.97,901.6,8.3,,,,,,,,,15.1549,170.7946,10.18,,1516619.0,1237625.0,,,14.1,,,12.0,,81.28,1.46,9.0,9.1,2250.9,18627846.8,1.46
2013-08-31,3545.0,3181.0,1503.0,4131.0,2716.0,1714.0,12.8,1018.3811,24.5941,793.1137,3.3513,629.4567,15.2296,1278.2087,2.332,233.73,694.4,,,,,520.46,818.8,16.3,,,,,,,,,15.1087,179.5011,11.7,,1648902.0,1353235.0,,,13.9,,,12.2,-0.7,83.88,1.35,8.7,7.0,2306.5,18933059.8,1.35
2013-09-30,,,,,,,14.2,1121.7461,9.1915,783.6761,9.457,697.2233,8.7613,1511.7616,-4.5437,267.58,613.1,,,,,490.31,816.6,16.0,,,,,,,,,15.3239,207.1361,15.96,,1935820.0,1593512.0,,,17.7,,,12.9,-0.7,83.02,1.19,9.3,13.2,2567.4,18815069.4,1.19
2013-10-31,3560.0,3192.0,1514.0,4125.0,2753.0,1721.0,12.5,1066.3751,11.8311,698.7611,13.1244,633.9615,3.0322,1303.5711,-12.9553,266.13,500.0,,,,,538.68,645.1,8.3,,,,,,,,,17.23,208.3368,20.74,,1932684.0,1605748.0,,,18.2,,,13.5,-1.0,81.23,1.29,9.8,14.2,2497.9,18680094.7,1.29
2013-11-30,3555.0,3188.0,1513.0,4113.0,2736.0,1748.0,19.6,1069.3486,6.8217,733.8518,12.758,708.0937,9.4824,1427.3697,-3.3159,266.96,511.2,,,,,669.96,636.2,5.0,,,,,,,,,18.1112,228.3711,21.17,,2043892.0,1696278.0,,,20.3,,,14.3,-1.0,89.98,1.38,10.0,11.6,2695.5,19326815.2,1.38
2013-12-31,3545.0,3182.0,1524.0,4053.0,2730.0,1751.0,10.9,1302.6419,13.062,735.6352,-1.3571,680.3182,9.413,1490.9646,0.6584,280.33,531.6,,,,,789.34,774.1,10.4,,,,,,,,,18.4041,229.9736,19.78,,2134182.0,1776937.0,,,20.8,,,14.9,-1.0,90.23,1.0,10.4,13.4,3295.7,19808596.8,1.0
2014-01-31,3497.0,3172.0,1498.0,4082.0,2755.0,1767.0,,,,,,,,,,276.85,543.6,,,,,845.17,854.0,-4.9,,,,,,,,,,,4.44,,2156355.0,1846846.0,,,,,,,-1.0,,0.97,,,,,0.97
2014-02-28,3505.0,3179.0,1499.0,4108.0,2776.0,1772.0,7.2695,,,,,,,,,254.35,503.2,,,,,826.01,841.2,17.9,,,,,,,,,12.5252,,21.53,,1596414.0,1312197.0,,,,,,15.5,-0.8,83.31,2.33,11.47,11.47,,19634342.7,2.33
2014-03-31,3583.0,3128.0,1426.0,4252.0,2728.0,1743.0,13.0,1749.2,12.2,902.0,1.3,629.8,-3.0,1330.0,19.9,268.47,778.0,,,,,719.63,1466.0,11.8,,,,,,,,,10.8,236.3,5.59,,2169085.0,1710067.0,,,11.7,,,14.0,-0.7,86.11,1.38,12.3,14.0,2669.3,20585304.3,1.38
2014-04-30,3479.0,3162.0,1489.0,4080.0,2787.0,1796.0,2.9,1685.5127,8.9591,950.9,-0.9,595.0863,1.1357,1353.8113,15.7337,270.46,774.3,,,,,704.56,1335.1,2.3,,,,,,,,,8.3572,220.5548,8.84,,2004253.0,1609035.0,,,11.5,,,13.3,-0.6326,91.92,1.52,12.3,12.3,2619.4,20845683.5,1.52
2014-05-31,3469.0,3156.0,1496.0,4050.0,2755.0,1787.0,6.6,1690.56,15.9858,944.3,-3.4,534.3468,-7.4634,1214.9745,18.6856,257.47,762.7,,,,,716.89,1255.4,0.5,,,,,,,,,10.7851,212.3403,10.97,,1911203.0,1590354.0,,,13.4,,,13.3,-0.5029,98.63,1.53,11.3,7.6,2602.5,21224230.5,1.53
2014-06-30,3470.0,3165.0,1489.0,3979.0,2758.0,1798.0,10.7,1587.7837,23.1819,944.8,2.8,559.5572,-2.2634,1085.6942,7.4347,239.53,749.8,,,,,719.53,1147.3,9.9,,,,,,,,,10.9014,203.3922,10.83,,1845847.0,1564117.0,,,13.6,,,13.4,-0.5,99.58,1.69,10.5,6.9,2769.4,21101239.7,1.69
2014-07-31,3426.0,3141.0,1481.0,3918.0,2741.0,1793.0,12.6,1231.5327,7.3921,832.2272,-5.2169,581.7094,6.1435,1165.6296,14.2126,207.95,721.6,,,,,732.18,918.6,1.9,,,,,,,,,10.8474,185.4787,8.64,,1618144.0,1357948.0,,,12.8,,,13.4,-0.4,109.94,1.62,10.1,8.1,2610.2,22285821.7,1.62
2014-08-31,3429.0,3134.0,1473.0,3933.0,2746.0,1789.0,9.7,1113.7925,12.5068,761.1,-4.0,594.015,-7.5384,1387.9287,3.0004,213.52,666.4,,,,,684.94,855.9,4.5,,,,,,,,,9.925,184.5352,2.22,,1715563.0,1468166.0,,,8.5,,,12.8,-0.4,110.27,1.56,9.5,5.3,2526.9,22742488.7,1.56
2014-09-30,3427.0,3127.0,1469.0,3907.0,2781.0,1804.0,8.5,1163.632,7.8242,746.0,-4.8,641.0797,-10.2861,1704.031,7.0186,218.69,588.8,,,,,662.61,815.9,-0.1,,,,,,,,,9.2957,214.9914,4.18,,1983589.0,1696001.0,,0.7,10.7,,60.9281,12.5,-0.4,113.44,1.42,9.1,6.7,2918.7,23249155.8,1.42
2014-10-31,3433.0,3114.0,1465.0,3876.0,2772.0,1828.0,6.5,1101.2767,8.2923,707.0,0.2,623.0159,-3.6253,1298.8349,-5.5461,218.68,497.1,,,,,692.08,689.6,6.9,,,,,,,,,9.0,219.3,6.69,,1987178.0,1708861.0,,1.2,12.6,,59.2044,12.5,-0.4,119.09,1.48,8.6,4.5,2820.5,23802623.8,1.48
2014-11-30,3450.0,3108.0,1457.0,3863.0,2785.0,1834.0,11.3,1142.25,8.2328,693.5,-6.8,676.6254,-6.429,1394.2979,-6.4794,225.87,485.8,,,,,837.75,671.3,5.5,,,,,,,,,8.4,232.7,1.24,,2090883.0,1775320.0,,-0.4,9.0,,62.2256,12.1,-0.4,126.01,1.83,7.9,2.0,2834.7,24405063.7,1.83
2014-12-31,3424.0,3109.0,1450.0,3828.0,2765.0,1832.0,12.6,1280.4,0.1,703.0,-6.3,724.0,3.9,1444.5,-6.7,228.44,523.4,,,,,923.53,813.8,5.1,,,,,,,,,7.1,225.3,7.05,21819.0,2410089.0,2061044.0,,3.6,8.5,,95.2286,11.8,-0.4,114.69,1.53,7.7,6.1,3745.7,23356943.0,1.53
2015-01-31,3374.0,3112.0,1436.0,3818.0,2759.0,1828.0,,,,,,,,,,266.4,530.0,,,,,905.88,892.1,4.5,,,-24.23,-19.42,,,,,,,11.47,6395.0,2319611.0,2038003.0,4000.0,-14.7,,,61.6812,,-0.5,111.72,1.2,,,,,1.2
2015-02-28,3369.0,3133.0,1435.0,3832.0,2780.0,1822.0,12.3696,900.3,-14.1,532.7,-4.8,395.2,-0.6,714.9,-8.2,250.78,473.6,,,,,787.18,743.1,-11.7,,,23.41,14.69,,,,,4.6,176.6,-0.38,6045.0,1593301.0,1396733.0,4000.0,14.6,,,57.6435,8.4,-0.5,114.09,1.89,10.8088,10.8088,,23541064.1,1.89
2015-03-31,3440.0,3137.0,1436.0,3803.0,2798.0,1832.0,16.2,1720.7785,2.9048,810.5,-9.0,666.9397,6.5556,1293.175,-2.3681,291.1,744.0,,,,,750.91,1500.0,2.3,,,10.27,4.4,,,,,4.7,245.1,3.72,14122.0,2240556.0,1870357.0,11000.0,2.7,6.3,,48.3814,7.6,-0.6,121.74,1.77,6.5464,-1.3,2683.9719,24957335.7,1.77
2015-04-30,3447.0,3110.0,1413.0,3764.0,2787.0,1837.0,9.5,1798.1157,11.325,949.9,0.5,616.2199,2.8135,1401.0327,0.6095,317.99,734.2,,,,,738.48,1397.1,4.6,,,0.23,-3.44,,,,,3.2,209.6,0.59,10000.0,1994507.0,1668824.0,8000.0,-0.2,5.0,,60.9414,6.9,-0.8,130.4,1.67,5.2718,1.6,2732.4965,25222383.1,1.67
2015-05-31,,,,,,,5.1,1676.8403,0.504,956.8,3.0,531.4195,-0.9931,1179.9548,-2.7197,287.57,735.6,,,,,729.08,1203.8,-4.1,,,-19.23,-24.61,,,,,2.2,198.4,-0.58,14000.0,1903774.0,1609274.0,10000.0,-1.4,4.4,,63.3879,6.4,-1.1,136.75,1.7,4.6081,2.1,2813.3755,25533662.7,1.7
2015-06-30,3477.0,3100.0,1423.0,3734.0,2789.0,1856.0,10.2,1660.3094,6.202,948.1,2.6,585.277,3.0613,1211.6151,15.3388,284.88,709.7,,,,,702.62,1049.9,-8.5,,,9.63,4.28,,,,,2.0,194.9,-0.22,21055.0,1803090.0,1511439.0,16000.0,-0.9,7.9,,58.9357,6.7,-0.9,141.59,1.68,4.6382,4.8,2959.6687,25988139.4,1.68
2015-07-31,3481.0,3079.0,1413.0,3722.0,2789.0,1879.0,8.0,1213.6,-0.4,776.8,-5.7,558.2,-5.8,1210.4,6.2,243.94,670.8,,,,,708.73,796.2,-13.3,,,-9.53,-13.77,,,,,0.2,156.2,-11.76,16884.0,1503017.0,1268597.0,11000.0,-4.3,-0.5,,63.0315,5.8,-1.1,143.54,1.65,4.3288,2.5,2720.6001,25629263.1,1.65
2015-08-31,3481.0,3067.0,1398.0,3696.0,2776.0,1883.0,14.0,1053.0574,-5.1556,719.1,-3.6,611.1357,0.9348,1537.0932,13.0207,208.93,608.7,,,,,654.37,727.7,-15.0,,,8.99,7.32,,,,,-0.5,162.8,-8.44,18054.0,1664489.0,1418462.0,12000.0,-5.8,0.2,,54.9987,5.2,-1.2,131.01,1.52,4.4349,5.2,2758.4644,25589973.2,1.52
2015-09-30,3476.0,3056.0,1392.0,3694.0,2771.0,1877.0,11.3,1072.4357,-7.8966,693.8,-4.5,741.3019,13.0711,1792.0114,8.148,215.53,565.4,,,,,638.08,658.9,-19.2,,,2.68,-0.28,,,,,-0.9,195.1,-5.64,28092.0,2024788.0,1751215.0,19000.0,-4.4,2.7,,65.1462,4.9,-1.0,118.46,1.56,4.2,2.7,3076.3,25052142.8,1.56
2015-10-31,3445.0,3048.0,1391.0,3655.0,2770.0,1873.0,7.1,1005.3319,-8.5593,630.5,-8.6,612.4508,-4.6858,1430.6566,12.5061,205.31,500.4,,,,,641.69,517.6,-24.9,,,-18.55,-22.24,,,,,-0.3525,219.7053,7.06,34316.0,2221565.0,1936875.0,21000.0,-5.8,7.3,,47.4912,5.2,-1.1,115.15,1.29,4.523,7.1,3117.4521,25271403.8,1.29
2015-11-30,3445.0,3049.0,1390.0,3631.0,2757.0,1882.0,18.0,1072.2,-6.0,660.8,-2.5,637.4,-6.9,1564.8,13.7,214.05,488.0,,,,,656.22,570.6,-15.0,,,18.35,16.18,,,,,1.4,255.1,17.74,75892.0,2508764.0,2196773.0,30000.0,-6.3,13.0,,54.9912,6.1,-1.1,118.73,1.4,4.9713,8.96,3368.0741,25764000.0,1.4
2015-12-31,3430.0,3034.0,1382.0,3610.0,2753.0,1875.0,13.5,1286.6,1.0,653.1,-6.1,662.8,-9.4,1666.5,16.9,226.35,536.6,,,,,761.61,598.4,-26.5,,,5.44,1.39,,,,,2.7,263.2,15.93,84055.0,2785513.0,2442126.0,44000.0,-9.6,12.0,,64.1061,6.7,-1.2,105.79,1.02,5.3,8.1,4164.6,24211000.0,1.02
2016-01-31,3415.0,2969.0,1388.0,3549.0,2759.0,1879.0,,,,,,,,,,282.48,537.9,,,,,765.93,849.3,-4.8,,,14.65,9.44,,,,,,,7.14,22000.0,2500570.0,2228705.0,14000.0,-34.5,,,40.4517,,-1.1,101.2,0.99,,,,,0.99
2016-02-29,3415.0,2997.0,1390.0,3534.0,2760.0,1886.0,7.9,,,,,,,,,246.07,444.9,,,,,788.71,597.9,-19.5,,,-16.03,-23.91,75.9,,,,5.3,,-1.31,14000.0,1580919.0,1376681.0,10000.0,-30.2,,,42.9553,8.1,-1.2,105.0,1.99,5.4,5.4,,23621000.0,1.99
2016-03-31,3425.0,3011.0,1381.0,3526.0,2762.0,1896.0,6.0,1639.1,-2.0,867.1,11.5,727.0,8.6,1579.0,25.2,276.88,765.0,,,,,676.62,1188.5,-20.8,,,-14.04,-14.81,80.7,78.3,4.1,78.3,6.5,255.4,10.26,22936.0,2439744.0,2055706.0,16000.0,-19.3,11.4,,52.1203,9.5,-1.2,113.2,1.55,7.7,12.3,3076.1,24970000.0,1.55
2016-04-30,3419.0,3019.0,1379.0,3506.0,2764.0,1900.0,9.1,1582.9,-7.0,873.3,-9.0,607.1,-2.4,1423.4,1.8,273.21,728.0,,,,,804.22,1105.8,-20.8,,,-4.11,-2.8,92.5,135.0,4.7,135.0,5.5,220.2,4.25,31772.0,2122428.0,1779130.0,21000.0,-16.3,12.1,,55.6023,10.2,-1.2,118.4,1.54,7.0,5.1,2898.9,25437000.0,1.54
2016-05-31,3407.0,3018.0,1372.0,3494.0,2757.0,1903.0,0.7,1432.3,-15.1,855.2,-11.6,585.4,9.1,1272.3,10.3,241.74,698.2,,,,,815.2,1054.2,-12.4,,,-17.25,-18.64,88.8,92.9,5.4,92.9,5.6,208.7,5.01,35000.0,2091672.0,1793035.0,26000.0,-14.5,11.2,,58.4694,10.4,-1.2,116.4,1.38,7.3,8.6,3115.0,25434000.0,1.38
2016-06-30,3409.0,3013.0,1367.0,3481.0,2752.0,1900.0,12.3,1656.9,0.1,901.7,-2.4,639.4,9.1,1349.8,15.1,213.38,693.2,,,,,764.8,1000.0,-4.8,,,10.57,12.31,88.7,88.6,6.6,88.6,6.0,211.3,10.45,44000.0,2070667.0,1784053.0,34000.0,-12.0,11.4,,59.5686,10.5,-1.3,113.8,1.55,7.7,9.5,3308.7,25263000.0,1.55
2016-07-31,3400.0,3001.0,1362.0,3467.0,2740.0,1911.0,11.5,1326.5,10.1,794.9,7.3,584.0,4.5,1294.0,8.5,266.0,656.5,,,,,545.28,916.5,15.1,,,21.51,21.99,94.6,61.8,5.5,61.8,8.1,197.8,28.9,36000.0,1851917.0,1604530.0,30000.0,-10.2,22.9,,62.6143,12.3,-1.1,124.6,1.39,7.9,9.2,3030.9,26377000.0,1.39
2016-08-31,3414.0,2978.0,1363.0,3459.0,2727.0,1920.0,7.1,1206.1,15.7,754.3,9.0,627.6,2.7,1585.7,4.2,236.37,618.0,,,,,524.92,923.9,27.0,,,2.2,5.17,84.0,63.2,6.2,63.2,10.0,204.0,26.6,38000.0,2071043.0,1795512.0,30000.0,-6.3,21.4,,67.8735,13.4,-1.0,117.3,1.2,8.6,13.1,3196.8,26427000.0,1.2
2016-09-30,3419.0,2980.0,1353.0,3458.0,2726.0,1923.0,8.6,1235.1,18.7,804.5,16.4,670.6,-9.3,1703.0,-3.9,258.6,585.6,,,,,562.36,857.5,30.1,,,7.74,7.46,83.7,66.7,6.5,66.7,12.3,257.6,32.82,44000.0,2564098.0,2268338.0,31000.0,-5.9,22.5,,64.0191,14.6,-1.1,115.2,1.13,9.1,13.1,3558.0,26698000.0,1.13
2016-10-31,3420.0,2996.0,1350.0,3442.0,2737.0,1907.0,7.6,1161.3,19.2,742.9,27.0,633.6,3.4,1561.7,9.0,288.53,532.4,,,,,653.72,719.1,38.9,,,5.28,8.26,101.7,44.4,3.9,44.4,12.7,240.9,17.63,44000.0,2649880.0,2344128.0,32000.0,-3.1,17.9,,61.8691,15.0,-1.0,109.0,1.32,9.1,8.7,3453.3,26822000.0,1.32
2016-11-30,3410.0,2973.0,1362.0,3429.0,2753.0,1901.0,14.7,1195.0,14.6,769.7,24.3,761.8,19.4,1642.7,4.4,315.5,571.3,,,,,759.17,776.3,36.1,,,23.38,24.46,64.7,11.1,5.0,11.1,13.3,300.0,17.75,65000.0,2938653.0,2590157.0,46000.0,0.8,19.5,,78.0065,15.5,-0.9,116.5,1.3,9.5,13.1,3886.2,27955000.0,1.3
2016-12-31,3409.0,2919.0,1395.0,3401.0,2800.0,1903.0,9.5,1462.2,13.0,711.5,7.2,717.5,8.5,1751.2515,5.7,317.4,585.3,,,,,975.59,852.5,42.5,,,14.15,15.62,58.5,24.5,6.6,24.5,13.1,298.2043,15.04,105000.0,3057340.0,2672264.0,47000.0,1.8,16.2,,72.3926,15.5,-0.8,120.3,0.82,10.1,14.4,4872.7,29403000.0,0.82
2017-01-31,3461.0,3013.0,1493.0,3464.0,2871.0,2040.0,,,,,,,,,,423.89,543.4,,,,,983.28,991.9,16.8,,,-1.05,-4.13,,,,,,,-3.86,5682.0,2519528.0,2218215.0,4608.0,67.9,,,67.4587,,-0.6,100.5,1.6,,,,,1.6
2017-02-28,3510.0,3046.0,1508.0,3491.0,2860.0,2026.0,5.6,,,,,,,,,444.18,486.6,,,,,907.24,1026.2,71.6,,,27.19,44.68,-33.3,,,,11.1,,33.77,17596.0,1939248.0,1632748.0,16667.0,31.8,,,42.039,17.0,-0.6,122.3,2.25,-1.0,-1.0,,28115000.0,2.25
2017-03-31,3490.0,3020.0,1533.0,3395.0,2915.0,1948.0,12.4,1887.4521,13.4,924.1,14.1,754.3106,5.1,1465.0509,-5.4,477.85,736.7,,,,,849.16,1492.9,25.6,,,11.4,18.27,-14.9,17.9,3.3,17.9,9.0,269.5,3.04,31120.0,2542914.0,2096286.0,28490.0,30.3,12.3,,64.2095,15.3,-0.5,129.3,1.66,2.3,8.6,3388.6,30043000.0,1.66
2017-04-30,3488.0,3016.0,1532.0,3426.0,2920.0,1888.0,10.2,1950.2,20.5,834.4,3.1,627.4,4.2,1273.9,-11.6,469.58,711.8,,,,,825.71,1463.4,32.3,,,15.91,19.77,-1.1,12.5,3.6,12.5,6.9,220.9,-1.91,34361.0,2083957.0,1722243.0,30478.0,27.5,9.2,,66.7396,13.9,-0.4,134.4,1.92,3.4,6.8,3136.3,30883000.0,1.92
2017-05-31,3502.0,2986.0,1526.0,3429.0,2902.0,1891.0,13.6,1870.6,24.6,848.5,6.3,586.7,2.6,1201.1,-6.6,433.62,708.4,,,,,769.11,1559.1,47.9,,,16.91,22.66,7.6,27.0,4.7,27.0,6.4,218.2,0.69,45000.0,2096019.0,1751294.0,38853.0,32.1,10.3,,85.2907,13.2,-0.2,133.6,1.58,4.2,7.0,3379.8,30856000.0,1.58
2017-06-30,3511.0,2985.0,1527.0,3439.0,2907.0,1895.0,13.3,1917.5141,13.4,871.3,1.8,635.1002,0.8,1311.1926,-3.4,408.26,718.8,,,,,746.84,1416.3,41.6,,,4.93,11.87,13.3,29.2,6.2,29.2,6.3,225.0,5.42,59000.0,2171917.0,1831847.0,43000.0,32.7,13.1,,80.1548,13.1,-0.1,132.6,1.75,5.2,9.8,3651.5,30959000.0,1.75
2017-07-31,3497.0,2959.0,1501.0,3443.0,2894.0,1898.0,13.1,1665.4,23.0,851.1,15.5,598.0,3.0,1273.5,-2.4,408.55,658.5,,,,,719.62,1407.4,53.6,,,11.3,20.7,19.8,48.6,5.5,48.6,6.0,207.3,4.76,56000.0,1971245.0,1678433.0,44000.0,29.3,11.8,,69.8821,13.0,-0.2,141.9,1.54,5.6,8.1,3319.9,31530000.0,1.54
2017-08-31,3469.0,2951.0,1493.0,3422.0,2872.0,1900.0,8.4,1462.8,19.1,858.0,17.0,630.4,1.3,1545.7,-3.1,392.04,627.5,,,,,695.29,1197.2,29.6,,,19.74,24.2,25.4,56.4,6.1,56.4,5.9,213.4,4.84,68000.0,2186008.0,1875193.0,55000.0,28.4,14.5,,82.9811,13.1,-0.1,132.7,1.37,5.9,7.9,3533.1,31399000.0,1.37
2017-09-30,3472.0,2945.0,1481.0,3402.0,2884.0,1887.0,6.8,1525.4,20.9,846.6,14.2,718.7,10.3,1756.7,3.5,387.45,612.9,,,,,729.09,972.4,13.4,,,-4.33,0.44,30.8,55.1,7.6,55.1,4.9,291.8,5.54,78000.0,2709129.0,2342567.0,61000.0,28.5,13.7,,82.2259,13.2,0.0,127.3,1.21,6.2,7.9,3910.0,31399000.0,1.21
2017-10-31,3470.0,2919.0,1484.0,3397.0,2884.0,1879.0,5.4,1347.3,13.5,813.2,18.6,658.3,5.0,1749.0,10.9,392.04,569.3,,,,,828.35,865.9,20.4,252.1,7.3,0.09,4.29,36.7,92.7,7.9,92.7,5.3,260.1,0.67,91000.0,2703531.0,2352462.0,68000.0,28.7,11.0,,80.5446,13.0,0.1,117.7,1.33,6.3,6.9,3728.6,31580000.0,1.33
2017-11-30,3462.0,2913.0,1481.0,3396.0,2889.0,1885.0,8.4,1460.1,20.0,782.2,10.0,682.7,-8.9,1800.3,8.8,401.64,571.1,,,,,931.38,815.1,5.0,394.1,25.0,8.21,20.0,46.5,109.6,10.9,109.6,4.1,310.7,2.31,119000.0,2957614.0,2589477.0,83000.0,27.5,9.4,,92.0043,12.6,0.1,130.2,1.28,6.0,4.2,4103.4,32941000.0,1.28
2017-12-31,3472.0,2905.0,1478.0,3399.0,2893.0,1872.0,8.7,1574.2,21.4,660.4,3.7,713.6,-2.5,1881.9,6.9,402.73,557.8,,,,,1096.09,954.4,12.0,289.4,13.0,-0.4,8.21,51.1,71.2,12.5,71.2,3.2,305.4,-0.7,163000.0,3060271.0,2653255.0,98000.0,27.1,9.6,,90.2548,12.2,0.1,129.6,0.9,5.6,2.2,4963.2,32854000.0,0.9
2018-01-31,3503.0,2925.0,1489.0,3422.0,2879.0,1891.0,,,,,,,,,,465.58,544.5,223.4,-16.6,72.71,-8.4,1023.82,1314.7,32.5,214.5,26.9,-10.12,1.38,,,,,,,13.61,38470.0,2809211.0,2456157.0,33848.0,-13.4,,,58.4,,0.0,122.1,1.59,,,,,1.59
2018-02-28,3523.0,2925.0,1492.0,3428.0,2881.0,1887.0,9.2,,,,,,,,,382.33,454.8,162.6,-4.7,44.26,12.3,1001.51,952.7,-7.2,106.0,-45.4,-11.83,-8.12,178.1,,,,-5.0,,-20.82,34420.0,1717603.0,1475512.0,32254.0,15.4,,,67.9,4.9,0.4,120.8,1.63,9.7,9.7,,30466000.0,1.63
2018-03-31,3526.0,2935.0,1490.0,3389.0,2883.0,1890.0,15.4,2019.0,8.4,726.0,-2.6,658.2,-2.4,1703.7,9.8,379.87,713.2,269.8,25.9,82.23,32.7,895.18,1722.8,15.4,618.4,31.0,27.48,33.95,139.4,105.3,7.8,105.3,-2.6,270.2,1.15,68000.0,2656259.0,2168570.0,61393.0,10.3,9.5,,65.2,6.8,0.3,118.2,1.55,7.4,3.5,3300.2,31891000.0,1.55
2018-04-30,3540.0,2964.0,1501.0,3373.0,2844.0,1927.0,6.7,2143.2,9.7,752.6,14.5,618.3,5.7,1584.9,20.4,422.79,681.2,263.8,-11.4,81.37,-6.5,860.16,1720.6,17.6,615.2,2.8,-3.03,3.28,113.0,82.2,8.2,82.2,0.4,245.0,12.27,82000.0,2318552.0,1914369.0,71872.0,17.1,11.9,,89.7,8.1,0.3,127.3,1.66,6.4,3.5,3068.1,31869000.0,1.66
2018-05-31,3454.0,2965.0,1512.0,3393.0,2864.0,1942.0,7.6,2134.4,18.4,757.8,12.1,562.4,5.8,1555.8,24.3,434.72,690.9,283.2,-5.4,73.02,-2.0,810.78,1761.6,13.0,787.1,18.8,8.27,11.95,85.8,56.7,9.4,56.7,2.0,238.8,12.84,102000.0,2287706.0,1889414.0,84000.0,15.1,13.2,,93.5,9.2,0.3,132.7,1.59,4.8,-1.0,3108.9,33013000.0,1.59
2018-06-30,3455.0,2983.0,1512.0,3334.0,2860.0,1924.0,14.3,2079.8,12.1,713.0,-3.6,538.5,-3.9,1415.3,4.2,401.07,716.7,397.0,17.7,105.67,22.2,817.63,1600.0,13.0,980.4,10.9,13.33,17.98,88.1,36.6,9.7,36.6,3.5,233.9,5.77,84000.0,2273669.0,1874181.0,73000.0,14.9,14.0,,91.2,10.1,0.4,136.3,1.93,2.7,-7.0,3089.0,32847000.0,1.93
2018-07-31,3486.0,2990.0,1516.0,3342.0,2840.0,1940.0,0.6,1718.8,3.8,651.6,-7.3,532.4,-3.6,1518.5,16.0,387.55,642.7,305.4,-10.7,80.01,-3.3,863.33,1369.5,-2.7,817.7,-18.2,-13.28,-12.22,68.6,17.9,7.9,17.9,3.2,206.4,-0.66,84000.0,1889115.0,1589544.0,74000.0,17.9,6.3,,94.6,9.6,0.2,151.6,1.79,2.0,-2.0,3068.5,34787000.0,1.79
2018-08-31,3473.0,3023.0,1515.0,3359.0,2815.0,1943.0,4.8,1475.3,-0.4,693.5,0.5,641.5,6.8,1883.8,18.4,377.43,623.1,309.4,-8.7,83.89,-7.2,858.12,993.6,-17.0,414.8,-4.5,-6.64,-5.1,56.0,12.5,9.0,12.5,2.2,203.2,-4.38,101000.0,2103359.0,1789871.0,90000.0,17.9,1.9,,98.0,8.7,0.1,141.1,1.66,1.3,-3.2,3239.3,34122000.0,1.66
2018-09-30,3463.0,3013.0,1518.0,3317.0,2840.0,1923.0,5.7,1608.3,9.3,721.0,6.0,652.1,-2.8,2033.8,10.6,374.13,621.9,259.9,-9.7,76.84,-7.5,863.52,901.4,-7.3,248.9,-6.0,-6.06,-4.66,54.8,50.0,13.2,50.0,0.6,242.6,-11.71,121224.0,2394062.0,2060478.0,106660.0,16.2,0.7,,85.7,7.7,0.1,138.9,1.82,0.2,-7.1,3388.1,34128000.0,1.82
2018-10-31,3432.0,2983.0,1517.0,3296.0,2808.0,1919.0,4.8,1356.8,-0.4,685.4,5.2,662.0,4.0,2078.3,17.0,374.6,597.2,262.7,-3.3,84.44,2.0,903.44,750.7,-13.3,240.6,-4.6,-1.54,1.92,54.4,49.5,15.1,49.5,-0.4,237.0,-10.05,137863.0,2380127.0,2046840.0,120198.0,13.9,-0.7,,77.7,6.9,-0.1,135.4,1.88,-0.6,-6.4,3253.6,34286000.0,1.88
2018-11-30,3427.0,2979.0,1513.0,3277.0,2800.0,1918.0,12.5,1519.8,7.6,707.0,7.6,635.6,-5.9,2026.1,7.9,374.5,626.8,342.1,2.1,108.91,8.0,924.54,900.3,10.4,392.2,-0.5,2.6,2.73,46.4,24.6,17.2,24.6,-2.3,258.2,-18.89,169343.0,2547819.0,2173485.0,139625.0,9.7,-3.2,,70.2,5.9,-0.1,131.0,1.92,-1.6,-10.0,3459.3,35368000.0,1.92
2018-12-31,3418.0,2972.0,1518.0,3327.0,2802.0,1900.0,13.9,1832.0,10.6,618.8,5.8,696.3,-2.9,2112.1,10.5,363.31,562.6,192.6,-9.6,64.43,-8.1,1012.17,1069.4,12.0,267.0,-7.8,-5.47,-5.35,40.1,15.5,19.4,15.5,-3.8,252.6,-18.39,225000.0,2661465.0,2233108.0,166203.0,8.3,-4.1,,84.0,4.9,-0.2,115.9,1.73,-2.3899,-8.5,4267.5473,33158000.0,1.73
2019-01-31,3415.0,2963.0,1551.0,3290.0,2749.0,1892.0,,,,,,,,,,406.21,607.8,239.6,7.3,75.98,4.5,925.97,1440.7,9.6,182.7,-14.8,9.73,3.38,,,,,,,-12.05,95696.0,2367278.0,2021089.0,84803.0,36.5,,,79.8,,-0.2,116.4,1.4,,,,,1.4
2019-02-28,3404.97,2993.61,1564.26,3285.96,2742.89,1913.92,3.3,,,,,,,,,375.46,422.2,129.1,-20.6,33.43,-24.5,894.52,944.7,-0.8,123.6,16.6,-11.76,-15.28,53.3,,,,-15.1,,-17.37,52867.0,1481602.0,1219497.0,49285.0,4.6,,,52.5,-5.3,-0.7,108.9,2.1,-2.8,-2.8,,31935000.0,2.1
2019-03-31,3396.46,2989.72,1571.31,3319.74,2744.41,1922.66,15.2,2406.9,22.3,735.7,1.9,661.1,5.5,1728.5,3.1,388.3,706.5,236.0,-12.5,70.98,-13.7,884.52,1725.1,0.1,674.2,9.0,0.4,1.65,48.2,41.6,10.9,41.6,-10.4,258.7,-2.73,125631.0,2520013.0,2019443.0,118222.0,15.2,2.6,,88.5,0.2,-0.6,113.0,1.8,-3.4,-4.4,3179.2,31099000.0,1.8
2019-04-30,3403.39,2974.62,1571.28,3310.19,2721.77,1946.66,3.2,2363.6,15.4,771.2,2.1,646.8,9.4,1688.6,5.7,435.94,665.9,238.0,-9.8,67.82,-16.7,892.57,1770.1,2.9,604.8,-1.7,-3.5,-7.48,41.1,17.1,8.9,17.1,-11.8,202.0,-14.45,96771.0,1980497.0,1574877.0,89621.0,4.7,-1.1,,73.6,-0.3,-0.5,119.1,2.0,-3.1,-2.1,3053.9,32586000.0,2.0
2019-05-31,3378.36,2976.31,1529.68,3267.68,2746.86,1936.49,5.8,2191.2,6.4,777.8,0.6,680.6,19.8,1583.2,0.8,410.8,764.7,306.7,8.3,77.56,6.2,900.02,1654.5,-6.1,773.1,-1.8,4.15,1.68,27.9,16.0,10.9,16.0,-14.1,185.1,-21.16,104422.0,1912565.0,1561172.0,95630.0,1.9,-4.7,,87.4,-1.0,-0.7,112.4,1.65,-2.0,2.1,3222.8,33170000.0,1.65
2019-06-30,3380.12,2983.7,1516.82,3211.78,2714.32,1935.5,7.7,2133.1,2.4,746.1,2.8,650.2,19.8,1404.8,-1.7,376.03,707.2,429.0,8.1,108.05,2.3,897.13,1518.0,-5.1,1011.6,3.2,6.18,0.45,34.6,50.5,14.3,50.5,-14.2,196.0,-17.26,152062.0,2056446.0,1727910.0,137291.0,4.0,-2.5,,102.5,-1.4,-0.9,96.6,1.38,1.2,17.2,3668.8,30972000.0,1.38
2019-07-31,3355.1,2965.21,1511.01,3231.89,2680.51,1949.6,3.0,1686.1,-3.0,734.2,9.0,491.5,-7.3,1356.6,-12.1,358.03,670.4,277.8,-9.0,67.1,-16.1,825.4,1249.6,-8.8,743.9,-9.0,-8.41,-14.07,32.0,9.1,8.4,9.1,-12.8,185.4,-11.89,79784.0,1808472.0,1527912.0,66677.0,3.6,-4.4,,96.2,-1.8,-0.7,95.3,1.75,0.6,-2.6,3056.2,31062000.0,1.75
2019-08-31,3370.09,2970.78,1510.05,3221.77,2687.32,1946.51,4.2,1433.2,-2.9,701.7,-5.2,678.2,4.9,1667.8,-12.8,350.34,656.2,330.7,6.9,85.53,2.0,823.05,1027.4,3.4,428.2,3.2,6.21,1.34,30.1,9.9,10.0,9.9,-12.5,200.0,-0.47,85255.0,1957572.0,1652908.0,79740.0,2.0,4.3,,90.6,-1.0,-0.8,99.4,1.51,-0.5,-8.1,3051.7,31183000.0,1.51
2019-09-30,3346.37,2961.87,1504.55,3172.61,2702.46,1930.94,5.4,1783.9,10.6,736.7,3.9,720.5,7.6,1952.2,-4.0,363.48,643.4,254.7,-2.0,70.47,-8.3,841.4,970.6,7.7,243.2,-2.3,-0.76,-7.14,21.4,-24.2,9.4,-24.2,-12.0,222.0,-6.24,79755.0,2270682.0,1930637.0,72549.0,3.4,0.5,,97.5,-0.8,-0.8,94.2,1.5,-0.7,-2.2,3397.5,30345000.0,1.5
2019-10-31,3283.53,2932.89,1516.92,3134.61,2738.51,1906.56,0.7,1332.2,-2.1,704.6,3.0,761.5,13.5,1996.8,-0.8,355.96,642.0,264.1,0.6,79.44,-5.9,901.95,772.0,2.8,249.8,3.9,1.72,-3.86,11.5,-39.7,8.5,-39.7,-11.1,227.9,-1.68,75058.0,2284170.0,1927669.0,66118.0,4.4,4.9,,90.2,-0.2,-0.7,95.0,1.39,-1.0,-3.3,3228.1,30624000.0,1.39
2019-11-30,3302.94,2932.75,1536.1,3173.81,2769.71,1900.98,9.7,1545.5,1.2,722.2,7.7,720.9,20.0,1977.1,0.0,386.2,624.9,380.0,11.1,114.83,5.4,1014.76,919.9,2.2,669.8,70.8,28.73,17.78,3.6,-41.0,9.5,-41.0,-9.6,260.8,3.8,95375.0,2456879.0,2056669.0,76479.0,6.4,7.7,,92.3,0.7,-0.7,107.1,1.49,-1.1,-1.8,3465.1,32305000.0,1.49
2019-12-31,3293.14,2949.62,1547.55,3200.78,2778.26,1908.85,2.7,2034.9,10.9,690.2,21.9,726.5,9.7,2008.6,0.7,426.64,642.9,192.6,0.0,61.02,-5.3,1585.66,1070.4,0.1,324.4,21.5,7.77,-5.5,-0.6,-27.0,13.5,-27.0,-8.0,270.5,8.09,163448.0,2658306.0,2213089.0,125420.0,8.2,10.4,,106.7,1.8,-0.8,108.2,1.33,-0.8,1.8,4428.1,35065000.0,1.33
2020-01-31,3323.36,3002.47,1630.67,3112.51,2833.67,1944.55,,,,,,,,,,387.49,536.8,199.5,-16.8,60.48,-20.4,1501.93,995.6,-30.9,147.8,-19.1,-17.11,-24.86,,,,,,,-25.38,46373.0,1927201.0,1606851.0,41756.0,7.5,,7.5,91.321,,-0.7,94.6,1.5,,,,,1.5
2020-02-29,3304.39,2984.04,1654.12,3112.05,2870.97,1961.78,-30.0,,,,,,,,,321.99,272.7,76.3,-40.9,18.12,-45.8,1390.2,552.6,-41.5,83.6,-32.4,-40.24,-49.97,-62.8,,,,-45.8,,-79.83,12908.0,309942.0,223605.0,11481.0,0.0,,-11.4,49.485,-31.8,-0.5,92.7,14.8,-37.0,-37.0,,30549000.0,14.8
2020-03-31,3276.97,2994.42,1633.24,3058.43,2828.39,1945.04,-29.7,1940.3,-18.8,726.6,4.0,640.0,0.5,1818.4,10.2,349.94,627.2,192.2,-18.6,51.37,-27.6,1500.5,1264.4,-26.7,246.1,-63.5,-45.46,-57.47,-53.4,-43.9,6.4,-43.9,-44.6,146.1,-44.47,52873.0,1430217.0,1042689.0,46837.0,-12.6,-22.4,-31.7,64.976,-26.0,-0.5,91.3,2.68,-30.3,-18.1,2609.0,31961000.0,2.68
2020-04-30,3244.56,2987.06,1637.26,3002.85,2822.15,1942.33,-8.5,1915.9,-17.3,701.5,-3.3,555.7,-10.0,1478.0,-5.4,368.62,658.8,235.1,-1.2,64.54,-4.8,1517.35,1435.0,-18.9,509.4,-15.8,-9.95,-20.04,-43.9,-17.2,7.7,-17.2,-32.3,210.0,2.26,71950.0,2069962.0,1536206.0,63154.0,-4.0,5.8,21.5,96.299,-15.0,-0.6,94.3,1.76,-22.6,0.0,3082.7,32581000.0,1.76
2020-05-31,3260.8,2963.25,1650.05,3003.64,2808.23,1932.08,4.3,1942.8,-14.7,776.7,7.4,608.3,-8.2,1509.9,5.3,347.68,778.3,313.8,2.3,76.22,-1.7,1486.32,1641.9,-0.8,807.5,4.4,1.82,-6.07,-41.0,-22.0,8.5,-22.0,-23.6,215.2,18.2,81665.0,2193580.0,1673682.0,74075.0,-5.5,12.2,-10.2,84.633,-7.9,-0.6,94.0,1.55,-17.0,3.5,3376.1,32884000.0,1.55
2020-06-30,3237.63,2916.78,1642.28,2994.07,2812.42,1937.6,9.8,2490.3,12.0,887.4,21.7,655.5,5.3,1610.1,21.5,369.07,785.1,489.3,14.0,121.2,12.2,1510.72,1716.6,13.1,1092.1,8.0,12.1,1.87,-37.8,-18.6,11.4,-18.6,-16.5,231.1,22.48,103565.0,2299696.0,1763626.0,91998.0,-8.8,13.4,-21.1,86.434,-3.1,-0.4,97.2,1.74,-15.2,-8.2,3612.2,32327000.0,1.74
2020-07-31,3218.7,2940.9,1626.08,2973.43,2805.99,1950.9,-2.2,1851.2,6.0,914.7,29.7,686.2,37.3,1754.1,34.2,377.22,783.7,265.6,-4.4,68.88,2.6,1602.42,1439.7,15.2,545.7,-26.6,-16.64,-20.72,-29.8,36.7,10.8,36.7,-9.7,225.8,21.93,97854.0,2111803.0,1664689.0,88683.0,-9.3,21.6,-11.7,90.507,1.1,-0.4,108.5,1.91,-11.6,12.3,3308.3,32685000.0,1.91
2020-08-31,3222.11,2960.47,1612.76,2942.85,2834.19,1925.77,4.3,1533.0,0.5,908.5,28.5,749.2,9.3,1932.8,20.6,377.85,808.3,338.1,2.2,88.14,3.1,1605.49,1055.9,2.8,456.4,6.6,2.97,1.65,-18.7,31.6,12.5,31.6,-9.0,208.8,6.31,109318.0,2185812.0,1754529.0,100173.0,-8.8,14.8,-5.8,89.728,2.8,-0.3,101.9,1.5,-8.8,11.8,3412.8,32562000.0,1.5
2020-09-30,3216.14,2954.74,1593.57,2931.69,2867.0,1917.5,-0.5,1714.1,-8.5,935.8,28.2,799.2,13.3,2057.4,13.1,382.9,797.6,285.1,11.9,81.32,15.4,1621.35,1020.5,5.1,265.6,9.2,10.97,6.72,-11.4,51.1,13.6,51.1,-6.1,246.1,14.11,137941.0,2565201.0,2088191.0,125387.0,-8.2,16.4,-3.9,99.366,4.4,-0.3,98.1,1.56,-6.3,11.2,3866.2,32825000.0,1.56
2020-10-31,3223.86,2942.74,1587.39,2950.93,2852.97,1921.57,2.7,1448.9,0.2,879.6,25.8,840.6,10.2,1960.2,1.5,447.98,769.4,265.3,0.4,83.55,5.2,1691.69,867.7,12.4,238.2,-4.6,0.74,-1.15,-2.8,94.1,16.5,94.1,-4.1,248.1,11.0,160185.0,2573228.0,2109557.0,147993.0,-6.7,14.7,6.2,100.371,5.6,-0.3,94.2,1.57,-4.5,12.0,3708.5,33387000.0,1.57
2020-11-30,3245.24,2963.54,1624.69,2938.91,2889.72,1924.08,5.1,1771.6,5.5,898.9,22.5,856.6,13.1,1962.2,5.1,435.29,844.1,396.1,4.2,121.41,5.7,1800.92,1001.7,8.9,462.8,-30.9,-6.66,-6.17,7.6,99.0,20.7,99.0,-2.7,278.3,9.65,200143.0,2769666.0,2297401.0,186461.0,-3.7,11.1,24.8,122.234,6.3,-0.4,101.7,1.72,-2.8,11.8,4016.8,34462000.0,1.72
2020-12-31,3217.34,2955.85,1642.4,2928.62,2887.17,1926.02,11.2,2152.5,-2.9,796.4,8.1,806.4,5.1,1844.1,-6.8,438.83,785.0,199.9,3.8,64.43,5.6,1929.66,1156.0,8.0,279.0,-14.0,-2.29,1.6,17.3,55.6,23.8,55.6,-1.4,280.4,5.74,248171.0,2831245.0,2375101.0,225699.0,-3.2,9.7,1.1,114.166,6.6,-0.4,101.9,1.8,-1.8,6.4,4871.1,35890000.0,1.8
2021-01-31,3256.23,3010.71,1691.48,2970.68,2993.11,1952.25,,,,,,,,,,,766.4,274.0,37.4,89.53,48.0,1811.12,1406.0,41.2,212.0,43.5,38.84,47.08,,,,,,,34.64,179176.0,2503168.0,2044769.0,171782.0,44.0,,44.0,131.256,,-0.6,89.9,1.53,,,,,1.53
2021-02-28,3257.49,3001.71,1673.79,2950.5,2986.6,1973.1,43.2,,,,,,,,,,541.1,162.4,112.9,42.26,133.2,1806.77,875.9,58.5,86.1,3.0,81.49,94.66,395.3,,,,89.9,,418.94,109634.0,1454806.0,1155887.0,106060.0,93.4,,184.4,140.755,70.9,-0.9,95.3,1.68,77.6,77.6,,35305000.0,1.68
2021-03-31,3244.74,3018.48,1654.65,2935.98,2990.24,1971.22,38.9,2591.6,32.0,946.6,28.9,831.2,29.4,1824.0,3.2,,780.2,237.2,23.4,77.19,50.3,1900.96,1589.0,25.7,490.7,99.4,54.06,85.91,312.7,237.7,23.3,237.7,81.7,251.7,71.62,225801.0,2525691.0,1874311.0,211960.0,98.9,40.4,111.1,137.133,55.1,-0.8,88.2,1.54,65.6,48.7,3929.9,35404000.0,1.54
2021-04-30,3253.51,3088.51,1682.32,2977.53,3055.09,1988.46,6.1,2421.0,22.5,772.9,8.5,772.0,34.2,1514.2,3.6,,717.1,214.6,-8.7,61.99,-3.9,1969.23,1527.6,6.5,307.3,-39.7,-21.7,-19.28,260.8,175.9,22.9,175.9,53.4,227.3,6.25,206206.0,2251792.0,1704040.0,192736.0,91.3,7.7,74.9,168.4569,38.8,-0.8,87.5,1.57,49.2,16.1,3684.7,35027000.0,1.57
2021-05-31,3236.0,3162.59,1716.73,3003.48,3114.56,1966.52,3.1,2205.8,14.0,748.7,-4.2,703.2,12.1,1442.9,-3.2,,745.3,254.1,-19.0,70.3,-7.8,1926.86,1588.4,10.7,547.6,-32.2,-24.65,-19.51,238.9,166.3,23.7,166.3,38.4,209.6,-6.78,217386.0,2127721.0,1646037.0,204138.0,95.8,0.5,111.7,179.1545,29.3,-0.7,79.5,1.51,37.8,6.3,3688.1,33629000.0,1.51
2021-06-30,3232.14,3172.67,1720.45,3008.42,3107.71,1935.72,8.9,2167.0,-12.1,742.5,-15.4,664.0,13.0,1396.5,-13.4,,715.3,452.0,-7.6,130.77,7.9,1804.95,1650.0,-3.9,1077.9,-1.3,-3.58,7.57,205.0,135.3,27.3,135.3,26.4,203.8,-16.51,255747.0,2015309.0,1569081.0,241407.0,101.4,-4.3,126.7,195.926,21.8,-0.4,74.2,1.48,30.4,4.5,3866.7,32754000.0,1.48
2021-07-31,3236.1,2981.92,1694.49,3065.98,3049.59,1953.36,8.2,1801.8,2.8,741.0,-18.3,623.8,4.2,1338.7,-24.6,,715.6,250.3,-5.8,69.32,0.6,1687.8,1466.9,1.9,611.4,12.0,3.34,9.84,194.9,162.7,28.9,162.7,18.9,185.3,-15.51,270576.0,1863550.0,1551395.0,255904.0,102.5,-8.5,108.0,187.9822,16.7,-0.5,74.6,1.45,25.0,-1.8,3347.2,33908000.0,1.45
2021-08-31,3230.35,3148.68,1705.04,3081.15,3158.71,1929.33,-5.0,1491.2,4.3,736.4,-19.0,673.8,-10.0,1569.4,-19.3,,712.5,298.7,-11.7,81.5,-7.5,1632.97,1089.6,3.2,283.7,-37.8,-19.53,-16.8,179.6,151.9,33.0,151.9,13.5,173.4,-18.73,320974.0,1798841.0,1551987.0,306604.0,111.1,-12.6,167.3,238.092,12.4,-0.3,70.4,1.37,20.1,-7.4,3280.1,34007000.0,1.37
2021-09-30,3189.01,3149.72,1706.14,3092.77,3135.14,1936.12,6.6,1508.1,-6.9,763.8,-18.5,699.5,-12.2,1748.2,-14.6,,732.4,256.0,-10.2,77.97,-4.1,1606.26,1026.7,0.6,244.4,-8.0,-10.69,-2.44,172.5,141.3,36.2,141.3,9.4,218.6,-17.94,357474.0,2067099.0,1750517.0,341222.0,107.0,-8.2,80.5,179.1682,9.4,-0.2,75.1,1.24,15.5,-11.8,3535.4,34792000.0,1.24
2021-10-31,3185.28,3136.3,1699.64,3120.9,3097.32,1942.09,9.5,1454.9188,6.0,763.649,-13.5,766.7706,-8.7,1759.248,-5.5,,734.2,256.5,-3.3,88.72,6.2,1712.42,908.7,4.7,254.8,7.0,2.93,8.4,164.0,127.9,40.8,127.9,7.1,234.3505,-8.77,383418.0,2332801.0,2006816.0,365692.0,111.1,-7.9,141.6,242.5395,7.3,-0.1,69.4,1.29,12.2,-11.5,3396.8,35298000.0,1.29
2021-11-30,3184.6,3136.14,1697.35,3124.15,3060.01,1932.33,6.6,1662.8,3.7,808.5,-10.3,843.8,-1.5,1765.8,-7.5,,759.1,349.6,-11.7,117.24,-3.4,1930.25,977.7,-2.4,367.1,-20.7,-14.94,-10.34,155.0,112.0,47.7,112.0,5.3,267.3,-9.31,449858.0,2521591.0,2191953.0,427165.0,108.4,-4.7,89.2,231.3,5.8,0.2,72.4,1.35,9.7,-9.0,3777.0,36416000.0,1.35
2021-12-31,3185.33,3132.72,1707.6,3070.67,3065.64,1926.11,-6.0,1963.5,-1.7,757.8,-5.2,785.6,-2.7,1888.4,4.4,,715.1,182.7,-8.6,64.22,-0.3,2031.11,1152.2,-0.3,205.7,-26.3,-18.66,-10.96,145.6,113.5,52.3,113.5,4.8,296.6,2.35,530939.0,2785918.0,2421558.0,497998.0,104.6,2.8,72.3,196.7084,5.5,0.3,84.5,1.43,7.6,-7.4,4651.3,36711000.0,1.43
2022-01-31,3185.07,3124.98,1703.34,3068.63,3082.98,1925.06,,,,,,,,,,379.98,712.3,256.3,-6.5,86.18,-3.7,2146.62,1331.4,-5.3,218.7,-29.9,-13.54,-13.19,,,,,,,1.38,431436.0,2530584.0,2186344.0,419106.0,116.6,,116.6,284.127,,0.4,74.1,1.46,,,,,1.46
2022-02-28,3188.82,3114.74,1682.07,3063.63,3098.56,1922.24,12.7,,,,,,,,,360.58,551.3,140.82,-13.3,35.13,-16.9,2140.08,968.6,10.6,204.7,78.4,1.33,14.87,150.5,,,,11.1,,20.58,333731.0,1737299.0,1487442.0,321176.0,99.1,,82.8,257.2816,7.2,0.7,81.5,1.85,3.9,3.9,,35770000.0,1.85
2022-03-31,3199.95,3113.76,1708.81,3057.85,3125.28,1929.31,-4.3,2552.5,0.5,867.1,-10.0,761.0,-8.4,1846.0,2.7,386.89,726.4,214.8,-9.4,70.79,-8.3,2093.92,1667.4,4.9,563.7,-28.2,-19.63,-16.11,140.8,121.4,51.8,121.4,4.9,238.6781,-9.06,484299.0,2233912.0,1864360.0,460793.0,83.4,-1.0,52.2,208.8693,4.0,0.7,84.5,1.75,-0.303926,-7.5,3673.1,36896000.0,1.75
2022-04-30,3202.57,3126.71,1733.1,3062.23,3168.14,1930.56,-8.1,2279.2,-4.0,652.4,-15.8,649.9,-15.8,1512.7,1.5,335.37,613.7,202.54,-5.6,57.71,-6.9,2137.74,1540.9,0.9,413.5,-15.4,-10.73,-9.26,112.7,42.2,33.0,42.2,-7.8,128.2,-46.09,298868.0,1180903.0,965120.0,280002.0,60.9,-31.8,6.1,178.2941,-5.4,0.7,86.8,1.91,-8.4,-31.6,2567.2,37447000.0,1.91
2022-05-31,3196.34,3105.6,1741.04,3039.86,3152.1,1933.25,-10.6,2182.9,0.1,667.0,-11.5,679.5,-3.3,1540.1,8.8,300.64,637.0,279.39,10.0,78.66,11.9,2129.68,1563.0,-1.6,579.9,-25.0,-6.63,-7.75,111.7,108.3,50.0,108.3,-7.2,199.3,-5.65,447174.0,1861975.0,1622879.0,426893.0,57.6,-7.0,46.9,261.9128,-5.7,0.6,93.3,1.72,-9.9,-16.0,3185.5,38510000.0,1.72
2022-06-30,3191.34,3091.17,1744.0,3008.03,3145.63,1905.21,3.2,2221.4313,4.4,734.372,-0.8,660.5703,-0.7,1552.4722,13.3,263.8,657.5,413.36,-8.6,127.41,-2.6,1975.6,1421.6,-13.8,1157.2,-23.1,-15.61,-12.83,111.2,120.8,60.5,120.8,-2.1,257.6619,28.24,596439.0,2502293.0,2221604.0,568724.0,51.1,16.2,26.0,245.4552,-1.9,0.3,,1.36,-5.7,13.9,4550.6,37789000.0,1.36
2022-07-31,3140.23,3082.92,1866.65,3022.15,3199.42,1894.94,7.1,1829.9152,0.6,728.7583,-2.1,657.7058,5.6,1649.9518,25.6,281.2,636.9,260.18,4.0,72.76,5.0,1735.92,1329.3,-9.4,876.8,7.4,6.02,6.01,110.7,112.7,61.9,112.7,2.9,244.4634,31.48,592887.0,2420058.0,2174325.0,567605.0,54.4,22.5,71.0,321.2859,1.3,0.3,,1.45,-3.6,9.7,3824.2,38569000.0,1.45
2022-08-31,3129.69,3115.49,1849.77,2994.99,3166.87,1897.49,3.4,1607.2,6.1,702.3,-5.5,690.5,2.5,1802.1,16.5,298.33,613.0,288.79,-3.3,78.67,-3.5,1655.93,1204.9,10.6,537.9,44.9,12.14,14.28,110.1,117.0,71.4,117.0,6.1,242.6,38.3,666191.0,2383354.0,2125260.0,636969.0,57.6,30.5,72.5,410.5846,4.5,0.0,,1.46,-1.3,15.9,3974.7,39570000.0,1.46
2022-09-30,3129.85,3116.81,1849.75,2992.97,3202.22,1901.7,-6.1,1858.0,20.9,799.5,4.6,870.3,24.4,2096.9,20.4,339.44,617.1,222.84,-12.9,70.66,-9.4,1632.78,1038.4,1.1,239.4,-23.7,-12.13,-13.75,112.5,110.0,75.8,110.0,8.1,275.8,28.14,707529.0,2610325.0,2331769.0,674840.0,67.1,23.7,140.3,430.5865,6.9,-0.2,,1.47,0.4,14.2,4212.9,40533000.0,1.47
2022-10-31,3130.39,3134.67,1846.17,2990.34,3209.47,1910.33,-14.1,1443.2,-3.3,690.0,-9.7,880.6,12.9,1926.2,9.2,365.37,602.5,259.05,1.0,91.29,2.9,1713.49,847.6,-6.7,302.4,-12.9,-7.17,-8.5,108.4,84.8,75.2,84.8,8.1,255.9,11.08,713601.0,2504683.0,2231197.0,680219.0,72.0,18.7,103.6,493.513,8.1,-0.3,,1.76,0.8,3.9,3695.3,41985000.0,1.76
2022-11-30,3112.23,3116.26,1870.55,2991.37,3219.22,1903.45,-17.3,1513.2,-10.7,758.6,-7.0,953.1,12.9,1783.1,1.2,372.52,616.0,285.41,-18.4,98.69,-15.8,1846.57,949.1,-2.9,408.6,-16.1,-16.83,-15.03,100.5,60.5,75.6,60.5,5.6,242.3,-7.92,786285.0,2327721.0,2074816.0,742619.0,79.3,4.9,136.3,545.8179,7.7,-0.5,,1.88,0.3,-4.2,3787.6,42316000.0,1.88
2022-12-31,3103.1,3103.97,1867.41,2980.88,3181.96,1898.78,-13.1,1770.5,-9.9,745.1,-5.0,836.4,5.4,1727.3,-8.3,357.95,574.4,182.55,-0.1,62.12,-3.3,1864.22,1142.1,-0.9,210.9,-10.2,2.03,-6.37,97.5,55.5,81.0,55.5,3.4,248.8,-18.19,813842.0,2556244.0,2265024.0,756552.0,82.2,-5.9,112.2,417.3411,6.3,-0.4,,1.07,0.7,4.6,5104.7,39792000.0,1.07
2023-01-31,3091.96,3128.79,1867.09,2963.97,3182.63,1920.15,,,,,,,,,,247.89,590.7,236.58,-7.7,81.22,-5.8,1875.07,1031.0,-22.6,169.6,-22.5,-11.2,-14.77,,,,,,,-34.33,407845.0,1648966.0,1468597.0,392613.0,78.1,,78.1,505.9219,,-0.5,,1.8,,,,,1.8
2023-02-28,3082.91,3140.37,1878.2,2997.31,3163.91,1927.88,-1.9,,,,,,,,,303.33,561.9,171.61,21.9,48.08,36.9,1916.71,1369.1,41.3,309.6,51.2,27.7,35.35,16.3,,,,-14.0,,11.88,524897.0,1976173.0,1652664.0,501118.0,78.9,,79.7,462.4134,-1.0,-0.8,,1.93,-9.4,-9.4,,39839000.0,1.93
2023-03-31,3092.87,3152.77,1833.15,3051.08,3178.61,1912.85,-1.4,2930.6834,13.2,936.3071,9.0,907.0032,18.8,1869.0018,1.2,358.24,717.3,191.09,-11.0,69.12,-2.4,1868.07,1844.2,7.4,588.2,4.4,-2.08,2.33,22.5,33.3,66.8,33.3,-5.1,260.7778,15.26,652699.0,2451030.0,2016942.0,617875.0,96.6,13.5,142.4,506.3304,4.4,-0.9,,1.78,-2.3,11.5,4264.9,41735000.0,1.78
2023-04-30,3089.06,3164.47,1885.06,3031.07,3193.77,1897.12,4.7,2586.9,12.1,840.9,29.7,920.9,41.6,1721.1,14.3,369.11,706.9,204.23,0.8,65.8,14.0,1875.79,1791.0,13.3,539.7,30.5,13.54,21.66,32.8,85.4,58.6,85.4,4.3,201.8,76.84,636463.0,2158704.0,1811079.0,608758.0,120.3,44.6,220.0,570.6504,11.8,-1.0,,1.51,5.4,38.0,3620.2,41911000.0,1.51
2023-05-31,3126.82,3213.43,1869.91,3020.82,3191.79,1892.69,0.1,2606.3,18.3,850.0,28.4,870.5,29.4,1682.4,10.9,344.94,771.9,278.74,-0.2,88.4,12.4,1865.99,1927.0,20.0,813.9,40.4,17.9,26.48,37.0,43.6,67.5,43.6,7.1,230.7358,21.09,716545.0,2381614.0,2051123.0,689291.0,124.1,23.8,137.7,622.4668,14.2,-1.1,,1.74,8.9,24.2,3927.9,41611000.0,1.74
2023-06-30,3121.46,3198.68,1876.2,2962.49,3194.46,1874.6,4.5,2637.6,25.2,875.0,21.4,830.5,25.5,1614.1,5.4,322.88,783.7,386.34,-6.5,126.86,-0.4,1795.36,1828.3,26.0,1305.6,12.8,2.67,7.37,35.0,27.6,74.9,27.6,6.1,256.3804,2.48,806282.0,2622326.0,2267821.0,767338.0,123.5,8.8,121.4,543.637,13.1,-1.3,,1.35,6.8,-1.1,4525.9,39679000.0,1.35
2023-07-31,3128.1,3197.74,1883.93,3006.61,3196.86,1866.75,-5.5,2305.8,29.0,849.5,15.3,727.4,15.9,1597.7,-2.8,339.29,740.6,233.37,-10.3,70.14,-3.6,1779.73,1660.9,22.7,703.2,-19.8,-16.47,-15.35,33.2,24.9,75.2,24.9,4.5,232.4,-2.17,780177.0,2386933.0,2099850.0,746497.0,118.5,6.2,96.4,629.7038,12.0,-1.5,,1.7,5.5,-1.5,3854.6,40271000.0,1.7
2023-08-31,3126.95,3125.15,1901.73,3008.75,3196.58,1866.19,-2.9,1643.4,5.9,838.3,20.8,917.1,40.9,1706.7,-5.2,363.85,767.7,271.8,-5.9,82.3,4.6,1701.15,1217.1,-0.1,404.6,-24.8,-14.45,-12.24,29.6,13.8,80.0,13.8,4.8,251.3,7.5,846287.0,2582401.0,2272783.0,807555.0,104.4,9.9,43.8,589.872,11.7,-1.4,,1.54,4.9,1.1,4112.3,40869000.0,1.54
2023-09-30,3123.13,3109.61,1910.05,2971.36,3203.48,1858.27,-2.3,1611.4,-9.7,885.1,13.2,1035.0,24.2,1801.1,-14.1,368.77,779.9,218.54,-1.9,75.38,6.7,1671.59,998.9,-5.3,268.9,12.3,2.23,7.0,26.7,12.5,84.7,12.5,4.6,283.323,6.55,904043.0,2858234.0,2487274.0,858305.0,96.0,9.0,53.5,659.8383,11.4,-1.4,,1.51,4.6,2.8,4382.5,40492000.0,1.51
2023-10-31,3115.11,3093.57,1898.83,2959.28,3210.5,1859.58,9.6,1373.0,-0.5,827.2,20.3,1005.7,14.5,1629.5,-14.8,368.92,782.25,276.05,6.6,105.56,15.6,1688.04,933.2,7.7,348.6,15.3,7.12,14.97,26.7,27.9,92.7,27.9,4.9,277.9,11.15,955884.0,2852570.0,2487873.0,909808.0,88.5,10.8,49.7,738.4628,11.3,-1.4,,1.7,5.3,11.4,4135.1,41390000.0,1.7
2023-11-30,3123.64,3101.7,1934.8,3018.8,3229.05,1864.55,2.7,1595.7,12.8,828.6,20.4,1025.3,13.4,1582.6,-11.6,368.3,783.6,288.96,1.2,107.6,9.0,1694.64,1066.6,9.9,433.4,6.1,-2.89,2.79,27.7,35.6,100.6,35.6,6.8,295.3,29.44,1025901.0,2970122.0,2604370.0,975701.0,79.6,20.7,29.2,704.8449,12.3,-1.6,,1.43,6.2,14.7,4314.4,43468000.0,1.43
2023-12-31,3143.78,3093.19,1940.37,3016.88,3243.71,1850.13,-0.1,2152.9337,26.9,817.2638,14.6,923.4243,11.9,1688.6744,-2.1,373.06,743.2,228.99,-0.1,86.26,3.6,1710.09,1343.5,16.0,199.7,-5.3,-8.77,-2.27,30.3,43.7,114.1,43.7,9.3,303.9828,29.22,1191279.0,3156367.0,2792005.0,1127669.0,76.8,20.0,52.4,636.1517,13.0,-1.2,,1.2,5.9,4.0,5419.7,40970000.0,1.2
2024-01-31,3146.07,3050.69,1932.09,3068.1,3235.22,1858.19,,,,,,,,,,390.36,804.0,348.33,13.8,138.56,22.1,1819.46,1631.5,55.8,260.0,53.3,18.94,29.8,,,,,,,51.21,729317.0,2439344.0,2115435.0,698901.0,18.7,,18.7,600.0974,,-1.5,,1.38,,,,,1.38
2024-02-29,3160.89,3049.1,1947.57,3146.3,3176.04,1820.31,5.7,,,,,,,,,293.06,586.3,216.29,-4.1,58.58,-7.9,1761.78,1232.1,-11.1,225.1,-27.3,-10.84,-19.54,25.6,,,,4.4,,-25.89,476660.0,1583518.0,1332815.0,451344.0,15.8,,12.5,518.7636,9.8,-1.5,,1.74,8.7,8.7,,40050000.0,1.74
2024-03-31,3151.02,3039.91,1946.87,3081.87,3161.46,1816.84,5.8,3083.3,13.2,993.4,13.2,932.4,5.9,1792.2,-3.0,336.23,831.3,259.74,3.2,97.03,5.3,1699.69,2242.9,21.6,569.9,-2.9,3.23,4.15,29.2,33.5,88.4,33.5,5.3,279.4,3.99,882854.0,2694461.0,2236276.0,831670.0,21.7,9.4,33.1,670.2236,9.7,-1.5,,1.56,3.8,-3.7,4051.7,41870000.0,1.56
2024-04-30,,,,,,,4.5,3033.1,20.0,933.6,15.4,944.3,2.3,1731.6,-0.4,372.03,831.0,262.65,-1.2,88.94,-1.6,1705.78,2193.8,22.5,513.4,-4.6,-1.96,-5.08,33.2,39.2,83.1,39.2,7.7,234.6,12.81,849903.0,2358835.0,2001469.0,806069.0,24.9,16.3,33.1,759.5194,11.3,-2.0,,1.7,1.4,-5.6,3503.3,43193000.0,1.7
2024-05-31,,,,,,,12.9,2905.0,12.9,893.2,5.2,927.4,4.2,1695.7,0.0,360.93,834.4,375.88,3.2,123.8,4.0,1672.26,2152.9,11.7,721.7,-11.3,-5.92,-6.92,33.9,33.6,92.2,33.6,6.6,235.3,1.7,954896.0,2416803.0,2075488.0,910835.0,23.8,7.6,20.3,748.6018,10.5,-2.0,,1.44,0.2,-4.4,3874.6,42242000.0,1.44
2024-06-30,,,,,,,-7.6,2805.2978,5.7,871.774,0.1,815.6685,-3.6,1799.6092,8.1,,,469.16,-7.5,147.94,-12.3,,1894.0,3.6,1066.6,-18.3,-12.47,-19.13,34.3,37.0,102.5,37.0,5.7,261.3,-2.1,1048757.0,2551638.0,2214567.0,1001966.0,22.2,6.8,14.2,620.5281,9.8,-2.3,,1.4,-1.1,-6.2,4367.0,41199000.0,1.4
2024-07-31,,,,,,,-2.4,2020.0778,-12.9,830.4264,-3.0,845.5898,13.8,1680.0847,3.5,,,,,,,,,,,,,,32.9,27.8,98.8,27.8,4.5,229.724,-4.79,990514.0,2261796.0,1993595.0,952922.0,20.7,4.4,12.9,710.8236,9.0,-2.1,,1.5,-1.7,-4.9,3798.0,42880000.0,
