,中国:日均销量(厂家零售):乘用车
2015-03-06,38595.0
2015-03-09,38595.0
2015-03-10,38595.0
2015-03-11,38595.0
2015-03-12,38595.0
2015-03-13,40050.0
2015-03-16,40050.0
2015-03-17,40050.0
2015-03-18,40050.0
2015-03-19,40050.0
2015-03-20,44909.0
2015-03-23,44909.0
2015-03-24,44909.0
2015-03-25,44909.0
2015-03-26,44909.0
2015-03-27,44909.0
2015-03-30,44909.0
2015-03-31,59710.0
2015-04-01,59710.0
2015-04-02,59710.0
2015-04-03,40219.0
2015-04-07,40219.0
2015-04-08,40219.0
2015-04-09,40219.0
2015-04-10,30325.0
2015-04-13,30325.0
2015-04-14,30325.0
2015-04-15,30325.0
2015-04-16,30325.0
2015-04-17,38475.0
2015-04-20,38475.0
2015-04-21,38475.0
2015-04-22,38475.0
2015-04-23,38475.0
2015-04-24,44930.0
2015-04-27,44930.0
2015-04-28,44930.0
2015-04-29,44930.0
2015-04-30,44930.0
2015-05-04,44930.0
2015-05-05,44930.0
2015-05-06,44930.0
2015-05-07,44930.0
2015-05-08,36323.0
2015-05-11,36323.0
2015-05-12,36323.0
2015-05-13,36323.0
2015-05-14,36323.0
2015-05-15,36983.0
2015-05-18,36983.0
2015-05-19,36983.0
2015-05-20,36983.0
2015-05-21,36983.0
2015-05-22,38518.0
2015-05-25,38518.0
2015-05-26,38518.0
2015-05-27,38518.0
2015-05-28,38518.0
2015-05-29,38518.0
2015-06-01,38518.0
2015-06-02,38518.0
2015-06-03,38518.0
2015-06-04,38518.0
2015-06-05,33583.0
2015-06-08,33583.0
2015-06-09,33583.0
2015-06-10,33583.0
2015-06-11,33583.0
2015-06-12,30722.0
2015-06-15,30722.0
2015-06-16,30722.0
2015-06-17,30722.0
2015-06-18,30722.0
2015-06-19,36463.0
2015-06-23,36463.0
2015-06-24,36463.0
2015-06-25,36463.0
2015-06-26,36463.0
2015-06-29,36463.0
2015-06-30,55573.0
2015-07-01,55573.0
2015-07-02,55573.0
2015-07-03,55573.0
2015-07-06,55573.0
2015-07-07,55573.0
2015-07-08,55573.0
2015-07-09,55573.0
2015-07-10,29391.0
2015-07-13,29391.0
2015-07-14,29391.0
2015-07-15,29391.0
2015-07-16,29391.0
2015-07-17,32610.0
2015-07-20,32610.0
2015-07-21,32610.0
2015-07-22,32610.0
2015-07-23,32610.0
2015-07-24,38232.0
2015-07-27,38232.0
2015-07-28,38232.0
2015-07-29,38232.0
2015-07-30,38232.0
2015-07-31,53439.0
2015-08-03,53439.0
2015-08-04,53439.0
2015-08-05,53439.0
2015-08-06,53439.0
2015-08-07,31639.0
2015-08-10,31639.0
2015-08-11,31639.0
2015-08-12,31639.0
2015-08-13,31639.0
2015-08-14,36906.0
2015-08-17,36906.0
2015-08-18,36906.0
2015-08-19,36906.0
2015-08-20,36906.0
2015-08-21,39117.0
2015-08-24,39117.0
2015-08-25,39117.0
2015-08-26,39117.0
2015-08-27,39117.0
2015-08-28,39117.0
2015-08-31,52088.0
2015-09-01,52088.0
2015-09-02,52088.0
2015-09-07,52088.0
2015-09-08,52088.0
2015-09-09,52088.0
2015-09-10,52088.0
2015-09-11,38130.0
2015-09-14,38130.0
2015-09-15,38130.0
2015-09-16,38130.0
2015-09-17,38130.0
2015-09-18,46925.0
2015-09-21,46925.0
2015-09-22,46925.0
2015-09-23,46925.0
2015-09-24,46925.0
2015-09-25,51678.0
2015-09-28,51678.0
2015-09-29,51678.0
2015-09-30,80821.0
2015-10-08,80821.0
2015-10-09,80821.0
2015-10-12,32118.0
2015-10-13,32118.0
2015-10-14,32118.0
2015-10-15,32118.0
2015-10-16,60357.0
2015-10-19,60357.0
2015-10-20,60357.0
2015-10-21,60357.0
2015-10-22,60357.0
2015-10-23,53340.0
2015-10-26,53340.0
2015-10-27,53340.0
2015-10-28,53340.0
2015-10-29,53340.0
2015-10-30,53340.0
2015-11-02,68915.0
2015-11-03,68915.0
2015-11-04,68915.0
2015-11-05,68915.0
2015-11-06,26875.0
2015-11-09,26875.0
2015-11-10,26875.0
2015-11-11,26875.0
2015-11-12,26875.0
2015-11-13,49841.0
2015-11-16,49841.0
2015-11-17,49841.0
2015-11-18,49841.0
2015-11-19,49841.0
2015-11-20,54940.0
2015-11-23,54940.0
2015-11-24,54940.0
2015-11-25,54940.0
2015-11-26,54940.0
2015-11-27,54940.0
2015-11-30,76026.0
2015-12-01,76026.0
2015-12-02,76026.0
2015-12-03,76026.0
2015-12-04,50339.0
2015-12-07,50339.0
2015-12-08,50339.0
2015-12-09,50339.0
2015-12-10,50339.0
2015-12-11,52965.0
2015-12-14,52965.0
2015-12-15,52965.0
2015-12-16,52965.0
2015-12-17,52965.0
2015-12-18,65603.0
2015-12-21,65603.0
2015-12-22,65603.0
2015-12-23,65603.0
2015-12-24,65603.0
2015-12-25,70870.0
2015-12-28,70870.0
2015-12-29,70870.0
2015-12-30,70870.0
2015-12-31,91268.0
2016-01-04,91268.0
2016-01-05,91268.0
2016-01-06,91268.0
2016-01-07,91268.0
2016-01-08,57834.0
2016-01-11,57834.0
2016-01-12,57834.0
2016-01-13,57834.0
2016-01-14,57834.0
2016-01-15,61396.0
2016-01-18,61396.0
2016-01-19,61396.0
2016-01-20,61396.0
2016-01-21,61396.0
2016-01-22,70391.0
2016-01-25,70391.0
2016-01-26,70391.0
2016-01-27,70391.0
2016-01-28,70391.0
2016-01-29,70391.0
2016-02-01,76161.0
2016-02-02,76161.0
2016-02-03,76161.0
2016-02-04,76161.0
2016-02-05,76161.0
2016-02-15,57130.0
2016-02-16,57130.0
2016-02-17,57130.0
2016-02-18,57130.0
2016-02-19,46061.0
2016-02-22,46061.0
2016-02-23,46061.0
2016-02-24,46061.0
2016-02-25,46061.0
2016-02-26,46061.0
2016-02-29,56283.0
2016-03-01,56283.0
2016-03-02,56283.0
2016-03-03,56283.0
2016-03-04,52164.0
2016-03-07,52164.0
2016-03-08,52164.0
2016-03-09,52164.0
2016-03-10,52164.0
2016-03-11,42836.0
2016-03-14,42836.0
2016-03-15,42836.0
2016-03-16,42836.0
2016-03-17,42836.0
2016-03-18,47165.0
2016-03-21,47165.0
2016-03-22,47165.0
2016-03-23,47165.0
2016-03-24,47165.0
2016-03-25,53321.0
2016-03-28,53321.0
2016-03-29,53321.0
2016-03-30,53321.0
2016-03-31,75536.0
2016-04-01,75536.0
2016-04-05,75536.0
2016-04-06,75536.0
2016-04-07,75536.0
2016-04-08,33691.0
2016-04-11,33691.0
2016-04-12,33691.0
2016-04-13,33691.0
2016-04-14,33691.0
2016-04-15,42747.0
2016-04-18,42747.0
2016-04-19,42747.0
2016-04-20,42747.0
2016-04-21,42747.0
2016-04-22,48559.0
2016-04-25,48559.0
2016-04-26,48559.0
2016-04-27,48559.0
2016-04-28,48559.0
2016-04-29,48559.0
2016-05-03,71630.0
2016-05-04,71630.0
2016-05-05,71630.0
2016-05-06,42201.0
2016-05-09,42201.0
2016-05-10,42201.0
2016-05-11,42201.0
2016-05-12,42201.0
2016-05-13,47679.0
2016-05-16,47679.0
2016-05-17,47679.0
2016-05-18,47679.0
2016-05-19,47679.0
2016-05-20,46577.0
2016-05-23,46577.0
2016-05-24,46577.0
2016-05-25,46577.0
2016-05-26,46577.0
2016-05-27,46577.0
2016-05-30,46577.0
2016-05-31,58427.0
2016-06-01,58427.0
2016-06-02,58427.0
2016-06-03,58427.0
2016-06-06,58427.0
2016-06-07,58427.0
2016-06-08,51590.0
2016-06-13,51590.0
2016-06-14,51590.0
2016-06-15,51590.0
2016-06-16,51590.0
2016-06-17,38263.0
2016-06-20,38263.0
2016-06-21,38263.0
2016-06-22,38263.0
2016-06-23,38263.0
2016-06-24,53797.0
2016-06-27,53797.0
2016-06-28,53797.0
2016-06-29,53797.0
2016-06-30,53797.0
2016-07-01,53797.0
2016-07-04,53797.0
2016-07-05,53797.0
2016-07-06,53797.0
2016-07-07,53797.0
2016-07-08,33825.0
2016-07-11,33825.0
2016-07-12,33825.0
2016-07-13,33825.0
2016-07-14,33825.0
2016-07-15,42891.0
2016-07-18,42891.0
2016-07-19,42891.0
2016-07-20,42891.0
2016-07-21,42891.0
2016-07-22,46516.0
2016-07-25,46516.0
2016-07-26,46516.0
2016-07-27,46516.0
2016-07-28,46516.0
2016-07-29,46516.0
2016-08-01,58028.0
2016-08-02,58028.0
2016-08-03,58028.0
2016-08-04,58028.0
2016-08-05,46626.0
2016-08-08,46626.0
2016-08-09,46626.0
2016-08-10,46626.0
2016-08-11,46626.0
2016-08-12,41362.0
2016-08-15,41362.0
2016-08-16,41362.0
2016-08-17,41362.0
2016-08-18,41362.0
2016-08-19,51284.0
2016-08-22,51284.0
2016-08-23,51284.0
2016-08-24,51284.0
2016-08-25,51284.0
2016-08-26,54148.0
2016-08-29,54148.0
2016-08-30,54148.0
2016-08-31,66112.0
2016-09-01,66112.0
2016-09-02,66112.0
2016-09-05,66112.0
2016-09-06,66112.0
2016-09-07,66112.0
2016-09-08,66112.0
2016-09-09,55430.0
2016-09-12,55430.0
2016-09-13,55430.0
2016-09-14,57145.0
2016-09-19,57145.0
2016-09-20,57145.0
2016-09-21,57145.0
2016-09-22,57145.0
2016-09-23,65483.0
2016-09-26,65483.0
2016-09-27,65483.0
2016-09-28,65483.0
2016-09-29,65483.0
2016-09-30,85714.0
2016-10-10,34181.0
2016-10-11,34181.0
2016-10-12,34181.0
2016-10-13,34181.0
2016-10-14,85330.0
2016-10-17,85330.0
2016-10-18,85330.0
2016-10-19,85330.0
2016-10-20,85330.0
2016-10-21,66798.0
2016-10-24,66798.0
2016-10-25,66798.0
2016-10-26,66798.0
2016-10-27,66798.0
2016-10-28,66798.0
2016-10-31,76079.0
2016-11-01,76079.0
2016-11-02,76079.0
2016-11-03,76079.0
2016-11-04,69822.0
2016-11-07,69822.0
2016-11-08,69822.0
2016-11-09,69822.0
2016-11-10,69822.0
2016-11-11,53808.0
2016-11-14,53808.0
2016-11-15,53808.0
2016-11-16,53808.0
2016-11-17,53808.0
2016-11-18,71491.0
2016-11-21,71491.0
2016-11-22,71491.0
2016-11-23,71491.0
2016-11-24,71491.0
2016-11-25,73109.0
2016-11-28,73109.0
2016-11-29,73109.0
2016-11-30,95552.0
2016-12-01,95552.0
2016-12-02,95552.0
2016-12-05,95552.0
2016-12-06,95552.0
2016-12-07,95552.0
2016-12-08,95552.0
2016-12-09,69007.0
2016-12-12,69007.0
2016-12-13,69007.0
2016-12-14,69007.0
2016-12-15,69007.0
2016-12-16,77004.0
2016-12-19,77004.0
2016-12-20,77004.0
2016-12-21,77004.0
2016-12-22,77004.0
2016-12-23,77298.0
2016-12-26,77298.0
2016-12-27,77298.0
2016-12-28,77298.0
2016-12-29,77298.0
2016-12-30,77298.0
2017-01-03,86885.0
2017-01-04,86885.0
2017-01-05,86885.0
2017-01-06,65870.0
2017-01-09,65870.0
2017-01-10,65870.0
2017-01-11,65870.0
2017-01-12,65870.0
2017-01-13,62890.0
2017-01-16,62890.0
2017-01-17,62890.0
2017-01-18,62890.0
2017-01-19,63607.0
2017-01-20,68651.0
2017-01-23,68651.0
2017-01-24,68651.0
2017-01-25,68651.0
2017-01-26,68651.0
2017-02-03,68651.0
2017-02-06,68651.0
2017-02-07,68651.0
2017-02-08,68651.0
2017-02-09,68651.0
2017-02-10,33461.0
2017-02-13,33461.0
2017-02-14,33461.0
2017-02-15,33461.0
2017-02-16,33461.0
2017-02-17,42681.0
2017-02-20,42681.0
2017-02-21,42681.0
2017-02-22,42681.0
2017-02-23,42681.0
2017-02-24,48674.0
2017-02-27,48674.0
2017-02-28,83205.0
2017-03-01,83205.0
2017-03-02,83205.0
2017-03-03,47804.0
2017-03-06,47804.0
2017-03-07,47804.0
2017-03-08,47804.0
2017-03-09,47804.0
2017-03-10,39766.0
2017-03-13,39766.0
2017-03-14,39766.0
2017-03-15,39766.0
2017-03-16,39766.0
2017-03-17,45909.0
2017-03-20,45909.0
2017-03-21,45909.0
2017-03-22,45909.0
2017-03-23,45909.0
2017-03-24,49323.0
2017-03-27,49323.0
2017-03-28,49323.0
2017-03-29,49323.0
2017-03-30,49323.0
2017-03-31,83170.0
2017-04-05,83170.0
2017-04-06,83170.0
2017-04-07,30525.0
2017-04-10,30525.0
2017-04-11,30525.0
2017-04-12,30525.0
2017-04-13,30525.0
2017-04-14,43235.0
2017-04-17,43235.0
2017-04-18,43235.0
2017-04-19,43235.0
2017-04-20,43235.0
2017-04-21,48451.0
2017-04-24,48451.0
2017-04-25,48451.0
2017-04-26,48451.0
2017-04-27,48451.0
2017-04-28,48451.0
2017-05-02,48451.0
2017-05-03,48451.0
2017-05-04,48451.0
2017-05-05,45555.0
2017-05-08,45555.0
2017-05-09,45555.0
2017-05-10,45555.0
2017-05-11,45555.0
2017-05-12,46252.0
2017-05-15,46252.0
2017-05-16,46252.0
2017-05-17,46252.0
2017-05-18,46252.0
2017-05-19,44480.0
2017-05-22,44480.0
2017-05-23,44480.0
2017-05-24,44480.0
2017-05-25,44480.0
2017-05-26,44480.0
2017-05-31,58932.0
2017-06-01,58932.0
2017-06-02,58932.0
2017-06-05,58932.0
2017-06-06,58932.0
2017-06-07,58932.0
2017-06-08,58932.0
2017-06-09,38313.0
2017-06-12,38313.0
2017-06-13,38313.0
2017-06-14,38313.0
2017-06-15,38313.0
2017-06-16,42223.0
2017-06-19,42223.0
2017-06-20,42223.0
2017-06-21,42223.0
2017-06-22,42223.0
2017-06-23,49226.0
2017-06-26,49226.0
2017-06-27,49226.0
2017-06-28,49226.0
2017-06-29,49226.0
2017-06-30,80958.0
2017-07-03,80958.0
2017-07-04,80958.0
2017-07-05,80958.0
2017-07-06,80958.0
2017-07-07,35823.0
2017-07-10,35823.0
2017-07-11,35823.0
2017-07-12,35823.0
2017-07-13,35823.0
2017-07-14,40050.0
2017-07-17,40050.0
2017-07-18,40050.0
2017-07-19,40050.0
2017-07-20,40050.0
2017-07-21,49810.0
2017-07-24,49810.0
2017-07-25,49810.0
2017-07-26,49810.0
2017-07-27,49810.0
2017-07-28,49810.0
2017-07-31,61153.0
2017-08-01,61153.0
2017-08-02,61153.0
2017-08-03,61153.0
2017-08-04,53330.0
2017-08-07,53330.0
2017-08-08,53330.0
2017-08-09,53330.0
2017-08-10,53330.0
2017-08-11,43690.0
2017-08-14,43690.0
2017-08-15,43690.0
2017-08-16,43690.0
2017-08-17,43690.0
2017-08-18,50010.0
2017-08-21,50010.0
2017-08-22,50010.0
2017-08-23,50010.0
2017-08-24,50010.0
2017-08-25,56431.0
2017-08-28,56431.0
2017-08-29,56431.0
2017-08-30,56431.0
2017-08-31,73377.0
2017-09-01,73377.0
2017-09-04,73377.0
2017-09-05,73377.0
2017-09-06,73377.0
2017-09-07,73377.0
2017-09-08,52557.0
2017-09-11,52557.0
2017-09-12,52557.0
2017-09-13,52557.0
2017-09-14,52557.0
2017-09-15,57610.0
2017-09-18,57610.0
2017-09-19,57610.0
2017-09-20,57610.0
2017-09-21,57610.0
2017-09-22,63954.0
2017-09-25,63954.0
2017-09-26,63954.0
2017-09-27,63954.0
2017-09-28,63954.0
2017-09-29,63954.0
2017-10-09,30299.0
2017-10-10,30299.0
2017-10-11,30299.0
2017-10-12,30299.0
2017-10-13,83107.0
2017-10-16,83107.0
2017-10-17,83107.0
2017-10-18,83107.0
2017-10-19,83107.0
2017-10-20,67057.0
2017-10-23,67057.0
2017-10-24,67057.0
2017-10-25,67057.0
2017-10-26,67057.0
2017-10-27,67057.0
2017-10-30,67057.0
2017-10-31,79531.0
2017-11-01,79531.0
2017-11-02,79531.0
2017-11-03,60790.0
2017-11-06,60790.0
2017-11-07,60790.0
2017-11-08,60790.0
2017-11-09,60790.0
2017-11-10,57767.0
2017-11-13,57767.0
2017-11-14,57767.0
2017-11-15,57767.0
2017-11-16,57767.0
2017-11-17,68000.0
2017-11-20,68000.0
2017-11-21,68000.0
2017-11-22,68000.0
2017-11-23,68000.0
2017-11-24,71678.0
2017-11-27,71678.0
2017-11-28,71678.0
2017-11-29,71678.0
2017-11-30,104007.0
2017-12-01,104007.0
2017-12-04,104007.0
2017-12-05,104007.0
2017-12-06,104007.0
2017-12-07,104007.0
2017-12-08,59719.0
2017-12-11,59719.0
2017-12-12,59719.0
2017-12-13,59719.0
2017-12-14,59719.0
2017-12-15,75083.0
2017-12-18,75083.0
2017-12-19,75083.0
2017-12-20,75083.0
2017-12-21,75083.0
2017-12-22,88136.0
2017-12-25,88136.0
2017-12-26,88136.0
2017-12-27,88136.0
2017-12-28,88136.0
2017-12-29,88136.0
2018-01-02,90698.0
2018-01-03,90698.0
2018-01-04,90698.0
2018-01-05,61184.0
2018-01-08,61184.0
2018-01-09,61184.0
2018-01-10,61184.0
2018-01-11,61184.0
2018-01-12,53125.0
2018-01-15,53125.0
2018-01-16,53125.0
2018-01-17,53125.0
2018-01-18,53125.0
2018-01-19,63607.0
2018-01-22,63607.0
2018-01-23,63607.0
2018-01-24,63607.0
2018-01-25,63607.0
2018-01-26,68747.0
2018-01-29,68747.0
2018-01-30,68747.0
2018-01-31,81487.0
2018-02-01,81487.0
2018-02-02,81487.0
2018-02-05,81487.0
2018-02-06,81487.0
2018-02-07,81487.0
2018-02-08,81487.0
2018-02-09,63040.0
2018-02-12,63040.0
2018-02-13,63040.0
2018-02-14,63040.0
2018-02-22,19124.0
2018-02-23,19124.0
2018-02-26,19124.0
2018-02-27,19124.0
2018-02-28,57264.0
2018-03-01,57264.0
2018-03-02,57264.0
2018-03-05,57264.0
2018-03-06,57264.0
2018-03-07,57264.0
2018-03-08,57264.0
2018-03-09,46258.0
2018-03-12,46258.0
2018-03-13,46258.0
2018-03-14,46258.0
2018-03-15,46258.0
2018-03-16,47366.0
2018-03-19,47366.0
2018-03-20,47366.0
2018-03-21,47366.0
2018-03-22,47366.0
2018-03-23,55058.0
2018-03-26,55058.0
2018-03-27,55058.0
2018-03-28,55058.0
2018-03-29,55058.0
2018-03-30,55058.0
2018-04-02,76948.0
2018-04-03,76948.0
2018-04-04,76948.0
2018-04-09,32561.0
2018-04-10,32561.0
2018-04-11,32561.0
2018-04-12,32561.0
2018-04-13,52258.0
2018-04-16,52258.0
2018-04-17,52258.0
2018-04-18,52258.0
2018-04-19,52258.0
2018-04-20,50693.0
2018-04-23,50693.0
2018-04-24,50693.0
2018-04-25,50693.0
2018-04-26,50693.0
2018-04-27,50693.0
2018-05-02,72551.0
2018-05-03,72551.0
2018-05-04,19595.0
2018-05-07,19595.0
2018-05-08,19595.0
2018-05-09,19595.0
2018-05-10,19595.0
2018-05-11,58653.0
2018-05-14,58653.0
2018-05-15,58653.0
2018-05-16,58653.0
2018-05-17,58653.0
2018-05-18,58653.0
2018-05-21,44316.0
2018-05-22,44316.0
2018-05-23,44316.0
2018-05-24,44316.0
2018-05-25,48974.0
2018-05-28,48974.0
2018-05-29,48974.0
2018-05-30,48974.0
2018-05-31,65351.0
2018-06-01,65351.0
2018-06-04,65351.0
2018-06-05,65351.0
2018-06-06,65351.0
2018-06-07,65351.0
2018-06-08,32199.0
2018-06-11,32199.0
2018-06-12,32199.0
2018-06-13,32199.0
2018-06-14,32199.0
2018-06-15,39585.0
2018-06-19,39585.0
2018-06-20,39585.0
2018-06-21,39585.0
2018-06-22,45275.0
2018-06-25,45275.0
2018-06-26,45275.0
2018-06-27,45275.0
2018-06-28,45275.0
2018-06-29,45275.0
2018-07-02,84628.0
2018-07-03,84628.0
2018-07-04,84628.0
2018-07-05,84628.0
2018-07-06,29874.0
2018-07-09,29874.0
2018-07-10,29874.0
2018-07-11,29874.0
2018-07-12,29874.0
2018-07-13,36585.0
2018-07-16,36585.0
2018-07-17,36585.0
2018-07-18,36585.0
2018-07-19,36585.0
2018-07-20,43091.0
2018-07-23,43091.0
2018-07-24,43091.0
2018-07-25,43091.0
2018-07-26,43091.0
2018-07-27,43091.0
2018-07-30,43091.0
2018-07-31,62390.0
2018-08-01,62390.0
2018-08-02,62390.0
2018-08-03,43487.0
2018-08-06,43487.0
2018-08-07,43487.0
2018-08-08,43487.0
2018-08-09,43487.0
2018-08-10,37423.0
2018-08-13,37423.0
2018-08-14,37423.0
2018-08-15,37423.0
2018-08-16,37423.0
2018-08-17,42225.0
2018-08-20,42225.0
2018-08-21,42225.0
2018-08-22,42225.0
2018-08-23,42225.0
2018-08-24,49833.0
2018-08-27,49833.0
2018-08-28,49833.0
2018-08-29,49833.0
2018-08-30,49833.0
2018-08-31,79637.0
2018-09-03,79637.0
2018-09-04,79637.0
2018-09-05,79637.0
2018-09-06,79637.0
2018-09-07,37161.0
2018-09-10,37161.0
2018-09-11,37161.0
2018-09-12,37161.0
2018-09-13,37161.0
2018-09-14,44011.0
2018-09-17,44011.0
2018-09-18,44011.0
2018-09-19,44011.0
2018-09-20,44011.0
2018-09-21,51410.0
2018-09-25,51410.0
2018-09-26,51410.0
2018-09-27,51410.0
2018-09-28,51410.0
2018-10-08,15507.0
2018-10-09,15507.0
2018-10-10,15507.0
2018-10-11,15507.0
2018-10-12,63411.0
2018-10-15,63411.0
2018-10-16,63411.0
2018-10-17,63411.0
2018-10-18,63411.0
2018-10-19,53163.0
2018-10-22,53163.0
2018-10-23,53163.0
2018-10-24,53163.0
2018-10-25,53163.0
2018-10-26,56559.0
2018-10-29,56559.0
2018-10-30,56559.0
2018-10-31,100670.0
2018-11-01,100670.0
2018-11-02,100670.0
2018-11-05,100670.0
2018-11-06,100670.0
2018-11-07,100670.0
2018-11-08,100670.0
2018-11-09,34952.0
2018-11-12,34952.0
2018-11-13,34952.0
2018-11-14,34952.0
2018-11-15,34952.0
2018-11-16,51657.0
2018-11-19,51657.0
2018-11-20,51657.0
2018-11-21,51657.0
2018-11-22,51657.0
2018-11-23,53671.0
2018-11-26,53671.0
2018-11-27,53671.0
2018-11-28,53671.0
2018-11-29,53671.0
2018-11-30,105140.0
2018-12-03,105140.0
2018-12-04,105140.0
2018-12-05,105140.0
2018-12-06,105140.0
2018-12-07,35173.0
2018-12-10,35173.0
2018-12-11,35173.0
2018-12-12,35173.0
2018-12-13,35173.0
2018-12-14,52152.0
2018-12-17,52152.0
2018-12-18,52152.0
2018-12-19,52152.0
2018-12-20,52152.0
2018-12-21,55623.0
2018-12-24,55623.0
2018-12-25,55623.0
2018-12-26,55623.0
2018-12-27,55623.0
2018-12-28,55623.0
2019-01-02,102639.0
2019-01-03,102639.0
2019-01-04,50810.0
2019-01-07,50810.0
2019-01-08,50810.0
2019-01-09,50810.0
2019-01-10,50810.0
2019-01-11,55961.0
2019-01-14,55961.0
2019-01-15,55961.0
2019-01-16,55961.0
2019-01-17,55961.0
2019-01-18,64639.0
2019-01-21,64639.0
2019-01-22,64639.0
2019-01-23,64639.0
2019-01-24,64639.0
2019-01-25,67532.0
2019-01-28,67532.0
2019-01-29,67532.0
2019-01-30,67532.0
2019-01-31,74453.0
2019-02-01,74453.0
2019-02-11,10203.0
2019-02-12,10203.0
2019-02-13,10203.0
2019-02-14,10203.0
2019-02-15,49795.0
2019-02-18,49795.0
2019-02-19,49795.0
2019-02-20,49795.0
2019-02-21,49795.0
2019-02-22,39926.0
2019-02-25,39926.0
2019-02-26,39926.0
2019-02-27,39926.0
2019-02-28,73331.0
2019-03-01,73331.0
2019-03-04,73331.0
2019-03-05,73331.0
2019-03-06,73331.0
2019-03-07,73331.0
2019-03-08,34244.0
2019-03-11,34244.0
2019-03-12,34244.0
2019-03-13,34244.0
2019-03-14,34244.0
2019-03-15,40029.0
2019-03-18,40029.0
2019-03-19,40029.0
2019-03-20,40029.0
2019-03-21,40029.0
2019-03-22,44666.0
2019-03-25,44666.0
2019-03-26,44666.0
2019-03-27,44666.0
2019-03-28,44666.0
2019-03-29,44666.0
2019-04-01,75110.0
2019-04-02,75110.0
2019-04-03,75110.0
2019-04-04,35321.0
2019-04-08,35321.0
2019-04-09,35321.0
2019-04-10,35321.0
2019-04-11,35321.0
2019-04-12,29333.0
2019-04-15,29333.0
2019-04-16,29333.0
2019-04-17,29333.0
2019-04-18,29333.0
2019-04-19,37244.0
2019-04-22,37244.0
2019-04-23,37244.0
2019-04-24,37244.0
2019-04-25,37244.0
2019-04-26,46993.0
2019-04-29,46993.0
2019-04-30,90658.0
2019-05-06,90658.0
2019-05-07,90658.0
2019-05-08,90658.0
2019-05-09,90658.0
2019-05-10,33517.0
2019-05-13,33517.0
2019-05-14,33517.0
2019-05-15,33517.0
2019-05-16,33517.0
2019-05-17,39648.0
2019-05-20,39648.0
2019-05-21,39648.0
2019-05-22,39648.0
2019-05-23,39648.0
2019-05-24,44146.0
2019-05-27,44146.0
2019-05-28,44146.0
2019-05-29,44146.0
2019-05-30,44146.0
2019-05-31,77129.0
2019-06-03,77129.0
2019-06-04,77129.0
2019-06-05,77129.0
2019-06-06,77129.0
2019-06-10,25074.0
2019-06-11,25074.0
2019-06-12,25074.0
2019-06-13,25074.0
2019-06-14,25074.0
2019-06-17,50594.0
2019-06-18,50594.0
2019-06-19,50594.0
2019-06-20,50594.0
2019-06-21,50594.0
2019-06-24,55208.0
2019-06-25,55208.0
2019-06-26,55208.0
2019-06-27,55208.0
2019-06-28,55208.0
2019-07-01,90831.0
2019-07-02,90831.0
2019-07-03,90831.0
2019-07-04,90831.0
2019-07-05,90831.0
2019-07-08,28784.0
2019-07-09,28784.0
2019-07-10,28784.0
2019-07-11,28784.0
2019-07-12,28784.0
2019-07-15,34839.0
2019-07-16,34839.0
2019-07-17,34839.0
2019-07-18,34839.0
2019-07-19,34839.0
2019-07-22,36186.0
2019-07-23,36186.0
2019-07-24,36186.0
2019-07-25,36186.0
2019-07-26,36186.0
2019-07-29,41998.0
2019-07-30,41998.0
2019-07-31,119666.0
2019-08-01,119666.0
2019-08-02,119666.0
2019-08-05,119666.0
2019-08-06,119666.0
2019-08-07,119666.0
2019-08-08,119666.0
2019-08-09,119666.0
2019-08-12,27235.0
2019-08-13,27235.0
2019-08-14,27235.0
2019-08-15,27235.0
2019-08-16,27235.0
2019-08-19,38112.0
2019-08-20,38112.0
2019-08-21,38112.0
2019-08-22,38112.0
2019-08-23,38112.0
2019-08-26,44365.0
2019-08-27,44365.0
2019-08-28,44365.0
2019-08-29,44365.0
2019-08-30,44365.0
2019-09-02,100391.0
2019-09-03,100391.0
2019-09-04,100391.0
2019-09-05,100391.0
2019-09-06,100391.0
2019-09-09,30169.0
2019-09-10,30169.0
2019-09-11,30169.0
2019-09-12,30169.0
2019-09-16,39980.0
2019-09-17,39980.0
2019-09-18,39980.0
2019-09-19,39980.0
2019-09-20,39980.0
2019-09-23,45458.0
2019-09-24,45458.0
2019-09-25,45458.0
2019-09-26,45458.0
2019-09-27,45458.0
2019-09-30,94281.0
2019-10-08,94281.0
2019-10-09,94281.0
2019-10-10,94281.0
2019-10-11,94281.0
2019-10-14,32113.0
2019-10-15,32113.0
2019-10-16,32113.0
2019-10-17,32113.0
2019-10-18,32113.0
2019-10-21,47673.0
2019-10-22,47673.0
2019-10-23,47673.0
2019-10-24,47673.0
2019-10-25,47673.0
2019-10-28,51357.0
2019-10-29,51357.0
2019-10-30,51357.0
2019-10-31,136475.0
2019-11-01,136475.0
2019-11-04,136475.0
2019-11-05,136475.0
2019-11-06,136475.0
2019-11-07,136475.0
2019-11-08,136475.0
2019-11-11,21695.0
2019-11-12,21695.0
2019-11-13,21695.0
2019-11-14,21695.0
2019-11-15,21695.0
2019-11-18,48783.0
2019-11-19,48783.0
2019-11-20,48783.0
2019-11-21,48783.0
2019-11-22,48783.0
2019-11-25,49058.0
2019-11-26,49058.0
2019-11-27,49058.0
2019-11-28,49058.0
2019-11-29,49058.0
2019-12-02,125539.0
2019-12-03,125539.0
2019-12-04,125539.0
2019-12-05,125539.0
2019-12-06,125539.0
2019-12-09,30200.0
2019-12-10,30200.0
2019-12-11,30200.0
2019-12-12,30200.0
2019-12-13,30200.0
2019-12-16,49484.0
2019-12-17,49484.0
2019-12-18,49484.0
2019-12-19,49484.0
2019-12-20,49484.0
2019-12-23,55974.0
2019-12-24,55974.0
2019-12-25,55974.0
2019-12-26,55974.0
2019-12-27,55974.0
2019-12-30,55974.0
2019-12-31,111421.0
2020-01-02,111421.0
2020-01-03,111421.0
2020-01-06,111421.0
2020-01-07,111421.0
2020-01-08,111421.0
2020-01-09,111421.0
2020-01-10,111421.0
2020-01-13,49227.0
2020-01-14,49227.0
2020-01-15,49227.0
2020-01-16,49227.0
2020-01-17,49227.0
2020-01-20,86372.0
2020-01-21,86372.0
2020-01-22,86372.0
2020-01-23,86372.0
2020-02-03,38611.0
2020-02-04,38611.0
2020-02-05,38611.0
2020-02-06,38611.0
2020-02-07,38611.0
2020-02-10,811.0
2020-02-11,811.0
2020-02-12,811.0
2020-02-13,811.0
2020-02-14,811.0
2020-02-17,4098.0
2020-02-18,4098.0
2020-02-19,4098.0
2020-02-20,4098.0
2020-02-21,4098.0
2020-02-24,5411.0
2020-02-25,5411.0
2020-02-26,5411.0
2020-02-27,5411.0
2020-02-28,5411.0
2020-03-02,16500.0
2020-03-03,16500.0
2020-03-04,16500.0
2020-03-05,16500.0
2020-03-06,16500.0
2020-03-09,16325.0
2020-03-10,16325.0
2020-03-11,16325.0
2020-03-12,16325.0
2020-03-13,16325.0
2020-03-16,21696.0
2020-03-17,21696.0
2020-03-18,21696.0
2020-03-19,21696.0
2020-03-20,21696.0
2020-03-23,25842.0
2020-03-24,25842.0
2020-03-25,25842.0
2020-03-26,25842.0
2020-03-27,25842.0
2020-03-30,25842.0
2020-03-31,53897.0
2020-04-01,53897.0
2020-04-02,53897.0
2020-04-03,53897.0
2020-04-07,21976.0
2020-04-08,21976.0
2020-04-09,21976.0
2020-04-10,21976.0
2020-04-13,33438.0
2020-04-14,33438.0
2020-04-15,33438.0
2020-04-16,33438.0
2020-04-17,33438.0
2020-04-20,36964.0
2020-04-21,36964.0
2020-04-22,36964.0
2020-04-23,36964.0
2020-04-24,36964.0
2020-04-27,48794.0
2020-04-28,48794.0
2020-04-29,48794.0
2020-04-30,48794.0
2020-05-06,48794.0
2020-05-07,48794.0
2020-05-08,48794.0
2020-05-11,32006.0
2020-05-12,32006.0
2020-05-13,32006.0
2020-05-14,32006.0
2020-05-15,32006.0
2020-05-18,39118.0
2020-05-19,39118.0
2020-05-20,39118.0
2020-05-21,39118.0
2020-05-22,39118.0
2020-05-25,41267.0
2020-05-26,41267.0
2020-05-27,41267.0
2020-05-28,41267.0
2020-05-29,41267.0
2020-06-01,100140.0
2020-06-02,100140.0
2020-06-03,100140.0
2020-06-04,100140.0
2020-06-05,100140.0
2020-06-08,25725.0
2020-06-09,25725.0
2020-06-10,25725.0
2020-06-11,25725.0
2020-06-12,25725.0
2020-06-15,36600.0
2020-06-16,36600.0
2020-06-17,36600.0
2020-06-18,36600.0
2020-06-19,36600.0
2020-06-22,43899.0
2020-06-23,43899.0
2020-06-24,43899.0
2020-06-29,51627.0
2020-06-30,152553.0
2020-07-01,152553.0
2020-07-02,152553.0
2020-07-03,152553.0
2020-07-06,24884.0
2020-07-07,24884.0
2020-07-08,24884.0
2020-07-09,24884.0
2020-07-10,24884.0
2020-07-13,31347.0
2020-07-14,31347.0
2020-07-15,31347.0
2020-07-16,31347.0
2020-07-17,31347.0
2020-07-20,38390.0
2020-07-21,38390.0
2020-07-22,38390.0
2020-07-23,38390.0
2020-07-24,38390.0
2020-07-27,48486.0
2020-07-28,48486.0
2020-07-29,48486.0
2020-07-30,48486.0
2020-07-31,94598.0
2020-08-03,94598.0
2020-08-04,94598.0
2020-08-05,94598.0
2020-08-06,94598.0
2020-08-07,94598.0
2020-08-10,29815.0
2020-08-11,29815.0
2020-08-12,29815.0
2020-08-13,29815.0
2020-08-14,29815.0
2020-08-17,39095.0
2020-08-18,39095.0
2020-08-19,39095.0
2020-08-20,39095.0
2020-08-21,39095.0
2020-08-24,44849.0
2020-08-25,44849.0
2020-08-26,44849.0
2020-08-27,44849.0
2020-08-28,44849.0
2020-08-31,88529.0
2020-09-01,88529.0
2020-09-02,88529.0
2020-09-03,88529.0
2020-09-04,88529.0
2020-09-07,30333.0
2020-09-08,30333.0
2020-09-09,30333.0
2020-09-10,30333.0
2020-09-11,30333.0
2020-09-14,42500.0
2020-09-15,42500.0
2020-09-16,42500.0
2020-09-17,42500.0
2020-09-18,42500.0
2020-09-21,46582.0
2020-09-22,46582.0
2020-09-23,46582.0
2020-09-24,46582.0
2020-09-25,46582.0
2020-09-28,66694.0
2020-09-29,66694.0
2020-09-30,136287.0
2020-10-09,24760.0
2020-10-12,63535.0
2020-10-13,63535.0
2020-10-14,63535.0
2020-10-15,63535.0
2020-10-16,63535.0
2020-10-19,53138.0
2020-10-20,53138.0
2020-10-21,53138.0
2020-10-22,53138.0
2020-10-23,53138.0
2020-10-26,53412.0
2020-10-27,53412.0
2020-10-28,53412.0
2020-10-29,53412.0
2020-10-30,53412.0
2020-11-02,106828.0
2020-11-03,106828.0
2020-11-04,106828.0
2020-11-05,106828.0
2020-11-06,106828.0
2020-11-09,35094.0
2020-11-10,35094.0
2020-11-11,35094.0
2020-11-12,35094.0
2020-11-13,35094.0
2020-11-16,49854.0
2020-11-17,49854.0
2020-11-18,49854.0
2020-11-19,49854.0
2020-11-20,49854.0
2020-11-23,52501.0
2020-11-24,52501.0
2020-11-25,52501.0
2020-11-26,52501.0
2020-11-27,52501.0
2020-11-30,107107.0
2020-12-01,107107.0
2020-12-02,107107.0
2020-12-03,107107.0
2020-12-04,107107.0
2020-12-07,38366.0
2020-12-08,38366.0
2020-12-09,38366.0
2020-12-10,38366.0
2020-12-11,38366.0
2020-12-14,53414.0
2020-12-15,53414.0
2020-12-16,53414.0
2020-12-17,53414.0
2020-12-18,53414.0
2020-12-21,68522.0
2020-12-22,68522.0
2020-12-23,68522.0
2020-12-24,68522.0
2020-12-25,68522.0
2020-12-28,77421.0
2020-12-29,77421.0
2020-12-30,77421.0
2020-12-31,122080.0
2021-01-04,122080.0
2021-01-05,122080.0
2021-01-06,122080.0
2021-01-07,122080.0
2021-01-08,122080.0
2021-01-11,47157.0
2021-01-12,47157.0
2021-01-13,47157.0
2021-01-14,47157.0
2021-01-15,47157.0
2021-01-18,57954.0
2021-01-19,57954.0
2021-01-20,57954.0
2021-01-21,57954.0
2021-01-22,57954.0
2021-01-25,62744.0
2021-01-26,62744.0
2021-01-27,62744.0
2021-01-28,62744.0
2021-01-29,62744.0
2021-02-01,105234.0
2021-02-02,105234.0
2021-02-03,105234.0
2021-02-04,105234.0
2021-02-05,105234.0
2021-02-08,54344.0
2021-02-09,54344.0
2021-02-10,54344.0
2021-02-18,19479.0
2021-02-19,19479.0
2021-02-22,29674.0
2021-02-23,29674.0
2021-02-24,29674.0
2021-02-25,29674.0
2021-02-26,29674.0
2021-03-01,67321.0
2021-03-02,67321.0
2021-03-03,67321.0
2021-03-04,67321.0
2021-03-05,67321.0
2021-03-08,35082.0
2021-03-09,35082.0
2021-03-10,35082.0
2021-03-11,35082.0
2021-03-12,35082.0
2021-03-15,39829.0
2021-03-16,39829.0
2021-03-17,39829.0
2021-03-18,39829.0
2021-03-19,39829.0
2021-03-22,45772.0
2021-03-23,45772.0
2021-03-24,45772.0
2021-03-25,45772.0
2021-03-26,45772.0
2021-03-29,52326.0
2021-03-30,52326.0
2021-03-31,74889.0
2021-04-01,74889.0
2021-04-02,74889.0
2021-04-06,74889.0
2021-04-07,74889.0
2021-04-08,74889.0
2021-04-09,74889.0
2021-04-12,30459.0
2021-04-13,30459.0
2021-04-14,30459.0
2021-04-15,30459.0
2021-04-16,30459.0
2021-04-19,42083.0
2021-04-20,42083.0
2021-04-21,42083.0
2021-04-22,42083.0
2021-04-23,42083.0
2021-04-26,55737.0
2021-04-27,55737.0
2021-04-28,55737.0
2021-04-29,55737.0
2021-04-30,39961.0
2021-05-06,39961.0
2021-05-07,39961.0
2021-05-10,34266.0
2021-05-11,34266.0
2021-05-12,34266.0
2021-05-13,34266.0
2021-05-14,34266.0
2021-05-17,38151.0
2021-05-18,38151.0
2021-05-19,38151.0
2021-05-20,38151.0
2021-05-21,38151.0
2021-05-24,42013.0
2021-05-25,42013.0
2021-05-26,42013.0
2021-05-27,42013.0
2021-05-28,42013.0
2021-05-31,85619.0
2021-06-01,85619.0
2021-06-02,85619.0
2021-06-03,85619.0
2021-06-04,85619.0
2021-06-07,25365.0
2021-06-08,25365.0
2021-06-09,25365.0
2021-06-10,25365.0
2021-06-11,25365.0
2021-06-15,35058.0
2021-06-16,35058.0
2021-06-17,35058.0
2021-06-18,35058.0
2021-06-21,41899.0
2021-06-22,41899.0
2021-06-23,41899.0
2021-06-24,41899.0
2021-06-25,41899.0
2021-06-28,49038.0
2021-06-29,49038.0
2021-06-30,74584.0
2021-07-01,74584.0
2021-07-02,74584.0
2021-07-05,74584.0
2021-07-06,74584.0
2021-07-07,74584.0
2021-07-08,74584.0
2021-07-09,74584.0
2021-07-12,30752.0
2021-07-13,30752.0
2021-07-14,30752.0
2021-07-15,30752.0
2021-07-16,30752.0
2021-07-19,37144.0
2021-07-20,37144.0
2021-07-21,37144.0
2021-07-22,37144.0
2021-07-23,37144.0
2021-07-26,47074.0
2021-07-27,47074.0
2021-07-28,47074.0
2021-07-29,47074.0
2021-07-30,47074.0
2021-08-02,89810.0
2021-08-03,89810.0
2021-08-04,89810.0
2021-08-05,89810.0
2021-08-06,89810.0
2021-08-09,30819.0
2021-08-10,30819.0
2021-08-11,30819.0
2021-08-12,30819.0
2021-08-13,30819.0
2021-08-16,36158.0
2021-08-17,36158.0
2021-08-18,36158.0
2021-08-19,36158.0
2021-08-20,36158.0
2021-08-23,37574.0
2021-08-24,37574.0
2021-08-25,37574.0
2021-08-26,37574.0
2021-08-27,37574.0
2021-08-30,37574.0
2021-08-31,78897.0
2021-09-01,78897.0
2021-09-02,78897.0
2021-09-03,78897.0
2021-09-06,29491.0
2021-09-07,29491.0
2021-09-08,29491.0
2021-09-09,29491.0
2021-09-10,29491.0
2021-09-13,35961.0
2021-09-14,35961.0
2021-09-15,35961.0
2021-09-16,35961.0
2021-09-17,35961.0
2021-09-22,42708.0
2021-09-23,42708.0
2021-09-24,42708.0
2021-09-27,61284.0
2021-09-28,61284.0
2021-09-29,61284.0
2021-09-30,112686.0
2021-10-08,112686.0
2021-10-11,35347.0
2021-10-12,35347.0
2021-10-13,35347.0
2021-10-14,35347.0
2021-10-15,35347.0
2021-10-18,45654.0
2021-10-19,45654.0
2021-10-20,45654.0
2021-10-21,45654.0
2021-10-22,45654.0
2021-10-25,52419.0
2021-10-26,52419.0
2021-10-27,52419.0
2021-10-28,52419.0
2021-10-29,52419.0
2021-11-01,94395.0
2021-11-02,94395.0
2021-11-03,94395.0
2021-11-04,94395.0
2021-11-05,94395.0
2021-11-08,32707.0
2021-11-09,32707.0
2021-11-10,32707.0
2021-11-11,32707.0
2021-11-12,32707.0
2021-11-15,46288.0
2021-11-16,46288.0
2021-11-17,46288.0
2021-11-18,46288.0
2021-11-19,46288.0
2021-11-22,49224.0
2021-11-23,49224.0
2021-11-24,49224.0
2021-11-25,49224.0
2021-11-26,49224.0
2021-11-29,49224.0
2021-11-30,99152.0
2021-12-01,99152.0
2021-12-02,99152.0
2021-12-03,99152.0
2021-12-06,39643.0
2021-12-07,39643.0
2021-12-08,39643.0
2021-12-09,39643.0
2021-12-10,39643.0
2021-12-13,51801.0
2021-12-14,51801.0
2021-12-15,51801.0
2021-12-16,51801.0
2021-12-17,51801.0
2021-12-20,66855.0
2021-12-21,66855.0
2021-12-22,66855.0
2021-12-23,66855.0
2021-12-24,66855.0
2021-12-27,82196.0
2021-12-28,82196.0
2021-12-29,82196.0
2021-12-30,82196.0
2021-12-31,109162.0
2022-01-04,109162.0
2022-01-05,109162.0
2022-01-06,109162.0
2022-01-07,109162.0
2022-01-10,57835.0
2022-01-11,57835.0
2022-01-12,57835.0
2022-01-13,57835.0
2022-01-14,57835.0
2022-01-17,62638.0
2022-01-18,62638.0
2022-01-19,62638.0
2022-01-20,62638.0
2022-01-21,62638.0
2022-01-24,85741.0
2022-01-25,85741.0
2022-01-26,85741.0
2022-01-27,85741.0
2022-01-28,85741.0
2022-02-07,26097.0
2022-02-08,26097.0
2022-02-09,26097.0
2022-02-10,26097.0
2022-02-11,26097.0
2022-02-14,26097.0
2022-02-15,26097.0
2022-02-16,26097.0
2022-02-17,26097.0
2022-02-18,26097.0
2022-02-21,46965.0
2022-02-22,46965.0
2022-02-23,46965.0
2022-02-24,46965.0
2022-02-25,46965.0
2022-02-28,80477.0
2022-03-01,80477.0
2022-03-02,80477.0
2022-03-03,80477.0
2022-03-04,80477.0
2022-03-07,37125.0
2022-03-08,37125.0
2022-03-09,37125.0
2022-03-10,37125.0
2022-03-11,37125.0
2022-03-14,45745.0
2022-03-15,45745.0
2022-03-16,45745.0
2022-03-17,45745.0
2022-03-18,45745.0
2022-03-21,35041.0
2022-03-22,35041.0
2022-03-23,35041.0
2022-03-24,35041.0
2022-03-25,35041.0
2022-03-28,39146.0
2022-03-29,39146.0
2022-03-30,39146.0
2022-03-31,109566.0
2022-04-01,109566.0
2022-04-06,109566.0
2022-04-07,109566.0
2022-04-08,109566.0
2022-04-11,24588.0
2022-04-12,24588.0
2022-04-13,24588.0
2022-04-14,24588.0
2022-04-15,24588.0
2022-04-18,26709.0
2022-04-19,26709.0
2022-04-20,26709.0
2022-04-21,26709.0
2022-04-22,26709.0
2022-04-25,29553.0
2022-04-26,29553.0
2022-04-27,29553.0
2022-04-28,29553.0
2022-04-29,29553.0
2022-05-05,63096.0
2022-05-06,63096.0
2022-05-09,31759.0
2022-05-10,31759.0
2022-05-11,31759.0
2022-05-12,31759.0
2022-05-13,31759.0
2022-05-16,32811.0
2022-05-17,32811.0
2022-05-18,32811.0
2022-05-19,32811.0
2022-05-20,32811.0
2022-05-23,42342.0
2022-05-24,42342.0
2022-05-25,42342.0
2022-05-26,42342.0
2022-05-27,42342.0
2022-05-30,42342.0
2022-05-31,63743.0
2022-06-01,63743.0
2022-06-02,63743.0
2022-06-06,33611.0
2022-06-07,33611.0
2022-06-08,33611.0
2022-06-09,33611.0
2022-06-10,33611.0
2022-06-13,49822.0
2022-06-14,49822.0
2022-06-15,49822.0
2022-06-16,49822.0
2022-06-17,49822.0
2022-06-20,59372.0
2022-06-21,59372.0
2022-06-22,59372.0
2022-06-23,59372.0
2022-06-24,59372.0
2022-06-27,69594.0
2022-06-28,69594.0
2022-06-29,69594.0
2022-06-30,126187.0
2022-07-01,126187.0
2022-07-04,126187.0
2022-07-05,126187.0
2022-07-06,126187.0
2022-07-07,126187.0
2022-07-08,126187.0
2022-07-11,39589.0
2022-07-12,39589.0
2022-07-13,39589.0
2022-07-14,39589.0
2022-07-15,39589.0
2022-07-18,47909.0
2022-07-19,47909.0
2022-07-20,47909.0
2022-07-21,47909.0
2022-07-22,47909.0
2022-07-25,60653.0
2022-07-26,60653.0
2022-07-27,60653.0
2022-07-28,60653.0
2022-07-29,60653.0
2022-08-01,87501.0
2022-08-02,87501.0
2022-08-03,87501.0
2022-08-04,87501.0
2022-08-05,87501.0
2022-08-08,40645.0
2022-08-09,40645.0
2022-08-10,40645.0
2022-08-11,40645.0
2022-08-12,40645.0
2022-08-15,47268.0
2022-08-16,47268.0
2022-08-17,47268.0
2022-08-18,47268.0
2022-08-19,47268.0
2022-08-22,58416.0
2022-08-23,58416.0
2022-08-24,58416.0
2022-08-25,58416.0
2022-08-26,58416.0
2022-08-29,65135.0
2022-08-30,65135.0
2022-08-31,85471.0
2022-09-01,85471.0
2022-09-02,85471.0
2022-09-05,85471.0
2022-09-06,85471.0
2022-09-07,85471.0
2022-09-08,85471.0
2022-09-09,85471.0
2022-09-13,38538.0
2022-09-14,38538.0
2022-09-15,38538.0
2022-09-16,38538.0
2022-09-19,55188.0
2022-09-20,55188.0
2022-09-21,55188.0
2022-09-22,55188.0
2022-09-23,55188.0
2022-09-26,66432.0
2022-09-27,66432.0
2022-09-28,66432.0
2022-09-29,66432.0
2022-09-30,129811.0
2022-10-10,30907.0
2022-10-11,30907.0
2022-10-12,30907.0
2022-10-13,30907.0
2022-10-14,30907.0
2022-10-17,52993.0
2022-10-18,52993.0
2022-10-19,52993.0
2022-10-20,52993.0
2022-10-21,52993.0
2022-10-24,52885.0
2022-10-25,52885.0
2022-10-26,52885.0
2022-10-27,52885.0
2022-10-28,52885.0
2022-10-31,105169.0
2022-11-01,105169.0
2022-11-02,105169.0
2022-11-03,105169.0
2022-11-04,105169.0
2022-11-07,35590.0
2022-11-08,35590.0
2022-11-09,35590.0
2022-11-10,35590.0
2022-11-11,35590.0
2022-11-14,39652.0
2022-11-15,39652.0
2022-11-16,39652.0
2022-11-17,39652.0
2022-11-18,39652.0
2022-11-21,52485.0
2022-11-22,52485.0
2022-11-23,52485.0
2022-11-24,52485.0
2022-11-25,52485.0
2022-11-28,52877.0
2022-11-29,52877.0
2022-11-30,156966.0
2022-12-01,156966.0
2022-12-02,156966.0
2022-12-05,30237.0
2022-12-06,30237.0
2022-12-07,30237.0
2022-12-08,30237.0
2022-12-09,30237.0
2022-12-12,53886.0
2022-12-13,53886.0
2022-12-14,53886.0
2022-12-15,53886.0
2022-12-16,53886.0
2022-12-19,77429.0
2022-12-20,77429.0
2022-12-21,77429.0
2022-12-22,77429.0
2022-12-23,77429.0
2022-12-26,90447.0
2022-12-27,90447.0
2022-12-28,90447.0
2022-12-29,90447.0
2022-12-30,90447.0
2023-01-03,124670.0
2023-01-04,124670.0
2023-01-05,124670.0
2023-01-06,124670.0
2023-01-09,44987.0
2023-01-10,44987.0
2023-01-11,44987.0
2023-01-12,44987.0
2023-01-13,44987.0
2023-01-16,51737.0
2023-01-17,51737.0
2023-01-18,51737.0
2023-01-19,51737.0
2023-01-20,51737.0
2023-01-30,22071.0
2023-01-31,67642.0
2023-02-01,67642.0
2023-02-02,67642.0
2023-02-03,67642.0
2023-02-06,36806.0
2023-02-07,36806.0
2023-02-08,36806.0
2023-02-09,36806.0
2023-02-10,36806.0
2023-02-13,40000.0
2023-02-14,40000.0
2023-02-15,40000.0
2023-02-16,40000.0
2023-02-17,40000.0
2023-02-20,37983.0
2023-02-21,37983.0
2023-02-22,37983.0
2023-02-23,37983.0
2023-02-24,37983.0
2023-02-27,37983.0
2023-02-28,70493.0
2023-03-01,70493.0
2023-03-02,70493.0
2023-03-03,70493.0
2023-03-06,31482.0
2023-03-07,31482.0
2023-03-08,31482.0
2023-03-09,31482.0
2023-03-10,31482.0
2023-03-13,36701.0
2023-03-14,36701.0
2023-03-15,36701.0
2023-03-16,36701.0
2023-03-17,36701.0
2023-03-20,40778.0
2023-03-21,40778.0
2023-03-22,40778.0
2023-03-23,40778.0
2023-03-24,40778.0
2023-03-27,45905.0
2023-03-28,45905.0
2023-03-29,45905.0
2023-03-30,45905.0
2023-03-31,114787.0
2023-04-03,114787.0
2023-04-04,114787.0
2023-04-06,114787.0
2023-04-07,114787.0
2023-04-10,36474.0
2023-04-11,36474.0
2023-04-12,36474.0
2023-04-13,36474.0
2023-04-14,36474.0
2023-04-17,47904.0
2023-04-18,47904.0
2023-04-19,47904.0
2023-04-20,47904.0
2023-04-21,47904.0
2023-04-24,56634.0
2023-04-25,56634.0
2023-04-26,56634.0
2023-04-27,56634.0
2023-04-28,56634.0
2023-05-04,80653.0
2023-05-05,80653.0
2023-05-08,53509.0
2023-05-09,53509.0
2023-05-10,53509.0
2023-05-11,53509.0
2023-05-12,53509.0
2023-05-15,47348.0
2023-05-16,47348.0
2023-05-17,47348.0
2023-05-18,47348.0
2023-05-19,47348.0
2023-05-22,48276.0
2023-05-23,48276.0
2023-05-24,48276.0
2023-05-25,48276.0
2023-05-26,48276.0
2023-05-29,50053.0
2023-05-30,50053.0
2023-05-31,122317.0
2023-06-01,122317.0
2023-06-02,122317.0
2023-06-05,31130.0
2023-06-06,31130.0
2023-06-07,31130.0
2023-06-08,31130.0
2023-06-09,31130.0
2023-06-12,42913.0
2023-06-13,42913.0
2023-06-14,42913.0
2023-06-15,42913.0
2023-06-16,42913.0
2023-06-19,57521.0
2023-06-20,57521.0
2023-06-21,57521.0
2023-06-26,75142.0
2023-06-27,75142.0
2023-06-28,75142.0
2023-06-29,75142.0
2023-06-30,108454.0
2023-07-03,108454.0
2023-07-04,108454.0
2023-07-05,108454.0
2023-07-06,108454.0
2023-07-07,108454.0
2023-07-10,36825.0
2023-07-11,36825.0
2023-07-12,36825.0
2023-07-13,36825.0
2023-07-14,36825.0
2023-07-17,50604.0
2023-07-18,50604.0
2023-07-19,50604.0
2023-07-20,50604.0
2023-07-21,50604.0
2023-07-24,62326.0
2023-07-25,62326.0
2023-07-26,62326.0
2023-07-27,62326.0
2023-07-28,62326.0
2023-07-31,76532.0
2023-08-01,76532.0
2023-08-02,76532.0
2023-08-03,76532.0
2023-08-04,76532.0
2023-08-07,40150.0
2023-08-08,40150.0
2023-08-09,40150.0
2023-08-10,40150.0
2023-08-11,40150.0
2023-08-14,48044.0
2023-08-15,48044.0
2023-08-16,48044.0
2023-08-17,48044.0
2023-08-18,48044.0
2023-08-21,51869.0
2023-08-22,51869.0
2023-08-23,51869.0
2023-08-24,51869.0
2023-08-25,51869.0
2023-08-28,58369.0
2023-08-29,58369.0
2023-08-30,58369.0
2023-08-31,136568.0
2023-09-01,136568.0
2023-09-04,136568.0
2023-09-05,136568.0
2023-09-06,136568.0
2023-09-07,136568.0
2023-09-08,136568.0
2023-09-11,43885.0
2023-09-12,43885.0
2023-09-13,43885.0
2023-09-14,43885.0
2023-09-15,43885.0
2023-09-18,52228.0
2023-09-19,52228.0
2023-09-20,52228.0
2023-09-21,52228.0
2023-09-22,52228.0
2023-09-25,64492.0
2023-09-26,64492.0
2023-09-27,64492.0
2023-09-28,64492.0
2023-10-09,52186.0
2023-10-10,52186.0
2023-10-11,52186.0
2023-10-12,52186.0
2023-10-13,52186.0
2023-10-16,53648.0
2023-10-17,53648.0
2023-10-18,53648.0
2023-10-19,53648.0
2023-10-20,53648.0
2023-10-23,59600.0
2023-10-24,59600.0
2023-10-25,59600.0
2023-10-26,59600.0
2023-10-27,59600.0
2023-10-30,59600.0
2023-10-31,90343.0
2023-11-01,90343.0
2023-11-02,90343.0
2023-11-03,90343.0
2023-11-06,37875.0
2023-11-07,37875.0
2023-11-08,37875.0
2023-11-09,37875.0
2023-11-10,37875.0
2023-11-13,49845.0
2023-11-14,49845.0
2023-11-15,49845.0
2023-11-16,49845.0
2023-11-17,49845.0
2023-11-20,62291.0
2023-11-21,62291.0
2023-11-22,62291.0
2023-11-23,62291.0
2023-11-24,62291.0
2023-11-27,59276.0
2023-11-28,59276.0
2023-11-29,59276.0
2023-11-30,168133.0
2023-12-01,168133.0
2023-12-04,168133.0
2023-12-05,168133.0
2023-12-06,168133.0
2023-12-07,168133.0
2023-12-08,168133.0
2023-12-11,47475.0
2023-12-12,47475.0
2023-12-13,47475.0
2023-12-14,47475.0
2023-12-15,47475.0
2023-12-18,66770.0
2023-12-19,66770.0
2023-12-20,66770.0
2023-12-21,66770.0
2023-12-22,66770.0
2023-12-25,83244.0
2023-12-26,83244.0
2023-12-27,83244.0
2023-12-28,83244.0
2023-12-29,83244.0
2024-01-02,119441.0
2024-01-03,119441.0
2024-01-04,119441.0
2024-01-05,119441.0
2024-01-08,54012.0
2024-01-09,54012.0
2024-01-10,54012.0
2024-01-11,54012.0
2024-01-12,54012.0
2024-01-15,58513.0
2024-01-16,58513.0
2024-01-17,58513.0
2024-01-18,58513.0
2024-01-19,58513.0
2024-01-22,62827.0
2024-01-23,62827.0
2024-01-24,62827.0
2024-01-25,62827.0
2024-01-26,62827.0
2024-01-29,68599.0
2024-01-30,68599.0
2024-01-31,110803.0
2024-02-01,110803.0
2024-02-02,110803.0
2024-02-05,54289.0
2024-02-06,54289.0
2024-02-07,54289.0
2024-02-08,54289.0
2024-02-19,26323.0
2024-02-20,26323.0
2024-02-21,26323.0
2024-02-22,26323.0
2024-02-23,26323.0
2024-02-26,38862.0
2024-02-27,38862.0
2024-02-28,38862.0
2024-02-29,57845.0
2024-03-01,57845.0
2024-03-04,57845.0
2024-03-05,57845.0
2024-03-06,57845.0
2024-03-07,57845.0
2024-03-08,57845.0
2024-03-11,35490.0
2024-03-12,35490.0
2024-03-13,35490.0
2024-03-14,35490.0
2024-03-15,35490.0
2024-03-18,49045.0
2024-03-19,49045.0
2024-03-20,49045.0
2024-03-21,49045.0
2024-03-22,49045.0
2024-03-25,47128.0
2024-03-26,47128.0
2024-03-27,47128.0
2024-03-28,47128.0
2024-03-29,47128.0
2024-04-01,95829.0
2024-04-02,95829.0
2024-04-03,95829.0
2024-04-08,34273.0
2024-04-09,34273.0
2024-04-10,34273.0
2024-04-11,34273.0
2024-04-12,34273.0
2024-04-15,38825.0
2024-04-16,38825.0
2024-04-17,38825.0
2024-04-18,38825.0
2024-04-19,38825.0
2024-04-22,48033.0
2024-04-23,48033.0
2024-04-24,48033.0
2024-04-25,48033.0
2024-04-26,48033.0
2024-04-29,48033.0
2024-04-30,81568.0
2024-05-06,81568.0
2024-05-07,81568.0
2024-05-08,81568.0
2024-05-09,81568.0
2024-05-10,81568.0
2024-05-13,46584.0
2024-05-14,46584.0
2024-05-15,46584.0
2024-05-16,46584.0
2024-05-17,46584.0
2024-05-20,48658.0
2024-05-21,48658.0
2024-05-22,48658.0
2024-05-23,48658.0
2024-05-24,48658.0
2024-05-27,48340.0
2024-05-28,48340.0
2024-05-29,48340.0
2024-05-30,48340.0
2024-05-31,95507.0
2024-06-03,95507.0
2024-06-04,95507.0
2024-06-05,95507.0
2024-06-06,95507.0
2024-06-07,95507.0
2024-06-11,36010.0
2024-06-12,36010.0
2024-06-13,36010.0
2024-06-14,36010.0
2024-06-17,45707.0
2024-06-18,45707.0
2024-06-19,45707.0
2024-06-20,45707.0
2024-06-21,45707.0
2024-06-24,64632.0
2024-06-25,64632.0
2024-06-26,64632.0
2024-06-27,64632.0
2024-06-28,64632.0
